date,Price,open_usd,high_usd,low_usd,Vol.,change_pct,price_usd,volume,price_inr_per_g,open_inr_per_g,high_inr_per_g,low_inr_per_g,price_inr_per_g_lag_1,volume_lag_1,price_inr_per_g_lag_2,volume_lag_2,price_inr_per_g_lag_3,volume_lag_3,ma_3,ma_7,ma_14,std_7,return_pct,day_of_week,month
2013-01-10,,21.7,21.97,20.63,,0.0,21.175,50838.0,56.84609449097368,58.25550179240278,58.98033983313775,55.38299548282348,56.84609449097368,50838.0,56.84609449097368,50838.0,56.84609449097368,50838.0,56.84609449097368,56.84609449097368,56.84609449097368,0.0,0.0,3.0,1.0
2013-01-11,,21.895,21.995,21.705,,0.0,21.837,34530.0,58.623289983442376,58.7789959329336,59.047454466539136,58.26892471908305,56.84609449097368,50838.0,56.84609449097368,50838.0,56.84609449097368,50838.0,57.73469223720802,57.73469223720802,57.73469223720802,1.2566669842187856,3.1263282172373286,4.0,1.0
2013-02-09,,23.513,23.513,23.513,,0.0,23.513,53604.0,63.12265500667128,63.12265500667128,63.12265500667128,63.12265500667128,58.623289983442376,34530.0,56.84609449097368,50838.0,56.84609449097368,50838.0,59.53067982702911,59.53067982702911,59.53067982702911,3.235169272694525,7.675046938682062,5.0,2.0
2013-02-10,,21.897,21.897,21.897,,0.0,21.897,53604.0,58.784365103605694,58.784365103605694,58.784365103605694,58.784365103605694,63.12265500667128,53604.0,58.623289983442376,34530.0,56.84609449097368,50838.0,60.17677003123978,59.34410114617326,59.34410114617326,2.6677318515780764,-6.872793773657149,6.0,2.0
2013-02-12,,19.99,20.01,19.115,,0.0,19.289,45489.0,51.78296654717315,53.664860867748,53.71855257446912,51.315848698699504,58.784365103605694,53604.0,63.12265500667128,53604.0,58.623289983442376,34530.0,57.896662219150045,57.83187422637324,57.83187422637324,4.095332246446244,-11.910307348038518,1.0,2.0
2013-03-09,,24.365,24.429,24.429,,0.0,24.429,53604.0,65.58173517449804,65.4099217129905,65.58173517449804,65.58173517449804,51.78296654717315,45489.0,58.784365103605694,53604.0,63.12265500667128,53604.0,58.71635560842562,59.12351771772737,59.12351771772737,4.8401915684785575,26.647311939447317,5.0,3.0
2013-03-10,,21.786,21.786,21.786,,0.0,21.786,53604.0,58.48637613130355,58.48637613130355,58.48637613130355,58.48637613130355,65.58173517449804,53604.0,51.78296654717315,45489.0,58.784365103605694,53604.0,58.617025950991575,59.0324974910954,59.0324974910954,4.425027847886239,-10.81910843669408,6.0,3.0
2013-03-12,,19.17,19.335,18.975,,0.0,19.065,34973.0,51.181619431896735,51.46350089218256,51.9064574726317,50.940006751651744,58.48637613130355,53604.0,65.58173517449804,53604.0,51.78296654717315,45489.0,58.41657691256611,58.22328676837012,58.05113773369556,5.319107114802618,-12.489672266593221,1.0,3.0
2013-04-09,,24.325,24.43,23.375,,0.0,23.415,44700.0,62.85956564373784,65.30253829954829,65.5844197598341,62.75218223029562,51.181619431896735,34973.0,58.48637613130355,53604.0,65.58173517449804,53604.0,57.50918706897937,58.82846900555518,58.585407501478045,5.605484865277721,22.816679779701012,1.0,4.0
2013-04-10,,21.735,21.93,21.5,,0.0,21.752,21638.0,58.39510022987766,58.34946227916472,58.872956419695534,57.7185847251917,62.85956564373784,44700.0,51.181619431896735,34973.0,58.48637613130355,53604.0,57.47876176850408,58.153104037441814,58.566376774317995,5.277052738849798,-7.102284860132391,2.0,4.0
2013-04-11,,21.87,21.935,21.61,,0.0,21.7,20734.0,58.25550179240278,58.71188129953221,58.88637934637581,58.01388911215779,58.39510022987766,21638.0,62.85956564373784,44700.0,51.181619431896735,34973.0,59.83672255533943,58.077552135841394,58.53811541232571,5.27029018475788,-0.23905847738138197,3.0,4.0
2013-04-12,,19.1,19.89,18.89,,0.0,19.83,52965.0,53.235327213979126,51.27557991865868,53.39640233414246,50.71181699808703,58.25550179240278,20734.0,58.39510022987766,21638.0,62.85956564373784,44700.0,56.62864307875319,58.285032231099386,58.09621639579683,5.002994941710212,-8.617511520737342,4.0,4.0
2013-05-09,,23.51,23.68,23.04,,0.0,23.255,40242.0,62.430031989968974,63.11460125066311,63.57098075779253,61.852846142717055,53.235327213979126,52965.0,58.25550179240278,20734.0,58.39510022987766,21638.0,57.97362033211696,57.834788919023815,58.42958682611776,4.333971738813655,17.27181038830057,3.0,5.0
2013-05-11,,21.645,21.79,21.56,,0.0,21.636,23739.0,58.08368833089524,58.107849598919735,58.497114472647766,57.87965984535502,62.430031989968974,40242.0,53.235327213979126,52965.0,58.25550179240278,20734.0,57.91634917828111,57.777262090394046,58.40487979074472,4.326547620350256,-6.96194366802837,5.0,5.0
2013-05-12,,19.675,19.72,19.215,,0.0,19.57,42230.0,52.53733502660472,52.81921648689054,52.94002282701303,51.58430723230505,58.08368833089524,23739.0,62.430031989968974,40242.0,53.235327213979126,52965.0,57.68368511582298,57.97093574678091,58.09711125757552,4.000121936181974,-9.548899981512305,6.0,5.0
2013-06-09,,23.875,23.99,23.075,,0.0,23.891,38530.0,64.13742826370022,64.09447489832334,64.40320221196971,61.946806629479,52.53733502660472,42230.0,58.08368833089524,23739.0,62.430031989968974,40242.0,58.25281720706673,58.15348754963268,58.490978277593925,4.279787856749346,22.07971384772609,6.0,6.0
2013-06-11,,21.685,22.075,21.62,,0.0,21.768,30548.0,58.43805359525456,58.21523301236195,59.26222129342357,58.04073496551835,64.13742826370022,38530.0,52.53733502660472,42230.0,58.08368833089524,23739.0,58.37093896185316,58.15962374468652,58.15636389106417,4.280222777876413,-8.886191452848324,1.0,6.0
2013-06-12,,19.4,19.785,19.165,,0.0,19.523,38739.0,52.41115951581011,52.080955519475296,53.11452087385664,51.450077965502274,58.43805359525456,30548.0,64.13742826370022,38530.0,52.53733502660472,42230.0,58.32888045825496,57.32471770517328,57.70113492050734,4.797186916941366,-10.313303932377815,2.0,6.0
2013-07-10,,22.386,22.386,22.386,,0.0,22.386,53604.0,60.09712733293681,60.09712733293681,60.09712733293681,60.09712733293681,52.41115951581011,38739.0,58.43805359525456,30548.0,64.13742826370022,38530.0,56.98211348133382,58.30497486502437,58.29500354806189,4.515064151537824,14.664754392255297,2.0,7.0
2013-07-11,,21.815,22.015,21.375,,0.0,21.657,53038.0,58.1400646229524,58.56422910604916,59.10114617326025,57.38301155818477,60.09712733293681,53604.0,52.41115951581011,38739.0,58.43805359525456,30548.0,56.88278382389978,57.69212238402201,57.76345565152291,4.137165046151785,-3.256499597963014,3.0,7.0
2013-08-10,,22.385,22.525,22.11,,0.0,22.443,30192.0,60.25014869709197,60.09444274760075,60.470284694648505,59.35618178018551,58.1400646229524,53038.0,60.09712733293681,53604.0,52.41115951581011,38739.0,59.49578021766039,58.001616722050116,57.88943940622209,4.2508131619198855,3.6293115389943287,5.0,8.0
2013-08-11,,21.66,21.905,21.25,,0.0,21.317,48832.0,57.22730560869356,58.14811837896056,58.80584178629415,57.04743839117784,60.25014869709197,30192.0,58.1400646229524,53038.0,60.09712733293681,53604.0,58.53917297624597,58.671612519491376,58.321274133136136,3.5593866020770415,-5.017154569353465,6.0,8.0
2013-09-09,,23.835,24.25,23.44,,0.0,23.717,25161.0,63.670310415226574,63.98709148488113,65.10119439934412,62.926680277139226,57.22730560869356,48832.0,60.25014869709197,30192.0,58.1400646229524,53038.0,60.38258824033738,58.60488139828085,58.37918447395676,3.4422876478608777,11.258619880846243,0.0,9.0
2013-09-10,,22.315,22.41,21.75,,0.0,21.891,37395.0,58.76825759158936,59.90652177407687,60.16155738100213,58.38973105920555,63.670310415226574,25161.0,57.22730560869356,48832.0,60.25014869709197,30192.0,59.888624538503166,58.65205339775725,58.405838571221885,3.441882948465578,-7.699118775561842,1.0,9.0
2013-09-12,,19.555,19.98,19.435,,0.0,19.701,26761.0,52.88901570562798,52.49706624656389,53.63801501438745,52.17491600623724,58.76825759158936,37395.0,63.670310415226574,25161.0,57.22730560869356,48832.0,58.44252790414797,58.72031856773124,58.02251813645226,3.2992568720542965,-10.004111278607631,3.0,9.0
2013-10-09,,23.74,23.82,22.84,,0.0,23.016,39885.0,61.78841609465172,63.73205587795586,63.94682270484029,61.31592907550598,52.88901570562798,26761.0,58.76825759158936,37395.0,63.670310415226574,25161.0,57.815229797289696,58.961931247976224,58.633453056500294,3.474179967866459,16.82655702756204,2.0,10.0
2013-10-10,,21.91,22.25,21.715,,0.0,21.896,29620.0,58.781680518269646,58.81926471297442,59.73202372723327,58.295770572443615,61.78841609465172,39885.0,52.88901570562798,26761.0,58.76825759158936,37395.0,57.81970410618312,59.05359066159298,58.37285652280749,3.45730564973765,-4.8661800486617945,3.0,10.0
2013-10-12,,19.8,20.43,19.74,,0.0,20.315,46665.0,54.53735110196602,53.15478965389747,54.84607841561239,52.99371453373414,58.781680518269646,29620.0,61.78841609465172,39885.0,52.88901570562798,26761.0,58.36914923829579,58.23747671943213,58.11954672074112,3.7863823762650695,-7.2204968944099335,5.0,10.0
2013-11-09,,22.985,23.25,22.785,,0.0,23.172,30272.0,62.20721140707638,61.70519394923401,62.416609063288696,61.16827688202292,54.53735110196602,46665.0,58.781680518269646,29620.0,61.78841609465172,39885.0,58.50874767577068,58.94889183348681,58.810252176489094,4.025247747272239,14.063499876938224,5.0,11.0
2013-11-10,,21.685,21.86,20.95,,0.0,21.259,45720.0,57.07159965920234,58.21523301236195,58.68503544617165,56.24206279036122,62.20721140707638,30272.0,54.53735110196602,46665.0,58.781680518269646,29620.0,57.93872072274825,58.0062188683405,58.30555013331068,3.4695754497879934,-8.25565337476265,6.0,11.0
2013-11-11,,21.425,21.45,21.23,,0.0,21.282,26032.0,57.13334512193162,57.51724082498754,57.58435545838893,56.99374668445673,57.07159965920234,45720.0,62.20721140707638,30272.0,54.53735110196602,46665.0,58.80405206273679,57.77265994410368,58.21235667093047,3.4647529968343056,0.10818947269393142,0.0,11.0
2013-11-12,,20.385,20.48,20.21,,0.0,20.356,30905.0,54.64741910074429,54.7252720754899,54.98030768241516,54.2554696416802,57.13334512193162,26032.0,57.07159965920234,45720.0,62.20721140707638,30272.0,56.28412129395942,58.02386042912029,58.37208949842576,3.09576370409981,-4.351094821915247,1.0,11.0
2013-12-09,,23.22,23.265,21.89,,0.0,22.149,48134.0,59.46088060829168,62.33607150320703,62.45687784332953,58.76557300625332,54.64741910074429,30905.0,57.13334512193162,26032.0,57.07159965920234,45720.0,57.08054827698919,57.691355359640276,58.32664330380825,2.727078649323676,8.808213794458663,0.0,12.0
2013-12-11,,21.345,21.355,20.56,,0.0,20.778,53064.0,55.78031411255968,57.3024739981031,57.32931985146366,55.1950745092996,59.46088060829168,48134.0,54.64741910074429,30905.0,57.13334512193162,26032.0,56.62953794053188,57.26258873025314,58.15808969592306,2.7627924188145054,-6.189895706352444,2.0,12.0
2013-12-12,,20.305,20.345,19.41,,0.0,19.453,45739.0,52.22323854228623,54.51050524860546,54.61788866204768,52.10780137283585,55.78031411255968,53064.0,59.46088060829168,48134.0,54.64741910074429,30905.0,55.8214777543792,56.932001221727454,57.58473897057979,3.2404023715564247,-6.376937145057282,3.0,12.0
2014-01-01,,19.37,19.37,19.37,,0.0,19.37,53604.0,52.00041795939364,52.00041795939364,52.00041795939364,52.00041795939364,52.22323854228623,45739.0,55.78031411255968,53064.0,59.46088060829168,48134.0,53.33465687141318,55.47388787205849,57.211389852772655,2.7267579762993654,-0.42666940831747047,2.0,1.0
2014-01-04,,19.775,19.91,19.635,,0.0,19.688,30350.0,52.85411609625926,53.08767502049608,53.45009404086356,52.711833073448325,52.00041795939364,53604.0,52.22323854228623,45739.0,55.78031411255968,53064.0,52.35925753264638,54.871390220209484,56.43880454427499,2.780310283253297,1.641713990707272,5.0,1.0
2014-01-05,,18.8,19.25,18.685,,0.0,19.043,35511.0,51.12255855450351,50.47020431784204,51.67826771906699,50.16147700419567,52.85411609625926,30350.0,52.00041795939364,53604.0,52.22323854228623,45739.0,51.99236420338547,54.01270642486261,55.89268318448314,2.89127092828915,-3.276107273466067,6.0,1.0
2014-01-07,,21.07,21.275,21.05,,0.0,21.117,43454.0,56.69038854148247,56.56421303068787,57.11455302457922,56.51052132396676,51.12255855450351,35511.0,52.85411609625926,30350.0,52.00041795939364,53604.0,53.55568773074841,54.30455920211092,56.16420981561561,3.0639723811921042,10.89114110171716,1.0,1.0
2014-01-08,,20.4,20.58,20.245,,0.0,20.371,45322.0,54.68768788078512,54.76554085553072,55.2487662160207,54.34943012844214,56.69038854148247,43454.0,51.12255855450351,35511.0,52.85411609625926,30350.0,54.16687832559037,53.62267452675285,55.657014943196565,2.1068115990526,-3.5326987735000204,2.0,1.0
2014-01-09,,19.492,19.492,19.492,,0.0,19.492,53604.0,52.327937370392405,52.327937370392405,52.327937370392405,52.327937370392405,54.68768788078512,45322.0,56.69038854148247,43454.0,51.12255855450351,35511.0,54.56867126422,53.12947784930037,55.196033289776764,1.9126842249695384,-4.314957537676101,3.0,1.0
2014-01-10,,16.975,17.44,16.865,,0.0,17.259,47851.0,46.33325831498063,45.57083607954089,46.81916826080666,45.27553169257479,52.327937370392405,53604.0,54.68768788078512,45322.0,56.69038854148247,43454.0,51.11629452205272,52.28805210254244,54.61002666213495,3.2239084698707328,-11.455981941309258,4.0,1.0
2014-01-12,,14.52,16.81,14.155,,0.0,16.692,113660.0,44.8110984294372,38.98017907952482,45.12787949909174,38.000305431864575,46.33325831498063,47851.0,52.327937370392405,53604.0,54.68768788078512,45322.0,47.82409803827008,51.2610064554058,53.36744716373215,4.297283219914766,-3.285242482183215,6.0,1.0
2014-02-01,,19.44,20.44,19.43,,0.0,20.128,42268.0,54.03533364412365,52.18833893291752,54.87292426897295,52.16149307955696,44.8110984294372,113660.0,46.33325831498063,47851.0,52.327937370392405,53604.0,48.393230129513825,51.429751819386425,53.15057101979795,4.392406828269863,20.58471123891683,5.0,2.0
2014-02-04,,19.75,20.145,19.73,,0.0,20.05,44645.0,53.82593598791133,53.0205603870947,54.0809715948366,52.96686868037359,54.03533364412365,42268.0,44.8110984294372,113660.0,46.33325831498063,47851.0,50.89078935382406,51.81594859558754,52.91432751022507,4.478889774785216,-0.3875198728139795,1.0,2.0
2014-02-05,,19.045,19.7,18.905,,0.0,19.546,50155.0,52.47290497853939,51.12792772517563,52.88633112029193,50.75208577812786,53.82593598791133,44645.0,54.03533364412365,42268.0,44.8110984294372,113660.0,53.44472487019146,51.21345094373854,52.75900507292472,3.9684825951412313,-2.5137157107231967,2.0,2.0
2014-02-06,,18.795,18.87,18.65,,0.0,18.739,25945.0,50.30644461234266,50.45678139116177,50.65812529136592,50.06751651743373,52.47290497853939,50155.0,53.82593598791133,44645.0,54.03533364412365,42268.0,52.20176185959779,50.58755904824675,52.1051167874998,3.662951409819464,-4.128721989153794,3.0,2.0
2014-02-07,,21.085,21.335,20.96,,0.0,21.302,41132.0,57.18703682865272,56.6044818107287,57.27562814474256,56.26890864372177,50.30644461234266,25945.0,52.47290497853939,50155.0,53.82593598791133,44645.0,53.32212880651159,51.28171611371251,52.205596981506446,4.428214279543466,13.677357382998023,4.0,2.0
2014-02-09,,19.505,19.565,19.11,,0.0,19.152,50745.0,51.41517835613355,52.36283697976112,52.523912099924445,51.30242577201923,57.18703682865272,41132.0,50.30644461234266,25945.0,52.47290497853939,50155.0,52.96955326570964,52.00770469102007,52.14787839678125,3.862116257463224,-10.092949018871467,6.0,2.0
2014-02-10,,17.19,17.35,16.93,,0.0,17.047,39633.0,45.76412622373688,46.14802192679281,46.57755558056168,45.45002973941839,51.41517835613355,50745.0,57.18703682865272,41132.0,50.30644461234266,25945.0,51.45544713617439,52.14385151877717,51.70242898709148,3.5720449464996182,-10.991019214703412,0.0,2.0
2014-02-12,,16.495,16.535,16.07,,0.0,16.456,57938.0,44.17753629012813,44.28223511823428,44.3896185316765,43.14128635041072,45.76412622373688,39633.0,51.41517835613355,50745.0,57.18703682865272,41132.0,47.118946956666186,50.73559475392067,51.08267328665355,4.51957214937122,-3.46688566903266,2.0,2.0
2014-03-01,,20.015,20.325,19.985,,0.0,20.128,28272.0,54.03533364412365,53.73197550114939,54.56419695532657,53.65143794106773,44.17753629012813,57938.0,45.76412622373688,39633.0,51.41517835613355,50745.0,47.99233205266288,50.76550870480814,51.29072865019784,4.544062029543668,22.314049586776807,5.0,3.0
2014-03-02,,19.095,19.62,19.06,,0.0,19.409,34595.0,52.1051167874998,51.2621569919784,52.67156429340749,51.16819650521646,54.03533364412365,28272.0,44.17753629012813,57938.0,45.76412622373688,39633.0,50.1059955739172,50.71296753465963,50.96320923919908,4.523107746667487,-3.572138314785356,6.0,3.0
2014-03-03,,21.325,21.74,21.26,,0.0,21.485,44444.0,57.678315945150864,57.248782291382,58.362885205845,57.0742842445384,52.1051167874998,34595.0,54.03533364412365,28272.0,44.17753629012813,57938.0,54.60625545892477,51.76609201077508,51.176825529510914,5.217571938261297,10.696068834046034,0.0,3.0
2014-03-04,,19.995,20.08,19.66,,0.0,19.805,31857.0,53.16821258057775,53.67828379442828,53.90647354799299,52.778947706849706,57.678315945150864,44444.0,52.1051167874998,34595.0,54.03533364412365,28272.0,54.31721510440948,51.191974261050085,51.23684518738129,4.718939899058094,-7.819408889923196,1.0,3.0
2014-03-06,,18.755,18.92,18.71,,0.0,18.763,30763.0,50.370874660408,50.34939797771955,50.7923545581687,50.228591637597056,53.16821258057775,31857.0,57.678315945150864,44444.0,52.1051167874998,34595.0,53.73913439537887,51.042788018803584,51.52524635491182,4.72720762126927,-5.261297652108043,3.0,3.0
2014-03-07,,21.18,21.2,21.17,,0.0,21.137,368.0,56.74408024820357,56.85951741765396,56.91320912437507,56.83267156429341,50.370874660408,30763.0,53.16821258057775,31857.0,57.678315945150864,44444.0,53.427722496396434,52.61135287944169,52.377602199109425,4.499937852378962,12.65256089111546,4.0,3.0
2014-03-09,,19.21,19.28,19.135,,0.0,19.189,26509.0,51.51450801356761,51.57088430562477,51.75880527914865,51.369540405420615,56.74408024820357,368.0,50.370874660408,30763.0,53.16821258057775,31857.0,52.876487640726396,53.65949169707589,52.19754322549828,2.7043263357698657,-9.216066613048202,6.0,3.0
2014-03-10,,17.06,17.155,16.64,,0.0,16.826,46871.0,45.17083286446863,45.7990258331056,46.054061440030864,44.67149999196232,51.51450801356761,26509.0,56.74408024820357,368.0,50.370874660408,30763.0,51.143140375413275,52.39313444283947,51.5793215738238,4.174740158017227,-12.31434676116525,0.0,3.0
2014-03-11,,16.11,16.22,15.74,,0.0,16.201,39656.0,43.492967029433984,43.24866976385294,43.54397415081903,42.25537318951243,45.17083286446863,46871.0,51.51450801356761,26509.0,56.74408024820357,368.0,46.726102635823416,51.16282733454434,50.93789743460199,5.371299797280241,-3.714489480565797,1.0,3.0
2014-03-12,,16.465,16.595,16.29,,0.0,16.412,36127.0,44.05941453534167,44.201697558152624,44.55069365183982,43.73189512434292,43.492967029433984,39656.0,45.17083286446863,46871.0,51.51450801356761,26509.0,44.24107147641476,49.217269990285885,50.491681000530484,5.0763454206072725,1.3023887414356894,2.0,3.0
2014-04-02,,19.345,19.51,19.26,,0.0,19.422,25246.0,52.140016396868525,51.93330332599225,52.3762599064414,51.70511357242754,44.05941453534167,36127.0,43.492967029433984,39656.0,45.17083286446863,46871.0,46.564132653881394,49.07038482118457,50.131179541117326,4.95642965266697,18.34023884962226,2.0,4.0
2014-04-03,,21.45,21.54,21.04,,0.0,21.222,42433.0,56.97227000176829,57.58435545838893,57.82596813863391,56.4836754706062,52.140016396868525,25246.0,44.05941453534167,36127.0,43.492967029433984,39656.0,51.0572336446595,50.013441298521755,50.528114658662666,5.801152132121269,9.267840593141784,3.0,4.0
2014-04-04,,19.835,20.23,19.785,,0.0,19.946,38760.0,53.54673911296157,53.24875014065941,54.3091613484013,53.11452087385664,56.97227000176829,42433.0,52.140016396868525,25246.0,44.05941453534167,36127.0,54.21967517053279,49.55667827920147,51.08401557932158,5.285868927998999,-6.012628404485898,4.0,4.0
2014-04-06,,18.78,18.88,18.72,,0.0,18.792,22697.0,50.4487276351536,50.416512611120936,50.68497114472648,50.2554374909576,53.54673911296157,38760.0,56.97227000176829,42433.0,52.140016396868525,25246.0,53.65591224996115,49.40442393942804,51.53195781825196,5.235183012412892,-5.785621177178379,6.0,4.0
2014-04-07,,21.137,21.137,21.137,,0.0,21.137,53604.0,56.74408024820357,56.74408024820357,56.74408024820357,56.74408024820357,50.4487276351536,22697.0,53.54673911296157,38760.0,56.97227000176829,42433.0,53.57984899877292,51.05774499424732,51.72543971854339,5.496298979154847,12.478714346530428,0.0,4.0
2014-04-08,,20.335,20.48,20.17,,0.0,20.233,30172.0,54.31721510440947,54.59104280868713,54.98030768241516,54.14808622823799,56.74408024820357,53604.0,50.4487276351536,22697.0,53.54673911296157,38760.0,53.836674329255544,52.60406614781524,51.883446741179796,4.4331390455271915,-4.276860481619904,1.0,4.0
2014-04-09,,19.065,19.138,19.138,,0.0,19.138,53604.0,51.37759416142878,51.181619431896735,51.37759416142878,51.37759416142878,54.31721510440947,30172.0,56.74408024820357,53604.0,50.4487276351536,22697.0,54.146296504680606,53.6495203801134,51.43339518519964,2.541609440030069,-5.411950773488849,2.0,4.0
2014-04-11,,16.115,16.165,15.905,,0.0,15.953,34913.0,42.82718986609224,43.262092690533215,43.39632195733599,42.698329769961575,51.37759416142878,53604.0,54.31721510440947,30172.0,56.74408024820357,53604.0,49.507333043976836,52.31911659000251,50.694750705593535,4.851341516185503,-16.642282370153627,4.0,4.0
2014-04-12,,16.425,16.68,16.375,,0.0,16.575,31355.0,44.49700194511872,44.0943141447104,44.778883405404535,43.96008487790763,42.82718986609224,34913.0,51.37759416142878,53604.0,54.31721510440947,30172.0,46.233928657546585,50.53693543905256,50.27518836878716,5.139934180847367,3.898953174951414,5.0,4.0
2014-05-02,,19.48,20.335,19.435,,0.0,19.805,46788.0,53.16821258057775,52.29572234635973,54.59104280868713,52.17491600623724,44.49700194511872,31355.0,42.82718986609224,34913.0,51.37759416142878,53604.0,46.83080146392957,50.48286022014059,50.01976924967103,5.104863247198575,19.487179487179485,4.0,5.0
2014-05-03,,21.21,21.34,21.155,,0.0,21.271,23837.0,57.10381468323501,56.94005497773563,57.28905107142283,56.79240278425258,53.16821258057775,46788.0,44.49700194511872,31355.0,42.82718986609224,34913.0,51.589676402977155,51.433586941295076,50.41900544036156,5.68428354495072,7.402171168896743,5.0,5.0
2014-05-05,,19.545,19.745,19.485,,0.0,19.571,26395.0,52.54001961194079,52.47022039320334,53.00713746041442,52.30914527304001,57.10381468323501,23837.0,53.16821258057775,46788.0,44.49700194511872,31355.0,54.27068229191786,50.833006850400395,50.945375922323855,5.2339350315876665,-7.992101922805672,0.0,5.0
2014-05-06,,18.8,19.155,18.67,,0.0,19.083,44678.0,51.22994196794573,50.47020431784204,51.423232112141726,50.12120822415484,52.54001961194079,26395.0,57.10381468323501,23837.0,53.16821258057775,46788.0,53.62459208770718,50.39196783090558,51.4980169893604,5.016982790192069,-2.49348525880132,1.0,5.0
2014-05-08,,20.18,20.29,19.76,,0.0,19.833,54109.0,53.2433809699873,54.17493208159853,54.47023646856463,53.04740624045525,51.22994196794573,44678.0,52.54001961194079,26395.0,57.10381468323501,23837.0,52.33778084995794,50.65850880355679,52.1540145918351,5.126442673337506,3.93019965414243,3.0,5.0
2014-05-09,,19.065,19.28,19.02,,0.0,19.156,24946.0,51.42591669747777,51.181619431896735,51.75880527914865,51.06081309177424,53.2433809699873,54109.0,51.22994196794573,44678.0,52.54001961194079,26395.0,51.9664132118036,51.88689835089758,52.103007470450045,3.794277693961086,-3.413502747945363,4.0,5.0
2014-05-11,,16.02,16.045,15.12,,0.0,15.439,80410.0,41.44731300335975,43.007057083607954,43.07417171700934,40.59093028115807,51.42591669747777,24946.0,53.2433809699873,54109.0,51.22994196794573,44678.0,48.70553689027494,51.45122850207487,50.99408197056373,4.82052858674085,-19.40384213823343,6.0,5.0
2014-05-12,,16.475,16.56,16.22,,0.0,16.258,36642.0,43.64598839358914,44.22854341151318,44.456733165077885,43.54397415081903,41.44731300335975,80410.0,51.42591669747777,24946.0,53.2433809699873,54109.0,45.50640603147556,50.0909107610765,50.28688549060854,5.544448626982236,5.304747716821034,0.0,5.0
2014-06-01,,20.135,20.355,19.95,,0.0,20.103,37653.0,53.96821901072227,54.05412574147604,54.64473451540823,53.55747745430579,43.64598839358914,36642.0,41.44731300335975,80410.0,51.42591669747777,24946.0,46.35384013589039,49.6429685221461,50.5382777317206,4.9815257963614945,23.649895436093015,6.0,6.0
2014-06-02,,19.885,20.18,19.83,,0.0,19.928,35829.0,53.49841657691257,53.38297940746218,54.17493208159853,53.235327213979126,53.96821901072227,37653.0,43.64598839358914,36642.0,41.44731300335975,80410.0,50.37087466040799,49.77988237428493,50.30644461234266,5.086484582116606,-0.8705168382828532,0.0,6.0
2014-06-03,,21.2,21.65,21.105,,0.0,21.574,34978.0,57.9172440400598,56.91320912437507,58.121272525600006,56.65817351744981,53.49841657691257,35829.0,53.96821901072227,37653.0,43.64598839358914,36642.0,55.127959875898206,50.7352112417298,50.563589536317686,5.95761923596303,8.259735046166195,1.0,6.0
2014-06-05,,19.625,19.715,19.505,,0.0,19.645,29278.0,52.73867892680888,52.68498722008777,52.92659990033276,52.36283697976112,57.9172440400598,34978.0,53.49841657691257,35829.0,53.96821901072227,37653.0,54.718113181260414,50.663110949847166,50.66080987670198,5.92517144588917,-8.941318253453224,3.0,6.0
2014-06-06,,19.04,19.2,18.88,,0.0,18.991,45317.0,50.98296011702863,51.11450479849535,51.54403845226422,50.68497114472648,52.73867892680888,29278.0,57.9172440400598,34978.0,53.49841657691257,35829.0,53.87962769463244,50.599831438354435,51.243364894626005,5.91802811731784,-3.3290913718503456,4.0,6.0
2014-06-08,,19.785,20.135,19.77,,0.0,20.024,48597.0,53.75613676917389,53.11452087385664,54.05412574147604,53.07425209381581,50.98296011702863,45317.0,52.73867892680888,29278.0,57.9172440400598,34978.0,52.492591937670475,52.358234833470746,51.9047316677728,4.372034860392699,5.439418672002527,6.0,6.0
2014-06-10,,16.805,17.36,16.66,,0.0,17.225,38099.0,46.24198241355475,45.11445657241146,46.60440143392223,44.72519169868343,53.75613676917389,48597.0,50.98296011702863,45317.0,52.73867892680888,29278.0,50.32702643325242,52.729091122037254,51.41000094155687,3.540967331357527,-13.978226128645622,1.0,6.0
2014-06-11,,15.34,15.455,15.205,,0.0,15.413,45165.0,41.37751378462231,41.18153905509027,41.49026636873664,40.81912003472278,46.24198241355475,38099.0,53.75613676917389,48597.0,50.98296011702863,45317.0,47.12521098911699,50.930418946880124,50.286693734513115,5.475810698235327,-10.519593613933253,2.0,6.0
2014-07-01,,20.18,20.28,19.625,,0.0,19.787,35940.0,53.119890044528745,54.17493208159853,54.44339061520408,52.68498722008777,41.37751378462231,45165.0,46.24198241355475,38099.0,53.75613676917389,48597.0,46.9131287475686,50.87634372796815,50.32811305112654,5.448022879478611,28.3786414066048,1.0,7.0
2014-07-02,,19.93,20.09,19.755,,0.0,19.936,44302.0,53.519893259601005,53.50378574758467,53.93331940135355,53.033983313774975,53.119890044528745,35940.0,41.37751378462231,45165.0,46.24198241355475,38099.0,49.33909902958402,50.248150759331175,50.49168100053049,4.703498907770747,0.7530196593723115,2.0,7.0
2014-07-03,,21.49,21.61,20.755,,0.0,20.928,58503.0,56.183001912968,57.69173887183114,58.01388911215779,55.7185686498304,53.519893259601005,44302.0,53.119890044528745,35940.0,41.37751378462231,45165.0,54.27426173903259,50.74019690021105,50.701653925029106,5.1649842478292385,4.975922953451062,3.0,7.0
2014-07-04,,19.995,20.015,19.775,,0.0,19.907,27324.0,53.4420402848554,53.67828379442828,53.73197550114939,53.08767502049608,56.183001912968,58503.0,53.519893259601005,44302.0,53.119890044528745,35940.0,54.38164515247481,51.09149406704345,50.84566275269894,5.2668701882883076,-4.8786314984709644,4.0,7.0
2014-07-05,,19.605,19.77,19.295,,0.0,19.342,43549.0,51.92524956998408,52.63129551336666,53.07425209381581,51.799074059189486,53.4420402848554,27324.0,56.183001912968,58503.0,53.519893259601005,44302.0,53.85009725593583,50.829938752873474,51.5940867931721,5.156799374187983,-2.838197618928018,5.0,7.0
2014-07-07,,21.2,21.215,20.865,,0.0,21.014,28495.0,56.41387625186876,56.91320912437507,56.95347790441591,56.0138730367965,51.92524956998408,43549.0,53.4420402848554,27324.0,56.183001912968,58503.0,53.92705536890275,52.283066444061184,52.506078783049226,5.081099499233558,8.644400785854621,0.0,7.0
2014-07-08,,20.05,20.13,19.88,,0.0,19.99,41284.0,53.664860867748,53.82593598791133,54.040702814795765,53.3695564807819,56.41387625186876,28495.0,51.92524956998408,43549.0,53.4420402848554,27324.0,54.00132889653361,54.03840174165057,52.484410344265335,1.6490045330170622,-4.872941848291623,1.0,7.0
2014-07-10,,17.34,17.625,17.085,,0.0,17.24,41453.0,46.28225119359558,46.55070972720112,47.31581654797692,45.86614046650698,53.664860867748,41284.0,56.41387625186876,28495.0,51.92524956998408,43549.0,52.12032943773744,53.06159619151726,51.9689699597427,3.3899473866716088,-13.7568784392196,3.0,7.0
2014-07-11,,15.76,15.88,15.04,,0.0,15.714,73237.0,42.185573970775,42.30906489623354,42.63121513656019,40.37616345427363,46.28225119359558,41453.0,53.664860867748,41284.0,56.41387625186876,28495.0,47.37756201070619,51.44240772168497,50.84527924050808,5.302136106388471,-8.851508120649632,4.0,7.0
2014-08-01,,19.83,19.865,19.31,,0.0,19.539,42578.0,52.45411288118701,53.235327213979126,53.32928770074107,51.83934283923031,42.185573970775,73237.0,46.28225119359558,41453.0,53.664860867748,41284.0,46.9739793485192,50.9097092885734,50.82495309439223,4.920024126683214,24.34135166093927,4.0,8.0
2014-08-04,,19.87,20.175,19.85,,0.0,20.057,46466.0,53.84472808526371,53.34271062742135,54.16150915491826,53.28901892070024,52.45411288118701,42578.0,42.185573970775,73237.0,46.28225119359558,41453.0,49.49480497907524,50.967236117203164,51.02936509212331,4.956784813986095,2.651108040329575,0.0,8.0
2014-08-05,,19.32,19.39,19.125,,0.0,19.138,32388.0,51.37759416142878,51.86618869259087,52.05410966611475,51.34269455206006,53.84472808526371,46466.0,52.45411288118701,42578.0,42.185573970775,73237.0,52.55881170929317,50.88899963026669,50.859469191570085,4.943447708271919,-4.581941466819551,1.0,8.0
2014-08-07,,21.1,21.245,20.955,,0.0,21.013,37883.0,56.41119166653271,56.64475059076953,57.03401546449757,56.25548571704149,51.37759416142878,32388.0,53.84472808526371,46466.0,52.45411288118701,42578.0,53.877837971075074,50.88861611807583,51.58584128106851,4.942947731169072,9.797261991848671,3.0,8.0
2014-08-08,,19.995,20.185,19.845,,0.0,19.941,48336.0,53.53331618628128,53.67828379442828,54.18835500827881,53.27559599401996,56.41119166653271,37883.0,51.37759416142878,32388.0,53.84472808526371,46466.0,53.77403400474759,50.86982402072344,52.45411288118701,4.930869179273235,-5.10160376909533,4.0,8.0
2014-08-09,,19.19,19.345,18.93,,0.0,18.961,27954.0,50.90242255694696,51.51719259890366,51.93330332599225,50.819200411529245,53.53331618628128,48336.0,56.41119166653271,37883.0,51.37759416142878,32388.0,53.615643469920315,51.5298485012022,52.29572234635974,4.505304969240586,-4.914497768416837,5.0,8.0
2014-08-10,,17.195,17.465,17.055,,0.0,17.064,44830.0,45.80976417444983,46.161444853473085,46.88628289420805,45.78560290642532,50.90242255694696,27954.0,53.53331618628128,48336.0,56.41119166653271,37883.0,50.08183430589269,52.04758995887004,51.7449988402775,3.2993469525911556,-10.004746585095692,6.0,8.0
2014-08-12,,16.25,16.44,16.165,,0.0,16.276,23668.0,43.69431092963814,43.62451171090071,44.13458292475124,43.39632195733599,45.80976417444983,44830.0,50.90242255694696,27954.0,53.53331618628128,48336.0,46.80216588701165,50.79618968007735,50.85294948432538,4.545403042835953,-4.617909048288826,1.0,8.0
2014-09-01,,19.525,19.71,19.38,,0.0,19.683,31335.0,52.84069316957899,52.41652868648222,52.91317697365248,52.02726381275419,43.69431092963814,23668.0,45.80976417444983,44830.0,50.90242255694696,27954.0,47.448256091222326,50.652756120693816,50.80999611894849,4.4479682391686834,20.932661587613687,0.0,9.0
2014-09-04,,20.04,20.095,19.6,,0.0,19.77,58558.0,53.07425209381581,53.79909013455077,53.94674232803382,52.61787258668639,52.84069316957899,31335.0,43.69431092963814,23668.0,45.80976417444983,44830.0,49.86975206434431,50.89513582532054,50.89206772779361,4.539338164937799,0.4420057918000264,3.0,9.0
2014-09-05,,19.19,19.315,19.045,,0.0,19.121,28781.0,51.33195621071583,51.51719259890366,51.85276576591059,51.12792772517563,53.07425209381581,58558.0,52.84069316957899,31335.0,43.69431092963814,23668.0,52.41563382470355,50.169530760203834,50.529073439139836,3.8667808938450308,-3.282751643904913,4.0,9.0
2014-09-06,,19.02,19.19,18.985,,0.0,19.066,33804.0,51.18430401723278,51.06081309177424,51.51719259890366,50.96685260501229,51.33195621071583,28781.0,53.07425209381581,58558.0,52.84069316957899,31335.0,51.86350410725481,49.83395759319691,50.35189080696018,3.620276550293141,-0.2876418597353658,5.0,9.0
2014-09-07,,21.085,21.285,21.04,,0.0,21.068,35124.0,56.55884386001576,56.6044818107287,57.14139887793978,56.4836754706062,51.18430401723278,33804.0,51.33195621071583,28781.0,53.07425209381581,58558.0,53.025034695988126,50.642017779349594,51.085933140275905,4.437532401297413,10.500367145704415,6.0,9.0
2014-09-09,,19.055,19.155,18.89,,0.0,18.92,31387.0,50.7923545581687,51.15477357853618,51.423232112141726,50.71181699808703,56.55884386001576,35124.0,51.18430401723278,33804.0,51.33195621071583,28781.0,52.84516747847241,51.35381640559514,51.700703182232594,3.9003309289108214,-10.19555724321246,1.0,9.0
2014-09-10,,17.37,17.72,17.325,,0.0,17.418,49782.0,46.76010738341344,46.63124728728278,47.57085215490218,46.51044094716029,50.7923545581687,31387.0,56.55884386001576,35124.0,51.18430401723278,33804.0,51.3704352671993,51.79178732756305,51.29398850382019,2.954287756096851,-7.938689217758988,2.0,9.0
2014-09-12,,16.36,17.23,16.29,,0.0,17.134,62936.0,45.997685147973705,43.9198160978668,46.25540534023502,43.73189512434292,46.76010738341344,49782.0,50.7923545581687,31387.0,56.55884386001576,35124.0,47.85004902985194,50.814214753048006,50.73348543687091,3.6089882355941363,-1.630497186818225,4.0,9.0
2014-10-01,,19.55,20.25,19.545,,0.0,20.223,48917.0,54.29036925104892,52.48364331988361,54.362853055122415,52.47022039320334,45.997685147973705,62936.0,46.76010738341344,49782.0,50.7923545581687,31387.0,49.01605392747869,50.98794577550988,50.94154080041521,3.7619449877044766,18.028481382047403,2.0,10.0
2014-10-02,,19.97,20.275,19.96,,0.0,20.112,42978.0,53.99238027874676,53.61116916102689,54.4299676885238,53.584323307666345,54.29036925104892,48917.0,45.997685147973705,62936.0,46.76010738341344,49782.0,51.426811559256464,51.36800635665715,50.768768558430494,3.9329916884903438,-0.5488799881323447,3.0,10.0
2014-10-03,,20.93,21.06,20.61,,0.0,20.91,38881.0,56.134679376919,56.18837108364011,56.53736717732731,55.32930377610237,53.99238027874676,42978.0,54.29036925104892,48917.0,45.997685147973705,62936.0,54.80580963557156,52.075202836612334,50.95458021490462,4.320437455361827,3.967780429594292,4.0,10.0
2014-10-04,,19.86,20.4,19.86,,0.0,20.091,58677.0,53.9360039866896,53.31586477406079,54.76554085553072,53.31586477406079,56.134679376919,38881.0,53.99238027874676,42978.0,54.29036925104892,48917.0,54.68768788078512,51.70051142613716,51.171264602743385,3.965977545657476,-3.916786226685809,5.0,10.0
2014-10-06,,19.055,19.245,18.97,,0.0,19.168,39799.0,51.45813172151044,51.15477357853618,51.66484479238671,50.92658382497146,53.9360039866896,58677.0,56.134679376919,38881.0,53.99238027874676,42978.0,53.84293836170635,51.79562244947169,51.574719427533424,3.948513298973304,-4.5940968592902305,0.0,10.0
2014-10-07,,21.12,21.63,21.12,,0.0,21.508,50756.0,57.74006140788014,56.69844229749064,58.0675808188789,56.69844229749064,51.45813172151044,39799.0,53.9360039866896,58677.0,56.134679376919,38881.0,54.378065705360065,53.36418731010979,52.57798731883643,3.7925742385297894,12.207846410684464,1.0,10.0
2014-10-09,,19.08,19.125,18.9,,0.0,18.926,32099.0,50.80846207018502,51.22188821193756,51.34269455206006,50.73866285144758,57.74006140788014,50756.0,51.45813172151044,39799.0,53.9360039866896,58677.0,53.33555173319187,54.05144115613998,52.432827954593996,2.4242479446764844,-12.004835410079973,3.0,10.0
2014-10-10,,17.36,17.42,17.205,,0.0,17.303,30435.0,46.45138006976707,46.60440143392223,46.76547655408556,46.188290706833634,50.80846207018502,32099.0,57.74006140788014,50756.0,51.45813172151044,39799.0,51.666634515944075,52.93158555881401,51.959765667161946,3.745823775745359,-8.57550459685088,4.0,10.0
2014-10-11,,15.8,15.88,15.48,,0.0,15.671,46868.0,42.07013680132461,42.41644830967576,42.63121513656019,41.55738100213802,46.45138006976707,30435.0,50.80846207018502,32099.0,57.74006140788014,50756.0,46.443326313758895,51.22840791918226,51.298207137919704,5.488279325410571,-9.431890423625966,5.0,10.0
2014-10-12,,17.125,17.355,16.95,,0.0,17.187,45243.0,46.13996817078464,45.9735238799492,46.59097850724195,45.5037214461395,42.07013680132461,46868.0,46.45138006976707,30435.0,50.80846207018502,32099.0,44.88716168062544,49.80059203259164,50.937897434601986,5.295869014877553,9.673919979580138,6.0,10.0
2014-11-02,,20.055,20.29,19.915,,0.0,20.153,55209.0,54.10244827752504,53.83935891459161,54.47023646856463,53.46351696754384,46.13996817078464,45243.0,42.07013680132461,46868.0,46.45138006976707,30435.0,47.43751774987809,49.82436978842528,50.76244060728122,5.317859048945507,17.25722930121605,6.0,11.0
2014-11-03,,20.85,21.325,20.67,,0.0,20.815,46121.0,55.87964376999373,55.97360425675567,57.248782291382,55.490378896265696,54.10244827752504,55209.0,46.13996817078464,45243.0,42.07013680132461,46868.0,52.04068673943448,50.45601436678004,51.12581840812586,5.786220557079506,3.2848707388478005,0.0,11.0
2014-11-04,,20.03,20.13,19.91,,0.0,19.946,37890.0,53.54673911296157,53.77224428119023,54.040702814795765,53.45009404086356,55.87964376999373,46121.0,54.10244827752504,55209.0,46.13996817078464,45243.0,54.50961038682678,49.85696832464881,51.6105778173793,5.080441828662883,-4.174873889022324,1.0,11.0
2014-11-06,,19.185,19.33,19.145,,0.0,19.172,39180.0,51.46887006285466,51.503769672223385,51.893034545951416,51.39638625878117,53.54673911296157,37890.0,55.87964376999373,46121.0,54.10244827752504,55209.0,53.631750981936655,49.95131232360161,52.00137673987081,5.107117849652457,-3.8804772886794403,3.0,11.0
2014-11-07,,21.465,21.565,21.42,,0.0,21.461,27322.0,57.61388589708553,57.62462423842976,57.8930827720353,57.50381789830727,51.46887006285466,39180.0,53.54673911296157,37890.0,55.87964376999373,46121.0,54.209831690967256,51.545956013218536,52.238770786016275,5.555195839500325,11.939286459419973,4.0,11.0
2014-11-08,,19.92,20.11,19.845,,0.0,20.095,30458.0,53.94674232803382,53.47693989422413,53.987011108074654,53.27559599401996,57.61388589708553,27322.0,51.46887006285466,39180.0,53.54673911296157,37890.0,54.343166095991336,53.24261394560558,52.23551093239392,3.6738556746147593,-6.3650342481710975,5.0,11.0
2014-11-09,,18.96,18.985,18.57,,0.0,18.599,54466.0,49.9306026652949,50.89973797161091,50.96685260501229,49.852749690549295,53.94674232803382,30458.0,57.61388589708553,27322.0,51.46887006285466,39180.0,53.83041029680476,53.78413315910704,51.79236259584934,2.564255363504821,-7.444637969644196,6.0,11.0
2014-11-11,,15.595,15.88,15.445,,0.0,15.678,41774.0,42.088928898677,41.8661083157844,42.63121513656019,41.463420515376086,49.9306026652949,54466.0,53.94674232803382,30458.0,57.61388589708553,27322.0,48.65542463066857,52.06791610498588,50.946142946705585,5.091023223219347,-15.70514543792677,1.0,11.0
2014-11-12,,17.065,17.24,16.945,,0.0,17.112,32553.0,45.93862427058048,45.81244875978587,46.28225119359558,45.49029851945922,42.088928898677,41774.0,49.9306026652949,54466.0,53.94674232803382,30458.0,45.98605194485079,50.64777046221257,50.5518924144963,5.235016074926895,9.146574818216614,2.0,11.0
2014-12-02,,20.22,20.39,20.08,,0.0,20.341,60166.0,54.60715032070346,54.28231549504075,54.738695002170175,53.90647354799299,45.93862427058048,32553.0,42.088928898677,41774.0,49.9306026652949,54466.0,47.54490116332031,50.79925777760427,50.328113051126536,5.347030182060315,18.869798971482,1.0,12.0
2014-12-03,,20.86,21.435,20.82,,0.0,21.358,57540.0,57.33737360747183,56.00045011011622,57.544086678348094,55.893066696674005,54.60715032070346,60166.0,45.93862427058048,32553.0,42.088928898677,41774.0,52.62771606625193,51.63761542683529,50.794463875218455,5.900890663891646,4.999754191042727,2.0,12.0
2014-12-05,,19.155,19.67,19.045,,0.0,19.543,41224.0,52.46485122253122,51.423232112141726,52.80579356021027,51.12792772517563,57.33737360747183,57540.0,54.60715032070346,60166.0,45.93862427058048,32553.0,54.80312505023551,50.9020390447561,51.22399752898732,5.324535438173738,-8.497986702874815,4.0,12.0
2014-12-06,,19.19,19.565,19.15,,0.0,19.533,60336.0,52.43800536917068,51.51719259890366,52.523912099924445,51.40980918546144,52.46485122253122,41224.0,57.33737360747183,57540.0,54.60715032070346,60166.0,54.080076733057915,50.68650519348994,51.96455956954776,5.210052085047551,-0.05116921659926721,5.0,12.0
2014-12-08,,20.015,20.155,19.875,,0.0,19.905,41291.0,53.43667111418329,53.73197550114939,54.10781744819715,53.356133554101625,52.43800536917068,60336.0,52.46485122253122,41224.0,57.33737360747183,57540.0,52.779842568628396,51.187372114759704,52.48575263693338,5.293137170319474,1.9044693595453577,0.0,12.0
2014-12-09,,18.685,18.72,18.455,,0.0,18.606,39099.0,49.949394762647294,50.16147700419567,50.2554374909576,49.54402237690292,53.43667111418329,41291.0,52.43800536917068,60336.0,52.46485122253122,41224.0,51.94135708200042,52.31029580961261,52.189105957299255,3.6061988810873387,-6.52599849284099,1.0,12.0
2014-12-11,,15.685,15.765,15.545,,0.0,15.623,47310.0,41.94127670519394,42.107720996029386,42.32248782291382,41.731879048981625,49.949394762647294,39099.0,53.43667111418329,41291.0,52.43800536917068,60336.0,48.44244752734151,51.73924615741453,51.193508309813545,4.876195533222113,-16.032462646458157,3.0,12.0
2014-12-12,,17.11,17.23,17.01,,0.0,17.057,28205.0,45.79097207709743,45.933255099908365,46.25540534023502,45.664796566302826,41.94127670519394,47310.0,49.949394762647294,39099.0,53.43667111418329,41291.0,45.893881181646215,50.47979212261367,50.63952495010897,5.1432353023756745,9.17877488318506,4.0,12.0
2015-01-01,,15.599,15.599,15.599,,0.0,15.599,53604.0,41.87684665712862,41.87684665712862,41.87684665712862,41.87684665712862,45.79097207709743,28205.0,41.94127670519394,47310.0,49.949394762647294,39099.0,43.20303181314,48.27114541542178,49.95438042112853,5.0258435639192784,-8.5478102831682,3.0,1.0
2015-01-04,,16.62,17.075,16.5,,0.0,17.059,41610.0,45.79634124776955,44.61780828524121,45.83929461314643,44.29565804491456,41.87684665712862,53604.0,45.79097207709743,28205.0,41.94127670519394,47310.0,44.48805332733186,47.31850113331297,49.11027008903454,4.721217896333102,9.359574331687949,6.0,1.0
2015-01-05,,16.145,16.26,15.895,,0.0,16.135,31596.0,43.315784397254326,43.34263025061488,43.65135756426126,42.67148391660103,45.79634124776955,41610.0,41.87684665712862,53604.0,45.79097207709743,28205.0,43.662990767384166,46.01532670875349,48.35091595112171,4.314007478171402,-5.416495691423895,0.0,1.0
2015-01-06,,16.695,17.17,16.59,,0.0,16.68,54857.0,44.778883405404535,44.81915218544537,46.0943302200717,44.53727072515955,43.315784397254326,31596.0,45.79634124776955,41610.0,41.87684665712862,53604.0,44.630336350142805,44.77849989321367,47.982936003986694,2.8109375181967278,3.3777502324140007,1.0,1.0
2015-01-07,,15.615,15.685,15.5,,0.0,15.577,29779.0,41.8177857797354,41.91980002250551,42.107720996029386,41.61107270885913,44.778883405404535,54857.0,43.315784397254326,31596.0,45.79634124776955,41610.0,43.30415119413143,43.6168414670834,47.96356863834801,1.8252735231216546,-6.612709832134289,2.0,1.0
2015-01-09,,14.595,14.755,14.495,,0.0,14.62,35961.0,39.24863761313036,39.181522979728975,39.61105663349784,38.91306444612343,41.8177857797354,29779.0,44.778883405404535,54857.0,43.315784397254326,31596.0,41.948435599423426,43.23217873964575,47.48571244853014,2.4230720977889324,-6.143673364575964,4.0,1.0
2015-01-10,,14.5,14.67,14.43,,0.0,14.511,27320.0,38.95601781150031,38.926487372803706,39.382866879933125,38.73856639927983,39.24863761313036,35961.0,41.8177857797354,29779.0,44.778883405404535,54857.0,40.00748040145536,42.255756701703305,46.36777441215848,2.591395998069122,-0.7455540355677415,5.0,1.0
2015-01-12,,14.083,14.083,14.083,,0.0,14.083,53604.0,37.80701528766859,37.80701528766859,37.80701528766859,37.80701528766859,38.95601781150031,27320.0,39.24863761313036,35961.0,41.8177857797354,29779.0,38.670556904099755,41.67435222035187,44.972748817886824,3.0976740861322343,-2.9494865963751504,0.0,1.0
2015-02-01,,15.73,16.06,15.51,,0.0,15.768,29514.0,42.33054157892199,42.22852733615188,43.11444049705017,41.63791856221969,37.80701528766859,53604.0,38.95601781150031,27320.0,39.24863761313036,35961.0,39.69785822603029,41.17923798194507,44.24886955762902,2.5592099246970665,11.964780231484774,6.0,2.0
2015-02-02,,17.155,17.34,16.995,,0.0,17.251,30450.0,46.31178163229219,46.054061440030864,46.55070972720112,45.62452778626199,42.33054157892199,29514.0,37.80701528766859,53604.0,38.95601781150031,27320.0,42.14977949962759,41.60723758695048,43.81128214785199,3.156823845174188,9.405124302384582,0.0,2.0
2015-02-03,,16.575,16.79,16.35,,0.0,16.451,26128.0,44.164113363447846,44.49700194511872,45.07418779237063,43.89297024450625,46.31178163229219,30450.0,42.33054157892199,29514.0,37.80701528766859,53604.0,44.26881219155401,41.51941329524238,43.148956594228025,3.060977663317876,-4.637412323923251,1.0,2.0
2015-02-04,,16.935,17.0,16.57,,0.0,16.701,37297.0,44.8352596974617,45.46345266609867,45.63795071294227,44.48357901843844,44.164113363447846,26128.0,46.31178163229219,30450.0,42.33054157892199,29514.0,45.10371823106724,41.95048099777471,42.783661232429054,3.312163975571174,1.519664458087644,2.0,2.0
2015-02-06,,16.725,16.84,16.61,,0.0,16.799,41053.0,45.09834906039513,44.89968974552704,45.20841705917341,44.590962431880655,44.8352596974617,37297.0,44.164113363447846,26128.0,46.31178163229219,30450.0,44.69924070710156,42.78615406166968,43.00916640065771,3.254311257980478,0.5867912101071626,4.0,2.0
2015-02-07,,15.63,15.655,15.63,,0.0,15.562,156.0,41.77751699969456,41.96006880254634,42.02718343594772,41.96006880254634,45.09834906039513,41053.0,44.8352596974617,37297.0,44.164113363447846,26128.0,43.90370858585046,43.18922537426886,42.722491037986075,2.850537675292047,-7.363533543663325,5.0,2.0
2015-02-09,,14.585,14.815,14.425,,0.0,14.667,36535.0,39.37481312392496,39.15467712636842,39.77213175366117,38.72514347259955,41.77751699969456,156.0,45.09834906039513,41053.0,44.8352596974617,37297.0,42.08355972800488,43.413196493734056,42.543774357042956,2.3799091086407365,-5.751188793214235,0.0,2.0
2015-02-10,,14.49,15.3,14.36,,0.0,15.263,67092.0,40.97482598421399,38.89964151944315,41.07415564164804,38.55064542575594,39.37481312392496,36535.0,41.77751699969456,156.0,45.09834906039513,41053.0,40.7090520359445,43.2195228373472,42.19938040964614,2.5329412045166473,4.063544010363396,1.0,2.0
2015-02-11,,15.535,15.55,15.25,,0.0,15.408,39586.0,41.36409085794203,41.70503319562107,41.7453019756619,40.93992637484527,40.97482598421399,67092.0,39.37481312392496,36535.0,41.77751699969456,156.0,40.571243322026994,42.512709869582885,42.059973728266684,2.193863344601464,0.9500098276878699,2.0,2.0
2015-02-12,,14.165,14.21,13.9,,0.0,14.009,34266.0,37.60835597280049,38.02715128522513,38.14795762534763,37.31573617117045,41.36409085794203,39586.0,40.97482598421399,67092.0,39.37481312392496,36535.0,39.98242427165217,41.57617309949041,41.547793197366396,2.709983519073622,-9.07969885773624,3.0,2.0
2015-03-02,,17.24,17.75,17.07,,0.0,17.321,48990.0,46.49970260581607,46.28225119359558,47.65138971498384,45.82587168646615,37.60835597280049,34266.0,41.36409085794203,39586.0,40.97482598421399,67092.0,41.824049812186196,41.813950657826744,41.88221582780073,3.0899782690106563,23.641944464272967,0.0,3.0
2015-03-03,,16.405,16.58,16.07,,0.0,16.296,39605.0,43.748002636359246,44.0406224379893,44.51042487179899,43.14128635041072,46.49970260581607,48990.0,37.60835597280049,34266.0,41.36409085794203,39586.0,42.6186870716586,41.621044025821625,42.203599043745655,2.8861909045753054,-5.917672189827394,1.0,3.0
2015-03-04,,16.701,16.701,16.701,,0.0,16.701,53604.0,44.8352596974617,44.8352596974617,44.8352596974617,44.8352596974617,43.748002636359246,39605.0,46.49970260581607,48990.0,37.60835597280049,34266.0,45.027654979879,42.057864411216926,42.623544892742885,3.134528190826203,2.485272459499277,2.0,3.0
2015-03-06,,16.775,16.795,16.375,,0.0,16.48,52698.0,44.24196633819345,45.0339190123298,45.08761071905092,43.96008487790763,44.8352596974617,53604.0,43.748002636359246,39605.0,46.49970260581607,48990.0,44.2750762240048,42.75317201325528,43.08318425349467,2.9759863984210475,-1.323274055445789,4.0,3.0
2015-03-07,,15.562,15.562,15.562,,0.0,15.562,53604.0,41.77751699969456,41.77751699969456,41.77751699969456,41.77751699969456,44.24196633819345,52698.0,44.8352596974617,53604.0,43.748002636359246,39605.0,43.618247678449904,42.86784215832393,43.04368249783556,2.9107935250492343,-5.570388349514577,5.0,3.0
2015-03-08,,14.45,14.765,14.39,,0.0,14.515,37306.0,38.96675615284454,38.792258106000936,39.6379024868584,38.63118298583761,41.77751699969456,53604.0,44.24196633819345,52698.0,44.8352596974617,53604.0,41.66207983024418,42.52536577188143,42.51903782073216,3.239662718932922,-6.72792700167072,6.0,3.0
2015-03-09,,14.66,14.95,14.55,,0.0,14.707,31493.0,39.48219653736717,39.35602102657257,40.13455077402865,39.06071663960648,38.96675615284454,37306.0,41.77751699969456,53604.0,44.24196633819345,52698.0,40.075489896635425,42.79305728110525,42.18461519029783,2.815278837922501,1.3227695487426638,0.0,3.0
2015-03-11,,15.4,15.45,15.2,,0.0,15.239,34123.0,40.91039593614867,41.3426141752536,41.47684344205637,40.8056971080425,39.48219653736717,31493.0,38.96675615284454,37306.0,41.77751699969456,53604.0,39.786449542120124,41.994584899724195,41.90426777877547,2.3415470947402888,3.6173250832936876,2.0,3.0
2015-03-12,,13.975,14.145,13.805,,0.0,14.077,45309.0,37.79090777565226,37.5170800713746,37.97345957850403,37.06070056424518,40.91039593614867,34123.0,39.48219653736717,31493.0,38.96675615284454,37306.0,39.39450008305604,41.14357134819462,41.38230768700812,2.6590698853612427,-7.625172255397339,3.0,3.0
2015-04-02,,17.395,17.395,17.395,,0.0,17.395,53604.0,46.69836192068417,46.69836192068417,46.69836192068417,46.69836192068417,37.79090777565226,45309.0,40.91039593614867,34123.0,39.48219653736717,31493.0,41.799888544161696,41.40972880865497,41.73379660993596,3.139935583500717,23.570363003480853,3.0,4.0
2015-04-03,,16.158,16.158,16.158,,0.0,16.158,53604.0,43.37752985998361,43.37752985998361,43.37752985998361,43.37752985998361,46.69836192068417,53604.0,37.79090777565226,45309.0,40.91039593614867,34123.0,42.62226651877335,41.28623788319643,42.01970494822586,3.024871741203625,-7.111238861741875,4.0,4.0
2015-04-05,,16.13,16.765,16.125,,0.0,16.441,43204.0,44.13726751008729,43.30236147057405,45.00707315896925,43.28893854389377,43.37752985998361,53604.0,46.69836192068417,53604.0,37.79090777565226,45309.0,44.73771976358503,41.623345098966816,42.24559362864537,3.2143070830020952,1.7514543879192823,6.0,4.0
2015-04-06,,16.48,16.5,16.065,,0.0,16.103,52050.0,43.22987766650056,44.24196633819345,44.29565804491456,43.127863423730446,44.13726751008729,43204.0,43.37752985998361,53604.0,46.69836192068417,53604.0,43.581558345523824,42.232362458060535,42.37886411497099,3.025386674988006,-2.0558360197068137,0.0,4.0
2015-04-08,,14.45,14.625,14.345,,0.0,14.557,34284.0,39.079508736958864,38.792258106000936,39.26206053981063,38.51037664571511,43.22987766650056,52050.0,44.13726751008729,43204.0,43.37752985998361,53604.0,42.14888463784891,42.174835629430774,42.48394645526802,3.089544082935377,-9.600695522573444,2.0,4.0
2015-04-09,,14.55,14.67,14.55,,0.0,14.549,1776.0,39.05803205427042,39.06071663960648,39.382866879933125,39.06071663960648,39.079508736958864,34284.0,43.22987766650056,52050.0,44.13726751008729,43204.0,40.45580615257661,41.910212217733886,41.95239855872904,3.2887985085859808,-0.05495637837467093,3.0,4.0
2015-04-11,,15.075,15.325,15.025,,0.0,15.058,38268.0,40.42448599032264,40.47012394103557,41.14127027504944,40.3358946742328,39.05803205427042,1776.0,39.079508736958864,34284.0,43.22987766650056,52050.0,39.52067559385064,42.28643767697251,41.71500451258356,2.8619651740099075,3.4985222352051704,5.0,4.0
2015-04-12,,14.1,14.61,14.02,,0.0,14.528,57108.0,39.00165576221325,37.85265323838153,39.2217917597698,37.6378864114971,40.42448599032264,38268.0,39.05803205427042,1776.0,39.079508736958864,34284.0,39.49472460226877,41.18690822576237,41.29831851720868,2.309654719512662,-3.5197237348917887,6.0,4.0
2015-05-01,,16.213,16.213,16.213,,0.0,16.213,53604.0,43.52518205346666,43.52518205346666,43.52518205346666,43.52518205346666,39.00165576221325,57108.0,40.42448599032264,38268.0,39.05803205427042,1776.0,40.98377460200084,41.20800139625995,41.24711963972818,2.3335458154319553,11.59829295154189,4.0,5.0
2015-05-02,,17.335,17.5,16.92,,0.0,17.196,39138.0,46.16412943880914,46.537286800520846,46.98024338096999,45.42318388605784,43.52518205346666,53604.0,39.00165576221325,57108.0,40.42448599032264,38268.0,42.89698908482968,41.49755310036307,41.56044909966494,2.8304399045437627,6.0630358354407,5.0,5.0
2015-05-03,,16.22,16.355,16.14,,0.0,16.158,21783.0,43.37752985998361,43.54397415081903,43.90639317118652,43.32920732393461,46.16412943880914,39138.0,43.52518205346666,53604.0,39.00165576221325,57108.0,44.35561378408647,41.51864627086065,41.87550436446059,2.8460086109257365,-6.036287508722948,6.0,5.0
2015-05-05,,16.4,16.705,16.345,,0.0,16.579,31392.0,44.50774028646294,44.02719951130901,44.84599803880592,43.87954731782597,43.37752985998361,21783.0,46.16412943880914,39138.0,43.52518205346666,53604.0,44.683133195085226,42.294107920789806,42.23447177511029,2.8099375975285144,2.6055204852085456,1.0,5.0
2015-05-06,,16.065,16.16,15.925,,0.0,15.984,56918.0,42.91041201150996,43.127863423730446,43.38289903065571,42.752021476682685,44.50774028646294,31392.0,43.37752985998361,21783.0,46.16412943880914,39138.0,43.59856071931883,42.84444791468117,42.37733006620753,2.4208132506887314,-3.5888774956269964,2.0,5.0
2015-05-08,,14.545,14.675,14.465,,0.0,14.553,34030.0,39.06877039561464,39.0472937129262,39.3962898066134,38.83252688604177,42.91041201150996,56918.0,44.50774028646294,31392.0,43.37752985998361,21783.0,42.16230756452918,42.65077425829431,42.468605967633415,2.686353767490187,-8.952702702702709,4.0,5.0
2015-05-10,,15.25,15.73,15.1,,0.0,15.708,57868.0,42.169466458758656,40.93992637484527,42.22852733615188,40.53723857443696,39.06877039561464,34030.0,42.91041201150996,56918.0,44.50774028646294,31392.0,41.38288295529442,43.10331864351508,42.14511343463873,2.1901672630167406,7.9365079365079305,6.0,5.0
2015-05-11,,15.065,15.09,14.91,,0.0,14.983,40185.0,40.22314209011848,40.44327808767502,40.51039272107641,40.027167360586425,42.169466458758656,57868.0,39.06877039561464,34030.0,42.91041201150996,56918.0,40.48712631483059,42.63159864875106,41.919800022505505,2.4269598886878923,-4.615482556659012,0.0,5.0
2015-06-01,,16.62,16.637,16.637,,0.0,16.637,53604.0,44.66344623595416,44.61780828524121,44.66344623595416,44.66344623595416,40.22314209011848,40185.0,42.169466458758656,57868.0,39.06877039561464,34030.0,42.35201826161043,42.417215334057495,41.95738421721028,2.108266080747451,11.039177734766081,0.0,6.0
2015-06-02,,17.28,17.37,16.545,,0.0,16.694,58424.0,44.816467600109306,46.3896346070378,46.63124728728278,44.41646438503706,44.66344623595416,53604.0,40.22314209011848,40185.0,42.169466458758656,57868.0,43.234351975393984,42.62277786836116,42.07071206961091,2.2806114297948694,0.3426098455250104,1.0,6.0
2015-06-03,,16.185,16.235,15.745,,0.0,15.807,41153.0,42.43524040702816,43.450013664057096,43.584242930859865,42.26879611619271,44.816467600109306,58424.0,44.66344623595416,53604.0,40.22314209011848,40185.0,43.97171808103055,42.32670645701334,42.31040718890157,2.124288507543587,-5.313286210614554,2.0,6.0
2015-06-04,,16.995,17.31,16.935,,0.0,17.11,33115.0,45.933255099908365,45.62452778626199,46.47017216711946,45.46345266609867,42.43524040702816,41153.0,44.816467600109306,58424.0,44.66344623595416,53604.0,44.39498770234861,42.75854118392739,42.80149454930428,2.531031486019285,8.243183399759557,3.0,6.0
2015-06-05,,16.54,16.65,16.385,,0.0,16.506,29972.0,44.311765556930894,44.403041458356775,44.69834584532287,43.98693073126819,45.933255099908365,33115.0,42.43524040702816,41153.0,44.816467600109306,58424.0,44.22675368795581,43.507540492686864,43.07915737549059,1.9709481656585648,-3.530099357101091,4.0,6.0
2015-06-07,,15.7,15.82,15.495,,0.0,15.753,30524.0,42.29027279888116,42.14798977607022,42.47014001639687,41.597649782178856,44.311765556930894,29972.0,45.933255099908365,33115.0,42.43524040702816,41153.0,44.17843115190681,43.524798541275786,43.31405859239543,1.9577637611443162,-4.561977462740807,6.0,6.0
2015-06-08,,14.63,14.735,14.49,,0.0,14.677,32174.0,39.40165897728551,39.27548346649091,39.55736492677673,38.89964151944315,42.29027279888116,30524.0,44.311765556930894,29972.0,45.933255099908365,33115.0,42.001232444365854,43.40744381087108,43.019521229811076,2.1984833135646933,-6.8304449946042345,0.0,6.0
2015-06-10,,15.62,16.09,15.57,,0.0,15.984,56311.0,42.91041201150996,41.93322294918578,43.19497805713184,41.79899368238301,39.40165897728551,32174.0,42.29027279888116,30524.0,44.311765556930894,29972.0,41.53411459589221,43.15701035023619,42.78711284214685,2.130354171276726,8.905089595966498,2.0,6.0
2015-06-11,,14.96,15.045,14.685,,0.0,14.691,53181.0,39.43924317199029,40.1613966273892,40.38958638095391,39.42313565997396,42.91041201150996,56311.0,39.40165897728551,32174.0,42.29027279888116,30524.0,40.58377138692859,42.38883543193348,42.50580665014733,2.3863430482007715,-8.089339339339341,3.0,6.0
2015-07-01,,16.544,16.544,16.544,,0.0,16.544,53604.0,44.413779799701,44.413779799701,44.413779799701,44.413779799701,39.43924317199029,53181.0,42.91041201150996,56311.0,39.40165897728551,32174.0,42.25447832773375,42.67148391660102,42.49909518680719,2.5068843202875977,12.613164522496767,2.0,7.0
2015-07-04,,16.96,16.975,16.73,,0.0,16.84,29012.0,45.20841705917341,45.530567299500056,45.57083607954089,44.913112672207305,44.413779799701,53604.0,39.43924317199029,53181.0,42.91041201150996,56311.0,43.02048001028823,42.567935625067456,42.66323840449743,2.360389683530179,1.7891682785299956,5.0,7.0
2015-07-05,,16.33,16.555,16.16,,0.0,16.297,35468.0,43.75068722169531,43.839278537785134,44.44331023839761,43.38289903065571,45.20841705917341,29012.0,44.413779799701,53604.0,39.43924317199029,53181.0,44.457628026856575,42.48778157717667,42.99766103493176,2.3000587875459506,-3.224465558194778,6.0,7.0
2015-07-07,,15.67,15.71,14.62,,0.0,14.969,86856.0,40.185557895413694,42.06745221598855,42.17483562943077,39.24863761313036,43.75068722169531,35468.0,45.20841705917341,29012.0,44.413779799701,53604.0,43.04822072542746,42.18710801953846,42.85595328040712,2.4620457145272043,-8.14873903172364,1.0,7.0
2015-07-08,,14.63,14.99,14.565,,0.0,14.821,60346.0,39.7882392656775,39.27548346649091,40.24193418747086,39.10098541964731,40.185557895413694,86856.0,43.75068722169531,35468.0,45.20841705917341,29012.0,41.24149479426217,42.24233377502303,42.82488879294705,2.3925060203794453,-0.988710000668036,2.0,7.0
2015-07-09,,14.549,14.549,14.549,,0.0,14.549,53604.0,39.05803205427042,39.05803205427042,39.05803205427042,39.05803205427042,39.7882392656775,60346.0,40.185557895413694,86856.0,43.75068722169531,35468.0,39.67727640512054,41.691993781131664,42.42450206568393,2.6431622633346175,-1.8352337898927207,3.0,7.0
2015-07-10,,16.04,16.115,15.82,,0.0,16.094,41392.0,43.20571639847606,43.06074879032906,43.262092690533215,42.47014001639687,39.05803205427042,53604.0,39.7882392656775,60346.0,40.185557895413694,86856.0,40.68399590614133,42.230061384915345,42.30944840842441,2.486888756843243,10.619286548903716,4.0,7.0
2015-07-12,,14.22,14.64,14.205,,0.0,14.332,40682.0,38.47547703634639,38.174803478708185,39.30232931985147,38.13453469866735,43.20571639847606,41392.0,39.05803205427042,53604.0,39.7882392656775,60346.0,40.24640849636429,41.381732418721825,42.02660816766143,2.6267323618501024,-10.948179445756201,6.0,7.0
2015-08-01,,16.385,16.385,16.385,,0.0,16.385,53604.0,43.98693073126819,43.98693073126819,43.98693073126819,43.98693073126819,38.47547703634639,40682.0,43.20571639847606,41392.0,39.05803205427042,53604.0,41.88937472203022,41.20723437187822,41.887584998472846,2.3568599638963255,14.324588333798506,5.0,8.0
2015-08-04,,16.845,16.905,16.37,,0.0,16.454,47267.0,44.17216711945601,45.22183998585368,45.38291510601701,43.94666195122736,43.98693073126819,53604.0,38.47547703634639,40682.0,43.20571639847606,41392.0,42.21152496235687,41.26744578584403,41.87761368151035,2.436699585994635,0.42111687519073016,1.0,8.0
2015-08-05,,16.305,16.555,16.26,,0.0,16.465,32703.0,44.201697558152624,43.77216390438375,44.44331023839761,43.65135756426126,44.17216711945601,47267.0,43.98693073126819,53604.0,38.47547703634639,40682.0,44.12026513629228,41.84118002337817,42.014144021458314,2.6064082713868597,0.06685304485232191,2.0,8.0
2015-08-06,,16.04,16.11,15.88,,0.0,15.959,44224.0,42.843297378108566,43.06074879032906,43.24866976385294,42.63121513656019,44.201697558152624,32703.0,44.17216711945601,47267.0,43.98693073126819,53604.0,43.7390540185724,42.277616896582614,42.25997533580282,2.4568447885753533,-3.07318554509568,3.0,8.0
2015-08-07,,15.075,15.22,14.705,,0.0,15.163,63767.0,40.70636745060845,40.47012394103557,40.85938881476361,39.47682736669507,42.843297378108566,44224.0,44.201697558152624,32703.0,44.17216711945601,47267.0,42.58378746228988,42.51309338177375,42.10254358145271,2.1576017523314026,-4.987781189297569,4.0,8.0
2015-08-09,,14.49,14.88,14.44,,0.0,14.755,40908.0,39.61105663349784,38.89964151944315,39.946629800504766,38.76541225264038,40.70636745060845,63767.0,42.843297378108566,44224.0,44.201697558152624,32703.0,41.05357382073828,41.99957055820544,42.11481597156039,2.3814429359382103,-2.6907604036140453,6.0,8.0
2015-08-10,,16.055,16.08,15.375,,0.0,15.766,56910.0,42.32517240824988,43.10101757036989,43.16813220377127,41.275499541852206,39.61105663349784,40908.0,40.70636745060845,63767.0,42.843297378108566,44224.0,40.880865497452056,42.54952703990593,41.96562972931388,1.807264933279613,6.8519146052185675,0.0,8.0
2015-08-12,,14.15,14.31,14.065,,0.0,14.116,36616.0,37.89560660375842,37.98688250518431,38.41641615895317,37.75869275161959,42.32517240824988,56910.0,39.61105663349784,40908.0,40.70636745060845,63767.0,39.943945215168704,41.67933787883311,41.44328612535566,2.3766040567751956,-10.465558797412166,2.0,8.0
2015-09-01,,16.375,16.625,16.21,,0.0,16.419,32312.0,44.07820663269407,43.96008487790763,44.63123121192149,43.51712829745848,37.89560660375842,36616.0,42.32517240824988,56910.0,39.61105663349784,40908.0,41.432995214900785,41.66591495215284,41.46668036899843,2.3603881568753025,16.31482006234062,1.0,9.0
2015-09-02,,16.785,17.145,16.685,,0.0,17.07,38369.0,45.82587168646615,45.06076486569035,46.02721558667031,44.79230633208481,44.07820663269407,32312.0,37.89560660375842,36616.0,42.32517240824988,56910.0,42.59989497430621,41.897939827626196,41.86955992550218,2.7057590220768564,3.9649186917595447,2.0,9.0
2015-09-03,,15.93,15.96,15.705,,0.0,15.776,23779.0,42.35201826161043,42.76544440336296,42.84598196344463,42.161412702750496,45.82587168646615,38369.0,44.07820663269407,32312.0,37.89560660375842,36616.0,44.085365526923546,41.827757096697894,42.05268699664025,2.6834305881717118,-7.5805506736965285,3.0,9.0
2015-09-04,,16.5,16.51,16.105,,0.0,16.176,43462.0,43.4258523960326,44.29565804491456,44.32250389827512,43.23524683717266,42.35201826161043,23779.0,45.82587168646615,38369.0,44.07820663269407,32312.0,43.86791411470306,42.2162549460442,42.36467416390898,2.690869689771498,2.535496957403649,4.0,9.0
2015-09-06,,15.92,16.135,15.905,,0.0,15.957,41991.0,42.83792820743646,42.73859855000241,43.315784397254326,42.698329769961575,43.4258523960326,43462.0,42.35201826161043,23779.0,45.82587168646615,38369.0,42.8719329550265,42.677236599463996,42.33840357883472,2.434357167943042,-1.3538575667655817,6.0,9.0
2015-09-07,,15.11,15.525,14.975,,0.0,15.361,44751.0,41.23791534714743,40.56408442779751,41.67818734226052,40.20166540743003,42.83792820743646,41991.0,43.4258523960326,43462.0,42.35201826161043,23779.0,42.50056531687216,42.52191416216366,42.53572060103479,2.494506964733593,-3.735037914394934,0.0,9.0
2015-09-09,,14.6,14.93,14.56,,0.0,14.576,33908.0,39.13051585834392,39.194945906409245,40.080859067307536,39.08756249296703,41.23791534714743,44751.0,42.83792820743646,41991.0,43.4258523960326,43462.0,41.06878647097594,42.69832976996158,42.18883382439735,2.129804120339764,-5.110344378621178,2.0,9.0
2015-09-10,,15.68,16.01,15.585,,0.0,15.818,40156.0,42.46477084572475,42.09429806934911,42.9802112302474,41.83926246242385,39.13051585834392,33908.0,41.23791534714743,44751.0,42.83792820743646,41991.0,40.9444006837387,42.467838943251685,42.06687694770226,2.0410373593061957,8.520856201975825,3.0,9.0
2015-09-11,,14.73,14.76,14.395,,0.0,14.413,48624.0,38.69292844856688,39.54394200009645,39.62447956017812,38.64460591251789,42.46477084572475,40156.0,39.13051585834392,33908.0,41.23791534714743,44751.0,40.096071717545186,41.44884705212321,41.6733934398747,1.8574245176042026,-8.882286003287376,4.0,9.0
2015-09-12,,14.13,14.335,14.105,,0.0,14.189,36379.0,38.09158133329046,37.9331907984632,38.48353079235456,37.866076165061806,38.69292844856688,48624.0,42.46477084572475,40156.0,39.13051585834392,33908.0,39.74976020919403,40.84021320522036,41.33398515095912,2.181842638215674,-1.55415250121419,5.0,9.0
2015-10-02,,16.91,17.095,16.715,,0.0,16.873,38057.0,45.29700837526324,45.39633803269728,45.89298631986753,44.87284389216648,38.09158133329046,36379.0,38.69292844856688,48624.0,42.46477084572475,40156.0,40.69383938570686,41.1075212022533,41.66188807414875,2.621702436500777,18.91606173796605,4.0,10.0
2015-10-03,,15.72,15.825,15.58,,0.0,15.633,32569.0,41.9681225585545,42.20168148279133,42.483562943077146,41.82583953574357,45.29700837526324,38057.0,38.09158133329046,36379.0,38.69292844856688,48624.0,41.78557075570273,40.98326325241302,41.83024992593852,2.545525093751633,-7.349019143009561,5.0,10.0
2015-10-04,,16.14,16.65,16.14,,0.0,16.382,47952.0,43.97887697526002,43.32920732393461,44.69834584532287,43.32920732393461,41.9681225585545,32569.0,45.29700837526324,38057.0,38.09158133329046,36379.0,43.74800263635925,41.37482919928625,41.948371680724954,2.7902740208749273,4.7911469327704514,6.0,10.0
2015-10-06,,15.91,16.19,15.895,,0.0,15.959,43443.0,42.843297378108566,42.71175269664185,43.46343659073737,42.67148391660103,43.97887697526002,47952.0,41.9681225585545,32569.0,45.29700837526324,38057.0,42.93009897064103,41.90522655925263,42.301778164607114,2.6414636590687186,-2.582102307410594,1.0,10.0
2015-10-07,,15.375,15.635,15.34,,0.0,15.481,28841.0,41.56006558747407,41.275499541852206,41.973491729226616,41.18153905509027,42.843297378108566,43443.0,43.97887697526002,47952.0,41.9681225585545,32569.0,42.794079980280884,41.77598295093111,42.12191094709139,2.6316376551796266,-2.995175136286743,2.0,10.0
2015-10-08,,14.75,15.375,14.705,,0.0,15.292,55792.0,41.0526789589596,39.59763370681756,41.275499541852206,39.47682736669507,41.56006558747407,28841.0,42.843297378108566,43443.0,43.97887697526002,47952.0,41.81868064151408,42.1130901667015,41.780968609412355,2.301287870039237,-1.2208513661907894,3.0,10.0
2015-10-09,,14.59,14.845,14.535,,0.0,14.645,32515.0,39.315752246531744,39.1681000530487,39.85266931374283,39.02044785956564,41.0526789589596,55792.0,41.56006558747407,28841.0,42.843297378108566,43443.0,40.64283226432181,42.287971725735964,41.56409246547816,1.9669789182619972,-4.230970442061199,4.0,10.0
2015-10-11,,14.515,14.555,14.265,,0.0,14.356,54931.0,38.53990708441172,38.96675615284454,39.07413956628675,38.29560981883068,39.315752246531744,32515.0,41.0526789589596,55792.0,41.56006558747407,28841.0,39.63611276330102,41.3226715413286,41.215096371790956,1.9011002193708415,-1.9733697507681836,6.0,10.0
2015-10-12,,14.11,14.11,14.11,,0.0,14.11,53604.0,37.87949909174208,37.87949909174208,37.87949909174208,37.87949909174208,38.53990708441172,54931.0,39.315752246531744,32515.0,41.0526789589596,55792.0,38.578386140895184,40.73858247464112,40.86092286352708,2.2633235702442036,-1.7135692393424495,0.0,10.0
2015-11-02,,16.93,17.075,16.71,,0.0,16.761,39653.0,44.99633481762503,45.45002973941839,45.83929461314643,44.8594209654862,37.87949909174208,53604.0,38.53990708441172,54931.0,39.315752246531744,32515.0,40.471913664592954,40.88393359497898,41.12938139713261,2.523782195696816,18.788093550673302,0.0,11.0
2015-11-03,,15.625,15.73,15.26,,0.0,15.365,39242.0,41.24865368849165,41.94664587586606,42.22852733615188,40.96677222820583,44.99633481762503,39653.0,37.87949909174208,53604.0,38.53990708441172,54931.0,41.37482919928625,40.65612735360513,41.28067695642888,2.385634225756583,-8.328858659984494,1.0,11.0
2015-11-05,,16.275,16.55,16.2,,0.0,16.314,33214.0,43.79632517240825,43.69162634430209,44.42988731171733,43.49028244409793,41.24865368849165,39242.0,44.99633481762503,39653.0,37.87949909174208,53604.0,43.34710455950832,40.97559300859573,41.375787979763416,2.660727777386701,6.176374877969404,3.0,11.0
2015-11-06,,15.96,16.04,15.77,,0.0,15.96,48594.0,42.84598196344463,42.84598196344463,43.06074879032906,42.3359107495941,43.79632517240825,33214.0,41.24865368849165,39242.0,44.99633481762503,39653.0,42.6303202747815,41.23177915209359,41.672434659397545,2.7540826376483984,-2.169915410077239,4.0,11.0
2015-11-08,,15.23,15.38,15.065,,0.0,15.284,61470.0,41.031202276271166,40.88623466812416,41.28892246853248,40.44327808767502,42.84598196344463,48594.0,43.79632517240825,33214.0,41.24865368849165,39242.0,42.55783647070802,41.47684344205636,41.88240758389616,2.6286404434850357,-4.235588972431059,6.0,11.0
2015-11-09,,14.685,14.745,14.25,,0.0,14.505,39150.0,38.939910299483984,39.42313565997396,39.58421078013728,38.25534103878984,41.031202276271166,61470.0,42.84598196344463,48594.0,43.79632517240825,33214.0,40.939031513066595,41.53398675849525,41.42832914991193,2.5575405039960755,-5.096833289714741,0.0,11.0
2015-11-11,,14.29,14.263,14.263,,0.0,14.263,53604.0,38.290240648158566,38.36272445223206,38.290240648158566,38.290240648158566,38.939910299483984,39150.0,41.031202276271166,61470.0,42.84598196344463,48594.0,39.4204510746379,41.59266412369761,41.16562329916936,2.4626742939010673,-1.6683902102723303,2.0,11.0
2015-11-12,,14.07,14.135,13.75,,0.0,13.884,51007.0,37.27278280579356,37.77211567829987,37.94661372514347,36.91304837076213,38.290240648158566,53604.0,38.939910299483984,39150.0,41.031202276271166,61470.0,38.1676445844787,40.489299550578835,40.68661657277891,2.41326524328304,-2.6572249877304888,3.0,11.0
2015-12-01,,16.65,16.69,16.43,,0.0,16.564,24088.0,44.46747150642211,44.69834584532287,44.80572925876509,44.10773707139068,37.27278280579356,51007.0,38.290240648158566,53604.0,38.939910299483984,39150.0,40.01016498679141,40.94913066742604,40.80262901051558,2.8493337121150972,19.302794583693462,1.0,12.0
2015-12-02,,16.795,17.04,16.605,,0.0,16.794,39069.0,45.08492613371485,45.08761071905092,45.745334126384485,44.57753950520038,44.46747150642211,24088.0,37.27278280579356,51007.0,38.290240648158566,53604.0,42.275060148643504,41.13321651904126,41.0544047638185,3.0949768443504664,1.3885534894952922,2.0,12.0
2015-12-03,,15.485,15.685,15.385,,0.0,15.516,28398.0,41.65402607423602,41.5708039288183,42.107720996029386,41.30234539521276,45.08492613371485,39069.0,44.46747150642211,24088.0,37.27278280579356,51007.0,43.735474571457665,40.96293710629718,41.09735812919538,3.016841659163936,-7.609860664523027,3.0,12.0
2015-12-05,,16.285,16.595,16.12,,0.0,16.526,37568.0,44.365457263652,43.71847219766264,44.55069365183982,43.27551561721349,41.65402607423602,28398.0,45.08492613371485,39069.0,44.46747150642211,24088.0,43.701469823867626,41.43925924735158,41.458051344703975,3.2810644967796065,6.509409641660202,5.0,12.0
2015-12-06,,15.98,16.005,15.785,,0.0,15.825,37044.0,42.483562943077146,42.89967367016573,42.96678830356712,42.376179529634925,44.365457263652,37568.0,41.65402607423602,28398.0,45.08492613371485,39069.0,42.834348760321724,41.945495339293466,41.73974104889436,3.099521618260164,-4.241800798741369,6.0,12.0
2015-12-08,,15.29,15.57,15.125,,0.0,15.476,65114.0,41.5466426607938,41.047309788287485,41.79899368238301,40.60435320783834,42.483562943077146,37044.0,44.365457263652,37568.0,41.65402607423602,28398.0,42.79855428917432,42.41069562681279,42.0016798752552,2.6747436955684436,-2.2053712480252785,1.0,12.0
2015-12-10,,15.83,16.075,15.765,,0.0,15.864,35623.0,42.588261771183305,42.496985869757424,43.154709277091,42.32248782291382,41.5466426607938,65114.0,42.483562943077146,37044.0,44.365457263652,37568.0,42.20615579168475,43.170049764725604,41.82967465765222,1.4446783756125052,2.5071077797880648,3.0,12.0
2015-12-11,,14.275,14.465,14.155,,0.0,14.225,65687.0,38.188226405388455,38.32245567219123,38.83252688604177,38.000305431864575,42.588261771183305,35623.0,41.5466426607938,65114.0,42.483562943077146,37044.0,40.774376945788525,42.273014750292226,41.611072708859126,2.237004386143388,-10.331568330811914,4.0,12.0
2016-01-02,,14.255,14.42,14.2,,0.0,14.343,34042.0,38.505007475043,38.26876396547012,38.71172054591927,38.121111771987074,38.188226405388455,65687.0,42.588261771183305,35623.0,41.5466426607938,65114.0,39.76049855053825,41.33302637048196,41.23312144476161,2.2409491240919097,0.8295254833040611,5.0,1.0
2016-01-03,,14.915,15.105,14.745,,0.0,14.756,39707.0,39.61374121883389,40.0405902872667,40.55066150111723,39.58421078013728,38.505007475043,34042.0,38.188226405388455,65687.0,42.588261771183305,35623.0,38.76899169975511,41.04155710542451,41.00224710586084,2.3234076323425352,2.879453391898479,6.0,1.0
2016-01-04,,15.445,15.48,14.785,,0.0,15.046,68114.0,40.39227096628996,41.463420515376086,41.55738100213802,39.6915941935795,39.61374121883389,39707.0,38.505007475043,34042.0,38.188226405388455,65687.0,39.50367322005562,40.473959062944225,40.956609155147895,1.8031188544658159,1.9653022499322326,0.0,1.0
2016-01-06,,16.02,16.105,15.83,,0.0,15.927,55824.0,42.7573906473548,43.007057083607954,43.23524683717266,42.496985869757424,40.39227096628996,68114.0,39.61374121883389,39707.0,38.505007475043,34042.0,40.92113427749289,40.51307730641246,41.22928632285296,1.856172855044079,5.855376844344029,2.0,1.0
2016-01-07,,18.815,19.98,18.795,,0.0,19.588,25064.0,52.58565756265373,50.51047309788287,53.63801501438745,50.45678139116177,42.7573906473548,55824.0,40.39227096628996,68114.0,39.61374121883389,39707.0,45.2451063920995,42.09007943524959,42.25038753103119,4.965592490796473,22.98612419162429,3.0,1.0
2016-01-08,,20.41,20.695,20.335,,0.0,20.5,56350.0,55.03399938913627,54.79238670889128,55.55749352966708,54.59104280868713,52.58565756265373,25064.0,42.7573906473548,55824.0,40.39227096628996,68114.0,50.12568253304826,43.86804195210002,43.51904585841281,6.989414327651011,4.655911782724087,4.0,1.0
2016-01-09,,18.72,18.995,18.65,,0.0,18.943,45859.0,50.85410002089797,50.2554374909576,50.99369845837285,50.06751651743373,55.03399938913627,56350.0,52.58565756265373,25064.0,42.7573906473548,55824.0,52.82458565756266,45.67745246860137,43.975233609446796,6.913012050194546,-7.595121951219519,5.0,1.0
2016-01-11,,17.89,18.51,17.85,,0.0,18.418,89028.0,49.44469271946887,48.0272316620316,49.69167457038597,47.91984824858939,50.85410002089797,45859.0,55.03399938913627,56350.0,52.58565756265373,25064.0,51.777597376501035,47.240264646376495,44.286645508429224,6.223475345254315,-2.771472311671852,0.0,1.0
2016-01-12,,16.555,16.735,16.3,,0.0,16.506,59178.0,44.311765556930894,44.44331023839761,44.92653559888758,43.75874097770348,49.44469271946887,89028.0,50.85410002089797,45859.0,55.03399938913627,56350.0,48.20351943243258,47.91141098039036,44.47648404290744,5.471883553712494,-10.381148876099466,1.0,1.0
2016-02-02,,14.295,14.405,14.23,,0.0,14.289,32618.0,38.36003986689601,38.376147378912336,38.67145176587844,38.20164933206873,44.311765556930894,59178.0,49.44469271946887,89028.0,50.85410002089797,45859.0,44.03883271443192,47.6210922519055,44.04752565742486,5.968672194601029,-13.431479462013819,1.0,2.0
2016-02-03,,14.83,15.045,14.77,,0.0,15.022,39080.0,40.32784091822464,39.812400533702,40.38958638095391,39.65132541353867,38.36003986689601,32618.0,44.311765556930894,59178.0,49.44469271946887,89028.0,40.99988211401718,47.27401371917262,43.893545512792535,6.3566626957149115,5.1298201413674915,2.0,2.0
2016-02-05,,17.875,18.06,17.53,,0.0,17.682,55255.0,47.46883791213208,47.98696288199077,48.48361116916102,47.06078094105165,40.32784091822464,39080.0,38.36003986689601,32618.0,44.311765556930894,59178.0,42.05223956575091,46.54303948338382,44.3165594593167,5.923499761895044,17.707362534948757,4.0,2.0
2016-02-06,,15.985,16.065,15.925,,0.0,16.025,36202.0,43.02048001028823,42.91309659684601,43.127863423730446,42.752021476682685,47.46883791213208,55255.0,40.32784091822464,39080.0,38.36003986689601,32618.0,43.60571961354831,44.82682242926267,44.34743219068134,4.658707167899513,-9.371111865173631,5.0,2.0
2016-02-08,,20.53,20.835,20.385,,0.0,20.701,61315.0,55.57360104168341,55.114536949217936,55.93333547671484,54.7252720754899,43.02048001028823,36202.0,47.46883791213208,55255.0,40.32784091822464,39080.0,48.687639654701236,45.501036860803445,45.58924466470241,5.862373446214705,29.179407176287043,0.0,2.0
2016-02-09,,18.955,19.535,18.825,,0.0,20.138,7474.0,54.06217949748421,50.88631504493063,52.44337453984278,50.53731895124343,55.57360104168341,61315.0,43.02048001028823,36202.0,47.46883791213208,55255.0,50.88542018315195,46.160677829091355,46.70047123773393,6.594181687947845,-2.719675378001052,1.0,2.0
2016-02-11,,18.375,18.75,18.36,,0.0,18.693,77089.0,50.18295368688412,49.32925555001849,50.33597505103927,49.28898676997765,54.06217949748421,7474.0,55.57360104168341,61315.0,43.02048001028823,36202.0,53.27291140868391,46.99941899051324,47.4554149854518,6.692473535459986,-7.175489125037238,3.0,2.0
2016-02-12,,16.585,16.87,16.375,,0.0,16.832,61174.0,45.18694037648496,44.52384779847928,45.288954619255065,43.96008487790763,50.18295368688412,77089.0,54.06217949748421,7474.0,55.57360104168341,61315.0,49.81069118695109,47.97469049188309,47.7978913718943,5.6380158701447,-9.955598352324413,4.0,2.0
2016-03-02,,14.31,14.82,14.27,,0.0,14.734,62071.0,39.55468034144067,38.41641615895317,39.78555468034144,38.30903274551096,45.18694037648496,61174.0,50.18295368688412,77089.0,54.06217949748421,7474.0,44.974858134936575,47.86423898091395,47.56912635004329,5.817505242648925,-12.4643536121673,2.0,3.0
2016-03-03,,14.98,15.34,14.865,,0.0,15.146,41516.0,40.66072949989551,40.21508833411031,41.18153905509027,39.90636102046393,39.55468034144067,62071.0,45.18694037648496,61174.0,50.18295368688412,77089.0,41.800783405940386,46.891652064880155,46.71734577413199,6.431341658403974,2.7962535631871788,3.0,3.0
2016-03-05,,17.605,17.76,17.365,,0.0,17.499,59992.0,46.977558795633925,47.262124841255805,47.6782355683444,46.617824360602505,40.66072949989551,41516.0,39.55468034144067,62071.0,45.18694037648496,61174.0,42.39765621232337,47.456949034215256,46.14188573173897,6.204264869266589,15.53545490558561,5.0,3.0
2016-03-06,,16.015,16.47,15.97,,0.0,16.365,56578.0,43.93323902454708,42.99363415692768,44.215120484832894,42.872827816805184,46.977558795633925,59992.0,40.66072949989551,41516.0,39.55468034144067,62071.0,43.85717577335884,45.79404017462436,45.6475385177139,5.133826492050074,-6.480370306874661,6.0,3.0
2016-03-08,,20.675,20.77,20.405,,0.0,20.471,45117.0,54.956146414390666,55.50380182294597,55.75883742987124,54.77896378221101,43.93323902454708,56578.0,46.977558795633925,59992.0,40.66072949989551,41516.0,48.62231474485722,45.92174973418241,46.041213781636884,5.379047955852671,25.09013137794074,1.0,3.0
2016-03-10,,19.26,19.385,18.75,,0.0,18.868,53214.0,50.65275612069381,51.70511357242754,52.04068673943447,50.33597505103927,54.956146414390666,45117.0,43.93323902454708,56578.0,46.977558795633925,59992.0,49.847380519877184,45.9888643675838,46.494141679048525,5.443619708012177,-7.830589614576732,3.0,3.0
2016-03-11,,18.5,18.645,17.995,,0.0,18.416,79725.0,49.43932354879677,49.664828717025415,50.05409359075345,48.30911312231742,50.65275612069381,53214.0,54.956146414390666,45117.0,43.93323902454708,56578.0,51.682742027960415,46.59634767791407,47.28551908489858,5.574903703505556,-2.3955904176382936,4.0,3.0
2016-04-01,,13.815,14.185,13.8,,0.0,13.841,48963.0,37.15734563634317,37.087546417605736,38.08084299194624,37.0472776375649,49.43932354879677,79725.0,50.65275612069381,53214.0,54.956146414390666,45117.0,45.74980843527791,46.25387129147156,47.059055136192754,6.125982342401476,-24.842528236316276,4.0,4.0
2016-04-02,,14.705,14.93,14.65,,0.0,14.85,49932.0,39.8660922404231,39.47682736669507,40.080859067307536,39.32917517321202,37.15734563634317,48963.0,49.43932354879677,79725.0,50.65275612069381,53214.0,42.15425380852102,46.1403516829755,46.516001873927834,6.252949132879026,7.289935698287708,5.0,4.0
2016-04-03,,15.23,15.84,15.15,,0.0,15.694,82739.0,42.131882264053885,40.88623466812416,42.52383172311798,40.67146784123973,39.8660922404231,49932.0,37.15734563634317,48963.0,49.43932354879677,79725.0,39.71844004694005,45.448112178464065,46.452530606339664,6.411042293859553,5.6835016835016905,6.0,4.0
2016-04-04,,14.93,15.105,14.895,,0.0,14.944,35644.0,40.11844326201231,40.080859067307536,40.55066150111723,39.9868985805456,42.131882264053885,82739.0,39.8660922404231,49932.0,37.15734563634317,48963.0,40.70547258882977,44.90314135524482,45.34859076493458,6.716154125953181,-4.778896393526189,0.0,4.0
2016-04-05,,17.45,17.51,17.215,,0.0,17.301,49081.0,46.44601089909495,46.84601411416722,47.00708923433054,46.2151365601942,40.11844326201231,35644.0,42.131882264053885,82739.0,39.8660922404231,49932.0,42.89877880838705,43.68740771020258,44.804578722192495,5.189923491755637,15.772216274089912,1.0,4.0
2016-04-08,,20.45,20.55,20.08,,0.0,20.443,56853.0,54.88097802498111,54.8997701223335,55.16822865593904,53.90647354799299,46.44601089909495,49081.0,40.11844326201231,35644.0,42.131882264053885,82739.0,47.14847739536279,44.291439410815045,45.14015188919942,6.26947356836557,18.16079995375992,4.0,4.0
2016-04-10,,18.875,18.94,17.745,,0.0,17.775,99335.0,47.71850434838522,50.6715482180462,50.8460462648898,47.637966788303565,54.88097802498111,56853.0,46.44601089909495,49081.0,40.11844326201231,35644.0,49.681831090820424,44.04560809647053,45.32097788719229,6.064360706744771,-13.050922076016269,6.0,4.0
2016-04-11,,18.36,18.48,18.185,,0.0,18.371,54835.0,49.318517208674265,49.28898676997765,49.611137010304304,48.81918433616796,47.71850434838522,99335.0,54.88097802498111,56853.0,46.44601089909495,49081.0,50.63933319401354,45.78291832108926,46.01839480628041,5.475498573327474,3.353023909985975,0.0,4.0
2016-05-01,,13.86,14.065,13.845,,0.0,13.971,28946.0,37.50634173003039,37.20835275772823,37.75869275161959,37.1680839776874,49.318517208674265,54835.0,47.71850434838522,99335.0,54.88097802498111,56853.0,44.84778776236329,45.445811105318874,45.79308139414719,5.95236518863732,-23.950792009144827,6.0,5.0
2016-05-02,,14.88,15.065,14.67,,0.0,14.778,53212.0,39.67280209622711,39.946629800504766,40.44327808767502,39.382866879933125,37.50634173003039,28946.0,49.318517208674265,54835.0,47.71850434838522,99335.0,42.165887011643925,45.094513938486486,45.27131305847528,6.245872621066438,5.77625080523938,0.0,5.0
2016-05-04,,14.94,15.22,14.925,,0.0,15.116,38827.0,40.58019193981384,40.10770492066809,40.85938881476361,40.06743614062726,39.67280209622711,53212.0,37.50634173003039,28946.0,49.318517208674265,54835.0,39.25311192202378,45.16047803531527,45.031809695280046,6.186718485156525,2.2871836513736366,2.0,5.0
2016-05-05,,17.41,17.685,17.285,,0.0,17.327,53819.0,46.5158101178324,46.738630700725,47.47689166814024,46.40305753371807,40.58019193981384,38827.0,39.67280209622711,53212.0,37.50634173003039,28946.0,42.256268051291116,45.170449352277764,44.42892853124017,6.18919149280116,14.626885419423164,3.0,5.0
2016-05-07,,19.84,21.225,19.61,,0.0,19.907,169563.0,53.4420402848554,53.26217306733969,56.98032375777646,52.64471844004694,46.5158101178324,53819.0,40.58019193981384,38827.0,39.67280209622711,53212.0,46.84601411416722,44.96488681797409,44.62816311439457,5.826170923389777,14.890055981993422,5.0,5.0
2016-05-08,,20.41,20.47,19.715,,0.0,19.817,78673.0,53.20042760461041,54.79238670889128,54.9534618290546,52.92659990033276,53.4420402848554,169563.0,46.5158101178324,53819.0,40.58019193981384,38827.0,51.05275933576607,45.74801871172055,44.89681340409554,6.577920889547311,-0.4521022755814563,6.0,5.0
2016-05-10,,17.805,18.04,17.585,,0.0,17.695,75142.0,47.5037375215008,47.79904190846689,48.42991946243991,47.2084331345347,53.20042760461041,78673.0,53.4420402848554,169563.0,46.5158101178324,53819.0,51.3820684703222,45.48876447069576,45.63584139589251,6.44822790988216,-10.707977998687978,1.0,5.0
2016-05-12,,16.94,17.05,16.545,,0.0,16.899,52952.0,45.36680759400068,45.47687559277895,45.77217997974504,44.41646438503706,47.5037375215008,75142.0,53.20042760461041,78673.0,53.4420402848554,169563.0,48.69032424003729,46.61168816554867,46.02874963543377,5.430576340876816,-4.498445888669112,3.0,5.0
2016-06-01,,13.95,14.135,13.855,,0.0,13.976,39490.0,37.51976465671066,37.44996543797322,37.94661372514347,37.19492983104795,45.36680759400068,52952.0,47.5037375215008,75142.0,53.20042760461041,78673.0,43.46343659073738,46.30411138847489,45.69931266348068,5.927333088547172,-17.29688147227647,2.0,6.0
2016-06-04,,15.13,15.195,14.915,,0.0,15.054,40530.0,40.41374764897841,40.61777613451862,40.792274181362224,40.0405902872667,37.51976465671066,39490.0,45.36680759400068,52952.0,47.5037375215008,75142.0,41.10010663322992,46.28033363264126,45.72040583397826,5.954393877810238,7.713222667429864,5.0,6.0
2016-06-05,,17.37,17.635,17.22,,0.0,17.527,51259.0,47.05272718504348,46.63124728728278,47.34266240133747,46.22855948687447,40.41374764897841,40530.0,37.51976465671066,39490.0,45.36680759400068,52952.0,41.66207983024419,46.35703607081427,45.763742711546016,5.961386842130879,16.427527567423937,6.0,6.0
2016-06-06,,16.415,16.545,16.365,,0.0,16.447,44117.0,44.15337502210362,44.06746829134985,44.41646438503706,43.93323902454708,47.05272718504348,51259.0,40.41374764897841,40530.0,37.51976465671066,39490.0,43.87328328537516,45.03008389042115,44.99748535419762,5.091856589536879,-6.161921606664011,0.0,6.0
2016-06-07,,20.015,20.585,19.93,,0.0,20.203,76564.0,54.23667754432781,53.73197550114939,55.26218914270098,53.50378574758467,44.15337502210362,44117.0,47.05272718504348,51259.0,40.41374764897841,40530.0,48.480926583824974,45.178119596095065,45.4630691539078,5.376111814926326,22.83699154861072,1.0,6.0
2016-06-09,,19.595,20.22,19.38,,0.0,19.848,97889.0,53.28364975002813,52.6044496600061,54.28231549504075,52.02726381275419,54.23667754432781,76564.0,44.15337502210362,44117.0,47.05272718504348,51259.0,50.55790077215318,46.00382134302754,45.746292906861655,6.177028765200424,-1.757164777508291,3.0,6.0
2016-06-10,,17.785,17.88,17.14,,0.0,17.345,68853.0,46.564132653881394,47.74535020174578,48.00038580867105,46.01379265999003,53.28364975002813,97889.0,54.23667754432781,76564.0,44.15337502210362,44117.0,51.36148664941245,46.174867780153356,46.39327797285102,6.173025598787684,-12.61084240225716,4.0,6.0
2016-06-12,,16.79,16.955,16.745,,0.0,16.81,44809.0,45.12787949909174,45.07418779237063,45.51714437281977,44.95338145224814,46.564132653881394,68853.0,53.28364975002813,97889.0,54.23667754432781,76564.0,48.32522063433375,47.26174132906494,46.782926358769906,4.942229352962678,-3.0844623810896477,6.0,6.0
2016-07-01,,14.33,14.385,13.92,,0.0,14.344,65190.0,38.50769206037906,38.47010786567428,38.61776005915733,37.36942787789155,45.12787949909174,44809.0,46.564132653881394,68853.0,53.28364975002813,97889.0,43.39990140445073,46.98944767355074,46.63489065309601,5.4125339133034105,-14.669839381320637,4.0,7.0
2016-07-03,,15.575,15.83,15.495,,0.0,15.633,48158.0,41.9681225585545,41.81241660906329,42.496985869757424,41.597649782178856,38.50769206037906,65190.0,45.12787949909174,44809.0,46.564132653881394,68853.0,41.86789803934176,46.263075584052324,46.310055827433295,5.734246926770455,8.986335750139407,6.0,7.0
2016-07-04,,15.055,15.365,15.055,,0.0,15.158,49249.0,40.692944523928176,40.41643223431446,41.24865368849165,40.41643223431446,41.9681225585545,48158.0,38.50769206037906,65190.0,45.12787949909174,44809.0,40.389586380953915,45.768728370027254,45.3994061302242,6.084877378836147,-3.038444316509936,0.0,7.0
2016-07-06,,16.485,16.49,16.245,,0.0,16.394,52915.0,44.01109199929268,44.25538926487373,44.268812191554005,43.61108878422043,40.692944523928176,49249.0,41.9681225585545,48158.0,38.50769206037906,65190.0,42.22405302725845,44.30793043502224,44.74302501555866,4.806246013221034,8.154110040902474,2.0,7.0
2016-07-07,,20.165,20.335,19.525,,0.0,19.838,66521.0,53.256803896667584,54.1346633015577,54.59104280868713,52.41652868648222,44.01109199929268,52915.0,40.692944523928176,49249.0,41.9681225585545,48158.0,45.986946806629476,44.30409531311359,45.153958328070566,4.7978936435910535,21.0076857386849,3.0,7.0
2016-07-09,,20.115,20.235,19.815,,0.0,19.848,53141.0,53.28364975002813,54.00043403475493,54.32258427508158,53.1950584339383,53.256803896667584,66521.0,44.01109199929268,52915.0,40.692944523928176,49249.0,50.1838485486628,45.26402632684884,45.7194470535011,5.876408437376238,0.050408307289040444,5.0,7.0
2016-07-10,,17.345,17.685,17.115,,0.0,17.38,86771.0,46.65809314064334,46.564132653881394,47.47689166814024,45.94667802658864,53.28364975002813,53141.0,53.256803896667584,66521.0,44.01109199929268,52915.0,51.066182262446354,45.482628275641915,46.37218480235343,5.898918479626889,-12.434502216848042,6.0,7.0
2016-07-11,,18.27,18.29,18.005,,0.0,18.151,57894.0,48.72790843474207,49.04737408973267,49.101065796453774,48.335958975677976,46.65809314064334,86771.0,53.28364975002813,53141.0,53.256803896667584,66521.0,49.55655044180452,46.94265918626521,46.96605342990798,5.09482926864641,4.4361334867663915,0.0,7.0
2016-07-12,,16.78,17.3,16.705,,0.0,17.275,62669.0,46.37621168035752,45.04734193901008,46.4433263137589,44.84599803880592,48.72790843474207,57894.0,46.65809314064334,86771.0,53.28364975002813,53141.0,47.25407108524765,47.57238620366564,46.91773089385898,4.628582701744704,-4.826180375736866,1.0,7.0
2016-08-01,,14.325,14.34,13.87,,0.0,13.918,51073.0,37.36405870721944,38.456684938994,38.49695371903484,37.235198611088784,46.37621168035752,62669.0,48.72790843474207,57894.0,46.65809314064334,86771.0,44.15605960743968,47.09683108699297,46.43277972851011,5.535383617061205,-19.432706222865427,0.0,8.0
2016-08-02,,15.0,15.48,14.9,,0.0,15.426,67423.0,41.412413393991024,40.268780040831416,41.55738100213802,40.00032150722588,37.36405870721944,51073.0,46.37621168035752,62669.0,48.72790843474207,57894.0,41.717561260522665,46.72559128623559,45.516760860628914,5.854754714356318,10.834890070412406,1.0,8.0
2016-08-03,,15.65,15.76,15.35,,0.0,15.39,51402.0,41.31576832189304,42.01376050926745,42.30906489623354,41.20838490845082,41.412413393991024,67423.0,37.36405870721944,51073.0,46.37621168035752,62669.0,40.03074680770117,45.019729061267796,44.661912187190694,5.352703388950969,-0.2333722287047646,2.0,8.0
2016-08-04,,15.215,15.39,15.12,,0.0,15.384,41592.0,41.29966080987671,40.845965888083335,41.31576832189304,40.59093028115807,41.31576832189304,51402.0,41.412413393991024,67423.0,37.36405870721944,51073.0,41.342614175253594,43.30773064124617,44.285878484047494,4.019505648176037,-0.038986354775816245,3.0,8.0
2016-08-06,,16.41,17.115,16.39,,0.0,16.985,70751.0,45.59768193290144,44.05404536466957,45.94667802658864,44.00035365794847,41.29966080987671,41592.0,41.31576832189304,51402.0,41.412413393991024,67423.0,42.737703688223725,43.15624332585446,44.319435800748195,3.890091325578126,10.406916276651025,5.0,8.0
2016-08-07,,19.735,20.39,19.28,,0.0,20.099,80162.0,53.95748066937804,52.98029160705386,54.738695002170175,51.75880527914865,45.59768193290144,70751.0,41.29966080987671,41592.0,41.31576832189304,51402.0,46.95160780405206,43.90332507365961,45.4229921299624,5.362108124426384,18.333823962319705,6.0,8.0
2016-08-08,,19.55,19.89,19.515,,0.0,19.805,48030.0,53.16821258057775,52.48364331988361,53.39640233414246,52.38968283312168,53.95748066937804,80162.0,45.59768193290144,70751.0,41.29966080987671,41592.0,50.90779172761908,44.87361091654821,46.22299856010692,6.39851559942002,-1.4627593412607554,0.0,8.0
2016-08-09,,19.87,20.02,19.63,,0.0,19.678,48853.0,52.82727024289871,53.34271062742135,53.74539842782967,52.69841014676805,53.16821258057775,48030.0,53.95748066937804,80162.0,45.59768193290144,70751.0,53.31765449761817,47.082641135930956,47.08973611146196,6.032614579380315,-0.6412522090381234,1.0,8.0
2016-08-11,,18.2,18.73,18.175,,0.0,18.356,81745.0,49.27824842863344,48.85945311620879,50.28228334431816,48.7923384828074,52.82727024289871,48853.0,53.16821258057775,48030.0,53.95748066937804,80162.0,51.75791041736997,48.206331855165594,47.465961570700586,5.510370146232707,-6.718162414879558,3.0,8.0
2016-08-12,,17.2,17.29,17.025,,0.0,17.096,45660.0,45.8956709052036,46.17486778015336,46.41648046039835,45.70506534634365,49.27824842863344,81745.0,52.82727024289871,48853.0,53.16821258057775,48030.0,49.333729858911916,48.86060365278138,46.94016635702459,4.779258345784097,-6.864240575288727,4.0,8.0
2016-09-02,,15.275,15.47,15.205,,0.0,15.449,53532.0,41.47415885672031,41.00704100824666,41.530535148777474,40.81912003472278,45.8956709052036,45660.0,49.27824842863344,81745.0,52.82727024289871,48853.0,45.54935939685245,48.885531945187616,46.09663129321689,4.733483955251354,-9.633832475432857,4.0,9.0
2016-09-03,,15.37,15.455,15.205,,0.0,15.366,42994.0,41.2513382738277,41.26207661517193,41.49026636873664,40.81912003472278,41.47415885672031,53532.0,45.8956709052036,45660.0,49.27824842863344,81745.0,42.87372267858387,48.264625708177086,45.71043451701576,5.465154855234566,-0.5372516020454632,5.0,9.0
2016-09-05,,17.475,17.505,16.96,,0.0,17.089,55525.0,45.876878807851206,46.91312874756861,46.993666307650265,45.530567299500056,41.2513382738277,42994.0,41.47415885672031,53532.0,45.8956709052036,45660.0,42.86745864613308,47.11025401367324,45.506789543666414,4.884878455284359,11.213067812052602,0.0,9.0
2016-09-06,,17.055,17.34,16.95,,0.0,17.268,60849.0,46.35741958300513,45.78560290642532,46.55070972720112,45.5037214461395,45.876878807851206,55525.0,41.2513382738277,42994.0,41.47415885672031,53532.0,44.49521222156134,46.137283585448586,45.50544725099839,4.090913154779304,1.0474574287553606,1.0,9.0
2016-09-08,,19.75,19.9,19.605,,0.0,19.85,41749.0,53.28901892070024,53.0205603870947,53.423248187503006,52.63129551336666,46.35741958300513,60849.0,45.876878807851206,55525.0,41.2513382738277,42994.0,48.50777243718553,46.20324768227738,46.642944409104174,4.2184981654970395,14.952513319434768,3.0,9.0
2016-09-09,,19.68,19.725,19.08,,0.0,19.368,53213.0,51.99504878872152,52.83263941357082,52.95344575369332,51.22188821193756,53.28901892070024,41749.0,46.35741958300513,60849.0,45.876878807851206,55525.0,50.54716243080896,46.59136201943282,47.398846937299204,4.651330668554057,-2.428211586901763,4.0,9.0
2016-09-11,,18.4,19.005,18.275,,0.0,18.378,153929.0,49.337309306026654,49.39637018341987,51.0205443117334,49.06079701641294,51.99504878872152,53213.0,53.28901892070024,41749.0,46.35741958300513,60849.0,51.540459005149465,47.08302464812182,47.97181415045161,4.746461441968776,-5.11152416356876,6.0,9.0
2016-09-12,,17.075,17.185,16.85,,0.0,16.967,45150.0,45.54935939685244,45.83929461314643,46.13459900011253,45.23526291253396,49.337309306026654,153929.0,51.99504878872152,53213.0,53.28901892070024,41749.0,48.96057249720021,47.665196153854986,48.27536404952131,4.157195876288115,-7.677658069430859,0.0,9.0
2016-10-02,,15.285,15.325,15.11,,0.0,15.282,55674.0,41.02583310559905,41.03388686160721,41.14127027504944,40.56408442779751,45.54935939685244,45150.0,49.337309306026654,153929.0,51.99504878872152,53213.0,45.304167269492716,47.63298112982232,47.948803418999695,4.215644858735645,-9.931042612129415,6.0,10.0
2016-10-03,,15.31,15.665,15.165,,0.0,15.549,62173.0,41.74261739032585,41.1010014950086,42.05402928930828,40.71173662128056,41.02583310559905,55674.0,45.54935939685244,45150.0,49.337309306026654,153929.0,42.77260329759245,47.04237235589012,47.07631318478168,4.757463049450632,1.7471535139379712,0.0,10.0
2016-10-05,,17.05,17.19,16.925,,0.0,17.092,42059.0,45.884932563859365,45.77217997974504,46.14802192679281,45.43660681273811,41.74261739032585,62173.0,41.02583310559905,55674.0,45.54935939685244,45150.0,42.88446101992809,46.97487421029787,46.556078897873235,4.7721298979039615,9.923467747121983,2.0,10.0
2016-10-06,,17.28,17.38,17.16,,0.0,17.33,50640.0,46.52386387384056,46.3896346070378,46.65809314064334,46.067484366711135,45.884932563859365,42059.0,41.74261739032585,62173.0,41.02583310559905,55674.0,44.71713794267526,46.00842348931792,46.10583558579765,3.8823562540877177,1.392464310788677,3.0,10.0
2016-10-08,,19.92,20.515,19.9,,0.0,20.17,70815.0,54.14808622823799,53.47693989422413,55.0742681691771,53.423248187503006,46.52386387384056,50640.0,45.884932563859365,42059.0,41.74261739032585,62173.0,48.8522942219793,46.3160002663917,46.45368114291226,4.475644147555057,16.387766878245856,5.0,10.0
2016-10-10,,17.6,17.84,17.57,,0.0,17.659,56552.0,47.4070924494028,47.248701914575534,47.893002395228834,47.16816435449387,54.14808622823799,70815.0,46.52386387384056,50640.0,45.884932563859365,42059.0,49.35968085049379,46.04025500115972,46.56163982464078,4.315056370682893,-12.449181953396149,0.0,10.0
2016-10-11,,18.475,18.99,18.38,,0.0,18.737,112856.0,50.30107544167055,49.597714083624034,50.98027553169257,49.342678476698765,47.4070924494028,56552.0,54.14808622823799,70815.0,46.52386387384056,50640.0,50.618751373103784,46.719071578990885,47.19213386642293,4.589958925026886,6.104535930686894,1.0,10.0
2016-11-01,,13.965,14.075,13.825,,0.0,13.866,39564.0,37.22446026974456,37.49023421801405,37.78553860498015,37.11439227096629,50.30107544167055,112856.0,47.4070924494028,56552.0,54.14808622823799,70815.0,44.97754272027263,46.17601831672596,46.904499723274135,5.508730484115903,-25.996691039120456,1.0,11.0
2016-11-02,,15.285,15.99,15.285,,0.0,15.794,89542.0,42.40034079765943,41.03388686160721,42.92651952352629,41.03388686160721,37.22446026974456,39564.0,50.30107544167055,112856.0,47.4070924494028,56552.0,43.30862550302485,46.269978803487895,46.65617557968902,5.425488706436779,13.90451464012694,2.0,11.0
2016-11-03,,15.615,15.755,15.48,,0.0,15.605,44221.0,41.89295416914495,41.91980002250551,42.29564196955327,41.55738100213802,42.40034079765943,89542.0,37.22446026974456,39564.0,50.30107544167055,112856.0,40.505918412182986,45.69969617567155,46.337285192984716,5.676693496744788,-1.1966569583386266,3.0,11.0
2016-11-04,,15.38,15.985,15.37,,0.0,15.976,71422.0,42.88893532882152,41.28892246853248,42.91309659684601,41.26207661517193,41.89295416914495,44221.0,42.40034079765943,89542.0,37.22446026974456,39564.0,42.39407676520863,45.180420669240256,45.594422079279084,5.754457534791776,2.3774431272028274,4.0,11.0
2016-11-05,,17.155,17.62,17.125,,0.0,17.319,49082.0,46.49433343514395,46.054061440030864,47.30239362129664,45.9735238799492,42.88893532882152,71422.0,41.89295416914495,44221.0,42.40034079765943,89542.0,43.75874097770347,44.087027413083966,45.201513839737835,4.313186536820261,8.40635953930895,5.0,11.0
2016-11-07,,20.4,20.76,20.17,,0.0,20.304,72018.0,54.5078206632694,54.76554085553072,55.73199157651068,54.14808622823799,46.49433343514395,49082.0,42.88893532882152,71422.0,41.89295416914495,44221.0,47.96369647574496,45.10141715792206,45.57083607954088,5.802135567259408,17.235406201281833,0.0,11.0
2016-11-08,,20.19,20.34,19.905,,0.0,20.02,71486.0,53.74539842782967,54.20177793495909,54.604465735367405,53.43667111418329,54.5078206632694,72018.0,46.49433343514395,49082.0,42.88893532882152,71422.0,51.58251750874768,45.59346329880193,46.1562674388964,6.428787637631942,-1.398739164696594,1.0,11.0
2016-11-10,,17.66,17.855,17.465,,0.0,17.509,57562.0,47.00440464899449,47.40977703473885,47.93327117526966,46.88628289420805,53.74539842782967,71486.0,54.5078206632694,72018.0,46.49433343514395,49082.0,51.75254124669785,46.99059821012334,46.583308263424655,5.264068531229678,-12.542457542457552,3.0,11.0
2016-11-11,,18.605,18.85,17.17,,0.0,17.382,167945.0,46.66346231131545,49.94671017731123,50.604433584644816,46.0943302200717,47.00440464899449,57562.0,53.74539842782967,71486.0,54.5078206632694,72018.0,49.137755129379876,47.599615569217065,46.934797186352476,4.8768628028470955,-0.7253412530698444,4.0,11.0
2016-12-01,,13.875,13.91,13.73,,0.0,13.751,37293.0,36.91573295609819,37.24862153776906,37.342582024531,36.85935666404102,46.66346231131545,167945.0,47.00440464899449,57562.0,53.74539842782967,71486.0,43.5278666388027,46.888583967353235,46.294140071512395,6.065519304102625,-20.889425842825915,3.0,12.0
2016-12-02,,15.705,15.74,15.345,,0.0,15.79,10978.0,42.3896024563152,42.161412702750496,42.25537318951243,41.19496198177055,36.91573295609819,37293.0,46.66346231131545,167945.0,47.00440464899449,57562.0,41.98959924124295,46.81725069985233,45.99883568454629,6.123059868647327,14.82801250818122,4.0,12.0
2016-12-04,,15.95,16.23,15.8,,0.0,16.222,72596.0,43.54934332149115,42.81913611008408,43.57082000417959,42.41644830967576,42.3896024563152,10978.0,36.91573295609819,37293.0,46.66346231131545,167945.0,40.95155957796818,46.39653782647336,45.24178261977867,6.248828166826559,2.7359088030399104,6.0,12.0
2016-12-05,,17.445,17.485,17.0,,0.0,17.103,52997.0,45.91446300255599,46.83259118748694,46.93997460092916,45.63795071294227,43.54934332149115,72596.0,42.3896024563152,10978.0,36.91573295609819,37293.0,43.951136260120784,45.168915303514304,45.13516623071818,5.1344783606576305,5.430896313648148,0.0,12.0
2016-12-07,,20.365,20.595,20.02,,0.0,20.171,79859.0,54.150770813574034,54.67158036876879,55.28903499606153,53.74539842782967,45.91446300255599,52997.0,43.54934332149115,72596.0,42.3896024563152,10978.0,47.8715257125404,45.22682564433493,45.41014447156842,5.248355275469245,17.938373384786278,2.0,12.0
2016-12-08,,20.0,20.235,19.66,,0.0,19.703,76105.0,52.894384876300094,53.69170672110856,54.32258427508158,52.778947706849706,54.150770813574034,79859.0,45.91446300255599,52997.0,43.54934332149115,72596.0,50.98653956414338,46.06825139109287,46.52942480060811,5.999265163779261,-2.320162609687171,3.0,12.0
2016-12-09,,19.205,19.245,18.765,,0.0,19.0,80455.0,51.007121385053125,51.55746137894449,51.66484479238671,50.3762438310801,52.894384876300094,76105.0,54.150770813574034,79859.0,45.91446300255599,52997.0,52.68409235830908,46.688774115912544,47.144194842564794,6.288745458430449,-3.567984570877536,4.0,12.0
2016-12-10,,17.495,17.64,17.38,,0.0,17.505,44747.0,46.993666307650265,46.96682045428971,47.35608532801775,46.65809314064334,51.007121385053125,80455.0,52.894384876300094,76105.0,54.150770813574034,79859.0,50.29839085633449,48.12847888041998,47.50853142388661,4.607264078244924,-7.868421052631569,5.0,12.0
2016-12-12,,16.915,17.265,16.735,,0.0,17.187,51679.0,46.13996817078464,45.40976095937756,46.349365826996966,44.92653559888758,46.993666307650265,44747.0,51.007121385053125,80455.0,52.894384876300094,76105.0,48.04691862116268,48.664245411058474,47.740748055455406,4.007730977411826,-1.8166238217652064,0.0,12.0
2017-01-02,,17.57,17.665,17.36,,0.0,17.45,64466.0,46.84601411416722,47.16816435449387,47.42319996141913,46.60440143392223,46.13996817078464,51679.0,46.993666307650265,44747.0,51.007121385053125,80455.0,46.65988286420071,49.13519838144077,47.76586810395707,3.4632020415791818,1.5302263338569766,0.0,1.0
2017-01-03,,18.36,18.51,18.27,,0.0,18.489,76126.0,49.6352982783288,49.28898676997765,49.69167457038597,49.04737408973267,46.84601411416722,64466.0,46.13996817078464,51679.0,46.993666307650265,44747.0,47.54042685442689,49.66674627797975,47.41783079074702,3.1586329228178083,5.954154727793681,1.0,1.0
2017-01-05,,17.24,17.29,16.81,,0.0,16.842,70384.0,45.21378622984551,46.28225119359558,46.41648046039835,45.12787949909174,49.6352982783288,76126.0,46.84601411416722,64466.0,46.13996817078464,51679.0,47.23169954078051,48.390034194589944,46.80842991946245,2.8335546754917025,-8.907999350965435,3.0,1.0
2017-01-06,,17.315,17.37,16.985,,0.0,17.281,82027.0,46.39231919237384,46.483595093799735,46.63124728728278,45.59768193290144,45.21378622984551,70384.0,49.6352982783288,76126.0,46.84601411416722,64466.0,47.08046790018272,47.46116766831477,46.764709529703815,2.0751036759168073,2.606578791117431,4.0,1.0
2017-01-08,,16.835,16.845,16.59,,0.0,16.764,60358.0,45.00438857363319,45.19499413249313,45.22183998585368,44.53727072515955,46.39231919237384,82027.0,45.21378622984551,70384.0,49.6352982783288,76126.0,45.53683133195085,46.6036344095405,46.64620426272652,1.5357280751219509,-2.9917250159134157,6.0,1.0
2017-01-09,,17.88,17.985,17.86,,0.0,17.816,13684.0,47.8285723471635,48.00038580867105,48.28226726895687,47.94669410194994,45.00438857363319,60358.0,46.39231919237384,82027.0,45.21378622984551,70384.0,46.40842670439017,46.72290670089952,47.42569279065975,1.602057595582909,6.2753519446432815,0.0,1.0
2017-01-11,,16.71,17.21,16.67,,0.0,17.176,118792.0,46.11043773208802,44.8594209654862,46.20171363351392,44.75203755204399,47.8285723471635,13684.0,45.00438857363319,60358.0,46.39231919237384,82027.0,46.314466217628244,46.718688066800006,47.69146673892924,1.603886299333498,-3.5922766052986166,2.0,1.0
2017-01-12,,16.455,16.585,16.265,,0.0,16.388,96685.0,43.99498448727636,44.17485170479206,44.52384779847928,43.66478049094154,46.11043773208802,118792.0,47.8285723471635,13684.0,45.00438857363319,60358.0,45.977998188842626,46.311398120101316,47.723298250771045,1.9006955362505829,-4.5877969259431435,3.0,1.0
2017-02-02,,17.565,17.745,17.415,,0.0,17.429,60325.0,46.789637822110045,47.15474142781359,47.637966788303565,46.75205362740528,43.99498448727636,96685.0,46.11043773208802,118792.0,47.8285723471635,13684.0,45.63168668049148,45.90487519778435,47.78581073788205,1.2714451014014407,6.352208933365833,3.0,2.0
2017-02-03,,18.465,18.48,17.705,,0.0,17.748,96459.0,47.64602054431174,49.57086823026348,49.611137010304304,47.530583374861344,46.789637822110045,60325.0,43.99498448727636,96685.0,46.11043773208802,118792.0,46.14354761789938,46.2523372427081,47.321185718649026,1.3789071713229561,1.8302828618968592,4.0,2.0
2017-02-05,,16.88,17.015,16.8,,0.0,16.831,60576.0,45.18425579114891,45.31580047261562,45.678219492983104,45.10103364573119,47.64602054431174,96459.0,46.789637822110045,60325.0,43.99498448727636,96685.0,46.539971385856894,46.079756756818824,46.77046221256679,1.4330052799925668,-5.166779355420337,6.0,2.0
2017-02-06,,17.27,17.58,17.115,,0.0,17.525,99642.0,47.04735801437137,46.36278875367724,47.195010207854416,45.94667802658864,45.18425579114891,60576.0,47.64602054431174,96459.0,46.789637822110045,60325.0,46.62587811661067,46.37160953406713,46.48762197180382,1.3847150100300885,4.123343829837789,0.0,2.0
2017-02-08,,16.695,16.96,16.455,,0.0,16.733,76124.0,44.92116642821547,44.81915218544537,45.530567299500056,44.17485170479206,47.04735801437137,99642.0,45.18425579114891,60576.0,47.64602054431174,96459.0,45.71759341124525,45.95626583136028,46.3395862661299,1.3088217206667947,-4.519258202567755,2.0,2.0
2017-02-10,,16.67,16.75,16.565,,0.0,16.654,61413.0,44.70908418666709,44.75203755204399,44.966804378928416,44.47015609175816,44.92116642821547,76124.0,47.04735801437137,99642.0,45.18425579114891,60576.0,45.55920287641798,45.756072467728714,46.23738026726436,1.3861960647112634,-0.47212095858483183,4.0,2.0
2017-02-11,,17.15,17.255,17.05,,0.0,17.137,100434.0,46.00573890398186,46.04063851335058,46.32251997363641,45.77217997974504,44.70908418666709,61413.0,44.92116642821547,76124.0,47.04735801437137,99642.0,45.21199650628814,46.04332309868664,46.17736060939398,1.1483719750530443,2.900204155157904,5.0,2.0
2017-03-01,,15.97,16.55,15.935,,0.0,16.409,79733.0,44.05136077933352,42.872827816805184,44.42988731171733,42.77886733004324,46.00573890398186,100434.0,44.70908418666709,61413.0,44.92116642821547,76124.0,44.922061289994154,45.65214066400428,45.77850793089432,1.3071796289097297,-4.248118107019872,2.0,3.0
2017-03-02,,17.485,17.54,17.26,,0.0,17.479,64243.0,46.92386708891282,46.93997460092916,47.0876267944122,46.33594290031669,44.05136077933352,79733.0,46.00573890398186,100434.0,44.70908418666709,61413.0,45.6603222574094,45.54897588466158,45.900656563684834,1.1416028070405717,6.520811749649558,3.0,3.0
2017-03-03,,17.8,18.01,17.66,,0.0,17.74,78522.0,47.62454386162329,47.78561898178661,48.34938190235825,47.40977703473885,46.92386708891282,64243.0,44.05136077933352,79733.0,46.00573890398186,100434.0,46.199923909956546,45.89758846615791,45.98867261148837,1.3628272310893284,1.4932204359517032,4.0,3.0
2017-03-04,,18.265,18.29,18.09,,0.0,18.212,44891.0,48.89166814024145,49.03395116305239,49.101065796453774,48.564148729242696,47.62454386162329,78522.0,46.92386708891282,64243.0,44.05136077933352,79733.0,47.81335969692585,46.16106134128222,46.26633543767468,1.7464442810116074,2.6606538895152188,5.0,3.0
2017-03-05,,16.855,16.895,16.415,,0.0,16.546,84776.0,44.41914897037311,45.24868583921423,45.35606925265645,44.06746829134985,48.89166814024145,44891.0,47.62454386162329,78522.0,46.92386708891282,64243.0,46.978453657412615,46.08934456159045,46.02280519647536,1.8148150501323281,-9.147814627717988,6.0,3.0
2017-03-07,,16.135,16.175,16.01,,0.0,16.092,12692.0,43.20034722780394,43.315784397254326,43.42316781069654,42.9802112302474,44.41914897037311,84776.0,48.89166814024145,44891.0,47.62454386162329,78522.0,45.5037214461395,45.87381071032428,45.814941589026496,2.076749262745005,-2.7438655868487927,1.0,3.0
2017-03-08,,16.57,16.68,16.42,,0.0,16.63,57105.0,44.644654138601766,44.48357901843844,44.778883405404535,44.08089121803013,43.20034722780394,12692.0,44.41914897037311,84776.0,48.89166814024145,44891.0,44.0880501122596,45.6793700295557,45.86134656412117,2.1254840853726416,3.3432761620681317,2.0,3.0
2017-03-10,,16.605,16.69,16.57,,0.0,16.65,46399.0,44.69834584532287,44.57753950520038,44.80572925876509,44.48357901843844,44.644654138601766,57105.0,43.20034722780394,12692.0,44.41914897037311,84776.0,44.18111573724286,45.771796467554175,45.71196856577922,2.055816601304184,0.12026458208056479,4.0,3.0
2017-03-11,,17.125,17.195,16.77,,0.0,16.834,103898.0,45.192309547157066,45.9735238799492,46.161444853473085,45.020496085649526,44.69834584532287,46399.0,44.644654138601766,57105.0,43.20034722780394,12692.0,44.845103177027234,45.52443110444621,45.53670349455389,1.9974359565637432,1.1051051051051086,5.0,3.0
2017-04-01,,16.345,16.57,16.3,,0.0,16.552,52133.0,44.43525648238944,43.87954731782597,44.48357901843844,43.75874097770348,45.192309547157066,103898.0,44.69834584532287,46399.0,44.644654138601766,57105.0,44.77530395828979,45.068818621698526,45.48320354392822,1.7917054736976374,-1.6751811809433192,5.0,4.0
2017-04-04,,18.305,18.43,18.21,,0.0,18.323,47465.0,49.18965711254361,49.14133457649461,49.476907743501535,48.88629896956935,44.43525648238944,52133.0,45.192309547157066,103898.0,44.69834584532287,46399.0,46.27240771403004,45.11138847488454,45.63622490808338,1.8980558960101332,10.69961333977767,1.0,4.0
2017-04-05,,16.485,16.645,16.215,,0.0,16.303,98264.0,43.76679473371164,44.25538926487373,44.6849229186426,43.53055122413876,49.18965711254361,47465.0,44.43525648238944,52133.0,45.192309547157066,103898.0,45.79723610954823,45.01819501250433,45.55376978704739,1.9529310771869388,-11.024395568411283,2.0,4.0
2017-04-08,,16.7,16.75,16.17,,0.0,16.252,94930.0,43.62988088157281,44.832575112125646,44.966804378928416,43.40974488401627,43.76679473371164,98264.0,49.18965711254361,47465.0,44.43525648238944,52133.0,45.528777575942684,45.07955696304274,45.47668383668351,1.8920943990034815,-0.31282586027112647,5.0,4.0
2017-04-10,,16.665,16.92,16.555,,0.0,16.624,70993.0,44.62854662658543,44.7386146253637,45.42318388605784,44.44331023839761,43.62988088157281,94930.0,43.76679473371164,98264.0,49.18965711254361,47465.0,44.008407413956625,45.07725588989756,45.37831295972662,1.8927211487152273,2.288949052424316,0.0,4.0
2017-04-12,,16.37,16.455,16.265,,0.0,16.373,68045.0,43.95471570723552,43.94666195122736,44.17485170479206,43.66478049094154,44.62854662658543,70993.0,43.62988088157281,94930.0,43.76679473371164,98264.0,44.071047738464586,44.97102301302794,45.37140974029105,1.937863331596543,-1.5098652550529335,2.0,4.0
2017-05-01,,16.495,16.76,16.455,,0.0,16.637,65863.0,44.66344623595416,44.28223511823428,44.99365023228897,44.17485170479206,43.95471570723552,68045.0,44.62854662658543,70993.0,43.62988088157281,94930.0,44.41556952325838,44.89547111142752,45.20995110793687,1.9381075334132385,1.6124106761131296,0.0,5.0
2017-05-04,,18.32,18.325,18.145,,0.0,18.187,71728.0,48.82455350684007,49.18160335653544,49.19502628321572,48.71180092272574,44.66344623595416,65863.0,43.95471570723552,68045.0,44.62854662658543,70993.0,45.81423848334325,45.52251354349189,45.2956660825952,2.415615185631962,9.316583518663201,3.0,5.0
2017-05-05,,16.315,16.53,16.23,,0.0,16.274,86392.0,43.68894175896604,43.79900975774431,44.37619560499623,43.57082000417959,48.82455350684007,71728.0,44.66344623595416,65863.0,43.95471570723552,68045.0,45.72564716725342,44.736697064409384,44.92404276964696,1.8530457411031522,-10.518502226865333,4.0,5.0
2017-05-06,,17.55,17.65,17.495,,0.0,17.581,48594.0,47.19769479319048,47.11447264777276,47.3829311813783,46.96682045428971,43.68894175896604,86392.0,48.82455350684007,71728.0,44.66344623595416,65863.0,46.570396686332195,45.22682564433494,45.12251032841964,2.001536419340445,8.03121543566423,5.0,5.0
2017-05-07,,16.05,16.19,15.85,,0.0,15.896,132201.0,42.67416850193708,43.08759464368961,43.46343659073737,42.55067757647853,47.19769479319048,48594.0,43.68894175896604,86392.0,48.82455350684007,71728.0,44.520268351364535,45.09029530438697,45.08492613371486,2.1553124445933705,-9.584210226949551,6.0,5.0
2017-05-09,,17.98,18.09,17.835,,0.0,17.941,123091.0,48.16414551417043,48.26884434227659,48.564148729242696,47.87957946854856,42.67416850193708,132201.0,47.19769479319048,48594.0,43.68894175896604,86392.0,46.01200293643266,45.595380859756254,45.336318374826895,2.426306993009115,12.86487166582788,1.0,5.0
2017-05-10,,16.62,16.77,16.59,,0.0,16.638,52850.0,44.66613082129021,44.61780828524121,45.020496085649526,44.53727072515955,48.16414551417043,123091.0,42.67416850193708,132201.0,47.19769479319048,48594.0,45.16814827913257,45.69701159033549,45.33401730168172,2.3601276660192325,-7.2626943871578975,2.0,5.0
2017-05-12,,16.34,16.38,16.04,,0.0,16.068,80978.0,43.13591717973862,43.866124391145696,43.97350780458791,43.06074879032906,44.66613082129021,52850.0,48.16414551417043,123091.0,42.67416850193708,132201.0,45.322064505066415,45.47879315373327,45.1871321325804,2.5357059449378103,-3.4258925351604685,4.0,5.0
2017-06-01,,16.635,16.715,16.26,,0.0,16.519,65290.0,44.34666516629961,44.65807706528204,44.87284389216648,43.65135756426126,43.13591717973862,80978.0,44.66613082129021,52850.0,48.16414551417043,123091.0,44.04957105577614,44.83909481937035,45.18080418143112,2.0737217573628466,2.8068210107044855,3.0,6.0
2017-06-02,,17.52,17.76,17.46,,0.0,17.693,45823.0,47.498368350828684,47.0339350876911,47.6782355683444,46.87285996752777,44.34666516629961,65290.0,43.13591717973862,80978.0,44.66613082129021,52850.0,44.993650232288964,45.38329861820787,45.05999784130863,2.216517944578586,7.106967734124359,4.0,6.0
2017-06-03,,17.99,17.995,17.735,,0.0,17.773,48119.0,47.71313517771312,48.29569019563714,48.30911312231742,47.61112093494301,47.498368350828684,45823.0,44.34666516629961,65290.0,43.13591717973862,80978.0,46.51938956494714,45.45693295885396,45.34187930159444,2.2940452477807374,0.45215621997400923,5.0,6.0
2017-06-04,,18.295,18.355,18.165,,0.0,18.246,49324.0,48.98294404166733,49.11448872313406,49.27556384329738,48.76549262944685,47.71313517771312,48119.0,47.498368350828684,45823.0,44.34666516629961,65290.0,48.06481585673638,46.35818660738686,45.724240955886906,2.257544047325098,2.661340235188203,6.0,6.0
2017-06-06,,17.545,17.745,17.515,,0.0,17.71,73392.0,47.54400630154163,47.10104972109249,47.637966788303565,47.02051216101082,48.98294404166733,49324.0,47.71313517771312,48119.0,47.498368350828684,45823.0,48.08002850697403,46.26959529129703,45.93248807552664,2.1858931271041375,-2.9376301655157144,1.0,6.0
2017-06-07,,16.055,16.08,15.91,,0.0,15.983,65000.0,42.90772742617391,43.10101757036989,43.16813220377127,42.71175269664185,47.54400630154163,73392.0,48.98294404166733,49324.0,47.71313517771312,48119.0,46.47822592312762,46.01839480628041,45.85770319830795,2.4818715394164346,-9.751552795031039,2.0,6.0
2017-06-09,,17.98,18.07,17.885,,0.0,17.91,70784.0,48.08092336875271,48.26884434227659,48.51045702252158,48.013808735351326,42.90772742617391,65000.0,47.54400630154163,73392.0,48.98294404166733,49324.0,46.17755236548942,46.72482426185386,46.101808707793566,2.2139770701379273,12.056560095101009,4.0,6.0
2017-06-10,,16.61,16.89,16.345,,0.0,16.79,102408.0,45.07418779237063,44.590962431880655,45.342646325976176,43.87954731782597,48.08092336875271,70784.0,42.90772742617391,65000.0,47.54400630154163,73392.0,45.35427952909908,46.82875606557828,45.833925442474325,2.0977572998491287,-6.253489670575096,5.0,6.0
2017-06-11,,16.835,17.27,16.795,,0.0,17.235,98259.0,46.2688282669153,45.19499413249313,46.36278875367724,45.08761071905092,45.07418779237063,102408.0,48.08092336875271,70784.0,42.90772742617391,65000.0,46.47464647601288,46.65310748216209,46.01820305018499,2.0837740475551563,2.650387135199539,6.0,6.0
2017-06-12,,16.135,16.17,15.935,,0.0,15.955,66811.0,42.83255903676435,43.315784397254326,43.40974488401627,42.77886733004324,46.2688282669153,98259.0,45.07418779237063,102408.0,48.08092336875271,70784.0,44.725191698683425,45.955882319169405,45.70640763901169,2.4536624632207533,-7.4267478967217855,0.0,6.0
2017-07-02,,17.74,17.795,17.56,,0.0,17.756,53396.0,47.667497227000176,47.62454386162329,47.77219605510634,47.14131850113331,42.83255903676435,66811.0,46.2688282669153,98259.0,45.07418779237063,102408.0,45.58962817689328,45.767961345645524,46.06307397651619,2.2226890536531254,11.287997492948909,6.0,7.0
2017-07-03,,17.8,17.82,17.495,,0.0,17.536,53909.0,47.07688845306799,47.78561898178661,47.83931068850772,46.96682045428971,47.667497227000176,53396.0,42.83255903676435,66811.0,46.2688282669153,98259.0,45.85898157227751,45.70123022443501,45.98541275786602,2.166789597722547,-1.2390177968010674,0.0,7.0
2017-07-04,,18.25,18.49,17.865,,0.0,18.151,116015.0,48.72790843474207,48.99368238301156,49.63798286366486,47.960117028630215,47.07688845306799,53909.0,47.667497227000176,53396.0,42.83255903676435,66811.0,47.82409803827008,46.532684654230465,46.27553973025544,2.028454698691478,3.5070711678832023,1.0,7.0
2017-07-06,,17.71,17.725,17.505,,0.0,17.62,66633.0,47.30239362129664,47.54400630154163,47.58427508158246,46.993666307650265,48.72790843474207,116015.0,47.07688845306799,53909.0,47.667497227000176,53396.0,47.7023968363689,46.42146611887959,46.57314519036672,1.9492132013737693,-2.9254586524158466,3.0,7.0
2017-07-07,,14.51,16.14,14.34,,0.0,15.425,152802.0,41.409728808654975,38.95333322616426,43.32920732393461,38.49695371903484,47.30239362129664,66633.0,48.72790843474207,116015.0,47.07688845306799,53909.0,45.81334362156456,45.897971978348785,46.363364021963534,2.71356536061215,-12.457434733257655,4.0,7.0
2017-07-08,,16.27,16.28,16.095,,0.0,16.251,56468.0,43.62719629623676,43.678203417621816,43.70504927098237,43.208400983812105,41.409728808654975,152802.0,47.30239362129664,66633.0,48.72790843474207,116015.0,44.11310624206279,45.520595982537564,46.08685173234983,2.834390619812468,5.354943273905999,5.0,7.0
2017-07-09,,17.95,18.225,17.865,,0.0,18.116,88015.0,48.633947947980126,48.18830678219493,48.92656774961018,47.960117028630215,43.62719629623676,56468.0,41.409728808654975,152802.0,47.30239362129664,66633.0,44.556957684290616,46.349365826996966,46.15262407308319,2.7647188756234535,11.476216848193932,6.0,7.0
2017-07-11,,17.23,17.24,16.92,,0.0,16.94,92644.0,45.47687559277895,46.25540534023502,46.28225119359558,45.42318388605784,48.633947947980126,88015.0,43.62719629623676,56468.0,41.409728808654975,152802.0,45.912673278998604,46.03641987925107,45.9021906124483,2.714167933426041,-6.491499227202457,1.0,7.0
2017-07-12,,15.97,16.005,15.66,,0.0,15.802,72437.0,42.42181748034787,42.872827816805184,42.96678830356712,42.040606362628,45.47687559277895,92644.0,48.633947947980126,88015.0,43.62719629623676,56468.0,45.51088034036898,45.37140974029105,45.536319982363025,2.9745406278294517,-6.717827626918549,2.0,7.0
2017-08-02,,17.7,17.875,17.62,,0.0,17.705,63771.0,47.530583374861344,47.51716044818107,47.98696288199077,47.30239362129664,42.42181748034787,72437.0,45.47687559277895,92644.0,48.633947947980126,88015.0,45.14309214932939,45.20036330316524,45.86652397869785,2.7772438613502617,12.04277939501328,2.0,8.0
2017-08-03,,17.52,17.57,17.24,,0.0,17.298,57473.0,46.437957143086784,47.0339350876911,47.16816435449387,46.28225119359558,47.530583374861344,63771.0,42.42181748034787,72437.0,45.47687559277895,92644.0,45.46345266609867,45.076872377706685,45.74916924829314,2.6859156659017986,-2.298785653770119,3.0,8.0
2017-08-05,,16.31,16.455,16.23,,0.0,16.258,52801.0,43.64598839358914,43.78558683106403,44.17485170479206,43.57082000417959,46.437957143086784,57473.0,47.530583374861344,63771.0,42.42181748034787,72437.0,45.87150963717909,45.39633803269728,45.64715500552303,2.2792519486649163,-6.012255752110063,5.0,8.0
2017-08-06,,17.56,17.68,17.285,,0.0,17.414,85338.0,46.749369042069226,47.14131850113331,47.46346874145996,46.40305753371807,43.64598839358914,52801.0,46.437957143086784,57473.0,47.530583374861344,63771.0,45.61110485958172,45.84236271067335,45.68147934660545,2.1786158070376827,7.110345675974927,6.0,8.0
2017-08-08,,16.24,16.46,16.205,,0.0,16.389,78267.0,43.9976690726124,43.59766585754014,44.188274631472346,43.5037053707782,46.749369042069226,85338.0,43.64598839358914,52801.0,46.437957143086784,57473.0,44.797675502756924,45.18003715704939,45.76470149202317,1.8716045485232404,-5.886068680372136,1.0,8.0
2017-08-09,,18.205,18.29,17.965,,0.0,18.123,84923.0,48.65274004533252,48.87287604288906,49.101065796453774,48.22857556223576,43.9976690726124,78267.0,46.749369042069226,85338.0,43.64598839358914,52801.0,46.46659272000472,45.633732078842755,45.83507597904691,2.293036568804678,10.580267252425424,2.0,8.0
2017-08-11,,16.95,17.265,16.95,,0.0,17.138,89792.0,46.00842348931793,45.5037214461395,46.349365826996966,45.5037214461395,48.65274004533252,84923.0,43.9976690726124,78267.0,46.749369042069226,85338.0,46.219610869087624,46.14610436583848,45.75875705306476,1.8043660464247893,-5.435082491861165,4.0,8.0
2017-08-12,,15.745,15.91,15.72,,0.0,15.823,73209.0,42.47819377240504,42.26879611619271,42.71175269664185,42.20168148279133,46.00842348931793,89792.0,48.65274004533252,84923.0,43.9976690726124,78267.0,45.71311910235183,45.42433442263043,45.31234886289784,2.137932958705301,-7.673007352083083,5.0,8.0
2017-09-01,,16.52,16.735,16.455,,0.0,16.683,44836.0,44.7869371614127,44.34934975163567,44.92653559888758,44.17485170479206,42.47819377240504,73209.0,46.00842348931793,89792.0,48.65274004533252,84923.0,44.42451814104523,45.18847442524843,45.13267340147756,2.0981729630060575,5.435126082285269,4.0,9.0
2017-09-02,,17.78,17.845,17.615,,0.0,17.741,65187.0,47.62722844695934,47.73192727506551,47.906425321909104,47.28897069461636,44.7869371614127,44836.0,42.47819377240504,73209.0,46.00842348931793,89792.0,44.96411979359237,45.75722300430131,45.57678051849929,2.149337575993358,6.34178505065035,5.0,9.0
2017-09-03,,17.255,17.31,16.955,,0.0,17.036,65979.0,45.73459578504027,46.32251997363641,46.47017216711946,45.51714437281977,47.62722844695934,65187.0,44.7869371614127,44836.0,42.47819377240504,73209.0,46.049587131137436,45.61225539615431,45.72730905341383,2.1050321087167903,-3.9738458936925736,6.0,9.0
2017-09-05,,16.235,16.315,16.06,,0.0,16.067,68562.0,43.13323259440256,43.584242930859865,43.79900975774431,43.11444049705017,45.73459578504027,65979.0,47.62722844695934,65187.0,44.7869371614127,44836.0,45.49835227546739,45.48876447069576,45.334400813872584,2.2367713363653667,-5.687954918995075,1.0,9.0
2017-09-06,,17.485,17.495,17.155,,0.0,17.223,69540.0,46.23661324288263,46.93997460092916,46.96682045428971,46.054061440030864,43.13323259440256,68562.0,45.73459578504027,65979.0,47.62722844695934,65187.0,45.03481387410849,45.143603498917216,45.38866778887999,1.8135352097125983,7.19487147569553,2.0,9.0
2017-09-08,,16.44,16.945,16.43,,0.0,16.863,103706.0,45.27016252190269,44.13458292475124,45.49029851945922,44.10773707139068,46.23661324288263,69540.0,43.13323259440256,68562.0,45.73459578504027,65979.0,44.88000278639597,45.03813764642932,45.592121006133894,1.7759364660848318,-2.0902281832433145,4.0,9.0
2017-09-10,,16.85,17.03,16.765,,0.0,16.971,54828.0,45.56009773819667,45.23526291253396,45.71848827302394,45.00707315896925,45.27016252190269,103706.0,46.23661324288263,69540.0,43.13323259440256,68562.0,45.68895783432733,45.478409641542406,45.45137203208642,1.3714928412072571,0.6404554349759506,6.0,9.0
2017-09-11,,16.995,17.03,16.975,,0.0,16.975,4094.0,45.57083607954089,45.62452778626199,45.71848827302394,45.57083607954089,45.56009773819667,54828.0,45.27016252190269,103706.0,46.23661324288263,69540.0,45.46703211321341,45.590395201275,45.38943481326171,1.3371972415865763,0.02356961876142094,0.0,9.0
2017-10-01,,16.615,16.955,16.575,,0.0,16.848,65901.0,45.22989374186185,44.60438535856093,45.51714437281977,44.49700194511872,45.57083607954089,4094.0,45.56009773819667,54828.0,45.27016252190269,103706.0,45.453609186533136,45.24791881483251,45.502570909566906,0.9906916676460313,-0.7481590574374031,6.0,10.0
2017-10-02,,17.64,18.02,17.545,,0.0,17.933,88515.0,48.14266883148199,47.35608532801775,48.37622775571881,47.10104972109249,45.22989374186185,65901.0,45.57083607954089,4094.0,45.56009773819667,54828.0,46.314466217628244,45.59192925003847,45.60209232309639,1.4834161481137023,6.439933523266861,0.0,10.0
2017-10-03,,16.98,17.105,16.855,,0.0,16.923,73539.0,45.431237642066,45.58425900622116,45.91983217322809,45.24868583921423,48.14266883148199,88515.0,45.22989374186185,65901.0,45.57083607954089,4094.0,46.26793340513661,45.92021568541896,45.70449007805736,1.0351625857613398,-5.632074945630972,1.0,10.0
2017-10-04,,17.93,18.025,17.735,,0.0,17.915,71551.0,48.094346295432985,48.13461507547382,48.38965068239908,47.61112093494301,45.431237642066,73539.0,48.14266883148199,88515.0,45.22989374186185,65901.0,47.22275092299366,46.185606121497585,45.66460481020739,1.3268434587306257,5.861844826567397,2.0,10.0
2017-10-05,,16.18,16.345,16.145,,0.0,16.207,75049.0,43.50907454145032,43.43659073737682,43.87954731782597,43.34263025061488,48.094346295432985,71551.0,45.431237642066,73539.0,48.14266883148199,88515.0,45.6782194929831,45.934022124290095,45.48607988535971,1.6555867109704836,-9.533910131174983,3.0,10.0
2017-10-07,,15.58,15.705,15.145,,0.0,15.629,122268.0,41.95738421721028,41.82583953574357,42.161412702750496,40.658044914559454,43.50907454145032,75049.0,48.094346295432985,71551.0,45.431237642066,73539.0,44.52026835136453,45.419348764149184,45.448879202845795,2.2459375573573643,-3.566360214722031,5.0,10.0
2017-10-08,,16.94,17.24,16.85,,0.0,17.065,101696.0,45.81244875978587,45.47687559277895,46.28225119359558,45.23526291253396,41.95738421721028,122268.0,43.50907454145032,75049.0,48.094346295432985,71551.0,43.75963583948215,45.453864861327034,45.522130031301025,2.2505056003183084,9.188047859747893,6.0,10.0
2017-10-10,,16.99,17.28,16.96,,0.0,17.207,86448.0,46.19365987750575,45.61110485958172,46.3896346070378,45.530567299500056,45.81244875978587,101696.0,41.95738421721028,122268.0,43.50907454145032,75049.0,44.654497618167305,45.591545737847596,45.41973227634006,2.2639601799971536,0.8321125109874261,1.0,10.0
2017-10-11,,16.995,17.095,16.785,,0.0,16.871,91043.0,45.29163920459112,45.62452778626199,45.89298631986753,45.06076486569035,46.19365987750575,86448.0,45.81244875978587,101696.0,41.95738421721028,122268.0,45.765915947294246,45.18425579114891,45.38809252059368,1.9652656039629446,-1.95269367118035,2.0,10.0
2017-11-01,,16.84,16.905,16.56,,0.0,16.828,78007.0,45.17620203514074,45.20841705917341,45.38291510601701,44.456733165077885,45.29163920459112,91043.0,46.19365987750575,86448.0,45.81244875978587,101696.0,45.553833705745866,45.147822133016724,45.534018909217835,1.9622855005030992,-0.2548752296840706,2.0,11.0
2017-11-04,,17.95,18.345,17.91,,0.0,18.254,79370.0,49.00442072435578,48.18830678219493,49.24871798993682,48.08092336875271,45.17620203514074,78007.0,45.29163920459112,91043.0,46.19365987750575,86448.0,46.49075398802921,45.277832765719985,45.731719443608775,2.2051611813959093,8.473971951509384,5.0,11.0
2017-11-05,,16.205,16.39,16.165,,0.0,16.265,63736.0,43.66478049094154,43.5037053707782,44.00035365794847,43.39632195733599,49.00442072435578,79370.0,45.17620203514074,78007.0,45.29163920459112,91043.0,45.94846775014602,45.30007647279016,45.617049298540124,2.1850394170101817,-10.896241919579264,6.0,11.0
2017-11-07,,15.64,15.83,15.425,,0.0,15.745,93883.0,42.26879611619271,41.986914655906894,42.496985869757424,41.409728808654975,43.66478049094154,63736.0,49.00442072435578,79370.0,45.17620203514074,78007.0,44.97933244383001,45.34456388693051,45.38195632553984,2.107431244350603,-3.197048877958819,1.0,11.0
2017-11-08,,17.125,17.195,16.88,,0.0,17.07,93041.0,45.82587168646615,45.9735238799492,46.161444853473085,45.31580047261562,42.26879611619271,93883.0,43.66478049094154,63736.0,49.00442072435578,79370.0,43.9198160978668,45.346481447884834,45.400173154605945,2.1079339767632526,8.415369958717056,2.0,11.0
2017-11-09,,17.92,17.99,17.77,,0.0,17.902,77987.0,48.05944668606427,48.10776922211327,48.29569019563714,47.70508142170495,45.82587168646615,93041.0,42.26879611619271,93883.0,43.66478049094154,63736.0,45.38470482957438,45.61302242053605,45.60228407919182,2.338285495956371,4.874048037492673,3.0,11.0
2017-11-10,,17.15,17.265,17.085,,0.0,17.133,65118.0,45.99500056263764,46.04063851335058,46.349365826996966,45.86614046650698,48.05944668606427,77987.0,45.82587168646615,93041.0,42.26879611619271,93883.0,46.62677297838936,45.71350261454269,45.448879202845795,2.337285484183113,-4.295609429114078,4.0,11.0
2017-11-12,,15.845,15.905,15.7,,0.0,15.785,53591.0,42.376179529634925,42.53725464979826,42.698329769961575,42.14798977607022,45.99500056263764,65118.0,48.05944668606427,77987.0,45.82587168646615,93041.0,45.476875592778946,45.31349939947044,45.23066076624358,2.661654750444865,-7.867857351310336,6.0,11.0
2017-12-01,,16.77,17.02,16.755,,0.0,16.825,61927.0,45.16814827913257,45.020496085649526,45.69164241966338,44.98022730560869,42.376179529634925,53591.0,45.99500056263764,65118.0,48.05944668606427,77987.0,44.513109457135045,44.765460478724265,45.02164662222212,2.113537168449932,6.588533417801723,4.0,12.0
2017-12-04,,18.35,18.585,18.245,,0.0,18.3,75919.0,49.12791164981433,49.26214091661711,49.89301847059013,48.98025945633128,45.16814827913257,61927.0,42.376179529634925,53591.0,45.99500056263764,65118.0,45.55741315286061,45.54590778713466,45.4229921299624,2.593518650749734,8.766716196136692,0.0,12.0
2017-12-05,,16.33,16.475,16.3,,0.0,16.402,57722.0,44.032568681981125,43.839278537785134,44.22854341151318,43.75874097770348,49.12791164981433,75919.0,45.16814827913257,61927.0,42.376179529634925,53591.0,46.10954287030935,45.797875296533,45.57121959173175,2.289991081261248,-10.371584699453551,1.0,12.0
2017-12-06,,17.17,17.215,16.89,,0.0,16.944,91364.0,45.48761393412316,46.0943302200717,46.2151365601942,45.342646325976176,44.032568681981125,57722.0,49.12791164981433,75919.0,45.16814827913257,61927.0,46.21603142197287,45.749552760484,45.54801710418441,2.2928689363713475,3.3044750640165654,2.0,12.0
2017-12-07,,15.81,15.995,15.71,,0.0,15.887,94050.0,42.65000723391258,42.44329416303631,42.939942450206566,42.17483562943077,45.48761393412316,91364.0,44.032568681981125,57722.0,49.12791164981433,75919.0,44.056729950005625,44.97677569589091,45.29489905821347,2.2961841367505325,-6.23819641170914,3.0,12.0
2017-12-09,,17.885,17.975,17.785,,0.0,17.89,61334.0,48.0272316620316,48.013808735351326,48.25542141559632,47.74535020174578,42.65000723391258,94050.0,45.48761393412316,91364.0,44.032568681981125,57722.0,45.38828427668911,45.26709442437575,45.49029851945922,2.559728973691264,12.607792534776863,5.0,12.0
2017-12-10,,17.19,17.29,17.135,,0.0,17.266,59193.0,46.35205041233301,46.14802192679281,46.41648046039835,46.00036973330975,48.0272316620316,61334.0,42.65000723391258,94050.0,45.48761393412316,91364.0,45.67642976942573,45.83507597904691,45.57428768925867,2.2313969374426375,-3.487982112912258,6.0,12.0
2017-12-12,,15.73,15.83,15.635,,0.0,15.668,61529.0,42.06208304531644,42.22852733615188,42.496985869757424,41.973491729226616,46.35205041233301,59193.0,48.0272316620316,61334.0,42.65000723391258,94050.0,45.480455039893684,45.391352374216034,45.07840642647015,2.654783180514267,-9.255183597822292,1.0,12.0
2018-01-02,,17.295,17.375,17.07,,0.0,17.155,85493.0,46.054061440030864,46.42990338707863,46.64467021396306,45.82587168646615,42.06208304531644,61529.0,46.35205041233301,59193.0,48.0272316620316,61334.0,44.82273163256011,44.95223091567554,45.249069351405105,2.137551438431646,9.490681644115394,1.0,1.0
2018-01-03,,16.43,16.565,16.16,,0.0,16.276,97202.0,43.69431092963814,44.10773707139068,44.47015609175816,43.38289903065571,46.054061440030864,85493.0,42.06208304531644,61529.0,46.35205041233301,59193.0,43.936818471661816,44.90390837962654,45.35089183807978,2.1654482025054413,-5.123870591664237,2.0,1.0
2018-01-05,,16.345,16.37,16.07,,0.0,16.127,78659.0,43.29430771456588,43.87954731782597,43.94666195122736,43.14128635041072,43.69431092963814,97202.0,46.054061440030864,85493.0,42.06208304531644,61529.0,44.3475600280783,44.59057891968979,45.170065840086906,2.2247797711147372,-0.915458343573361,4.0,1.0
2018-01-06,,16.43,16.515,16.335,,0.0,16.441,71122.0,44.13726751008729,44.10773707139068,44.33592682495539,43.85270146446542,43.29430771456588,78659.0,43.69431092963814,97202.0,46.054061440030864,85493.0,43.70862871809711,44.803044673429035,44.88991018465997,2.074510025307973,1.9470453277113053,5.0,1.0
2018-01-08,,15.535,15.56,15.39,,0.0,15.452,57394.0,41.48221261272847,41.70503319562107,41.77214782902246,41.31576832189304,44.13726751008729,71122.0,43.29430771456588,78659.0,43.69431092963814,97202.0,42.97126261246055,43.86804195210002,44.567568188237885,1.840945603318844,-6.015449181923249,0.0,1.0
2018-01-10,,14.725,14.725,14.395,,0.0,14.507,83354.0,38.94527947015609,39.53051907341617,39.53051907341617,38.64460591251789,41.48221261272847,57394.0,44.13726751008729,71122.0,43.29430771456588,78659.0,41.52158653099061,42.80993181750331,44.32250389827511,2.2568635060944646,-6.115713176287862,2.0,1.0
2018-01-11,,14.26,14.83,14.255,,0.0,14.777,116133.0,39.67011751089106,38.2821868921504,39.812400533702,38.26876396547012,38.94527947015609,83354.0,41.48221261272847,57394.0,44.13726751008729,71122.0,40.032536531258536,42.468222455442536,43.929787414829285,2.550895149679546,1.8611704694285747,3.0,1.0
2018-02-01,,17.035,17.25,16.985,,0.0,17.206,75337.0,46.19097529216969,45.73191119970421,46.30909704695613,45.59768193290144,39.67011751089106,116133.0,38.94527947015609,83354.0,41.48221261272847,57394.0,41.602124091072284,42.487781577176655,43.7200062464261,2.583291373849045,16.437707247749866,3.0,2.0
2018-02-02,,17.18,17.225,16.52,,0.0,16.709,129684.0,44.85673638015014,46.12117607343225,46.24198241355475,44.34934975163567,46.19097529216969,75337.0,39.67011751089106,116133.0,38.94527947015609,83354.0,43.57260972773696,42.653842355821226,43.77887536772389,2.708122548863234,-2.888527257933282,4.0,2.0
2018-02-03,,16.495,16.595,16.4,,0.0,16.466,71355.0,44.20438214348868,44.28223511823428,44.55069365183982,44.02719951130901,44.85673638015014,129684.0,46.19097529216969,75337.0,39.67011751089106,116133.0,45.08403127193617,42.78385298852449,43.687215954107145,2.76523732685658,-1.454306062600974,5.0,2.0
2018-02-04,,16.3,16.68,16.3,,0.0,16.672,76589.0,44.7574067227161,43.75874097770348,44.778883405404535,43.75874097770348,44.20438214348868,71355.0,44.85673638015014,129684.0,46.19097529216969,75337.0,44.606175082118305,42.87244430461432,43.83774448902168,2.825109713757574,1.251062796064617,6.0,2.0
2018-02-05,,16.19,16.565,16.175,,0.0,16.375,96542.0,43.96008487790763,43.46343659073737,44.47015609175816,43.42316781069654,44.7574067227161,76589.0,44.20438214348868,71355.0,44.85673638015014,129684.0,44.30729124803747,43.22642605678277,43.54723400444139,2.776705651849465,-1.7814299424184332,0.0,2.0
2018-02-07,,16.145,16.18,15.8,,0.0,15.835,78707.0,42.5104087964377,43.34263025061488,43.43659073737682,42.41644830967576,43.96008487790763,96542.0,44.7574067227161,76589.0,44.20438214348868,71355.0,43.74263346568714,43.73573024625158,43.272831031877445,2.106707343270135,-3.297709923664127,2.0,2.0
2018-02-08,,15.375,15.375,15.26,,0.0,15.329,63.0,41.15200861639366,41.275499541852206,41.275499541852206,40.96677222820583,42.5104087964377,78707.0,43.96008487790763,96542.0,44.7574067227161,76589.0,42.540834096912995,43.94742897560909,43.207825715525814,1.656401273027299,-3.1954531101989203,3.0,2.0
2018-02-10,,14.535,14.95,14.47,,0.0,14.693,100747.0,39.4446123426624,39.02044785956564,40.13455077402865,38.84594981272205,41.15200861639366,63.0,42.5104087964377,78707.0,43.96008487790763,96542.0,41.03567658516459,42.98366283996519,42.73572220857092,2.0494687307369026,-4.148998630047629,5.0,2.0
2018-02-11,,14.78,14.92,14.655,,0.0,14.756,104111.0,39.61374121883389,39.67817126689922,40.05401321394698,39.34259809989229,39.4446123426624,100747.0,41.15200861639366,63.0,42.5104087964377,78707.0,40.070120725963314,42.234663531205726,42.44425294351347,2.20313791229625,0.42877560743208587,6.0,2.0
2018-03-01,,17.225,17.285,17.065,,0.0,17.267,88085.0,46.35473499766907,46.24198241355475,46.40305753371807,45.81244875978587,39.61374121883389,104111.0,39.4446123426624,100747.0,41.15200861639366,63.0,41.80436285305512,42.54185679608863,42.662854892306555,2.63177771119472,17.016806722689083,3.0,3.0
2018-03-04,,16.59,16.605,16.34,,0.0,16.392,84650.0,44.00572282862057,44.53727072515955,44.57753950520038,43.866124391145696,46.35473499766907,88085.0,39.61374121883389,104111.0,39.4446123426624,100747.0,43.324733015041176,42.43447338264642,42.65345884363037,2.5400474873609578,-5.067469739966413,6.0,3.0
2018-03-05,,16.405,16.62,16.385,,0.0,16.447,66259.0,44.15337502210362,44.0406224379893,44.61780828524121,43.98693073126819,44.00572282862057,84650.0,46.35473499766907,88085.0,39.61374121883389,104111.0,44.83794428279776,42.462086260388695,42.84425615858573,2.5603659420359977,0.3355295265983438,0.0,3.0
2018-03-07,,16.06,16.195,16.035,,0.0,16.043,31773.0,43.06880254633723,43.11444049705017,43.47685951741765,43.04732586364878,44.15337502210362,66259.0,44.00572282862057,84650.0,46.35473499766907,88085.0,43.74263346568714,42.54185679608863,43.1387935211701,2.570799770447945,-2.4563750228004944,2.0,3.0
2018-03-08,,15.31,15.575,15.25,,0.0,15.462,72018.0,41.50905846608902,41.1010014950086,41.81241660906329,40.93992637484527,43.06880254633723,31773.0,44.15337502210362,66259.0,44.00572282862057,84650.0,42.910412011509955,42.592863917473686,43.27014644654139,2.5420087562541243,-3.621517172598654,3.0,3.0
2018-03-10,,14.73,14.855,14.65,,0.0,14.67,65545.0,39.382866879933125,39.54394200009645,39.87951516710338,39.32917517321202,41.50905846608902,72018.0,43.06880254633723,31773.0,44.15337502210362,66259.0,41.32024263078646,42.58404313708379,42.78385298852449,2.5548287437969464,-5.122235157159483,5.0,3.0
2018-03-12,,14.335,14.645,14.28,,0.0,14.499,94303.0,38.92380278746765,38.48353079235456,39.315752246531744,38.3358785988715,39.382866879933125,65545.0,41.50905846608902,72018.0,43.06880254633723,31773.0,39.9385760444966,42.485480504031464,42.3600720176186,2.697825150120806,-1.1656441717791344,0.0,3.0
2018-04-01,,17.155,17.32,17.025,,0.0,17.269,90272.0,46.36010416834118,46.054061440030864,46.49701802048001,45.70506534634365,38.92380278746765,94303.0,39.382866879933125,65545.0,41.50905846608902,72018.0,41.55559127858065,42.48624752841321,42.51405216225093,2.6991090298144473,19.1047658459204,6.0,4.0
2018-04-04,,16.4,16.515,16.22,,0.0,16.254,95330.0,43.63525005224493,44.02719951130901,44.33592682495539,43.54397415081903,46.36010416834118,90272.0,38.92380278746765,94303.0,39.382866879933125,65545.0,42.97305233601792,42.43332284607383,42.433898114360126,2.6677997109597538,-5.877584110255363,2.0,4.0
2018-04-05,,16.455,16.56,16.39,,0.0,16.519,47074.0,44.34666516629961,44.17485170479206,44.456733165077885,44.00035365794847,43.63525005224493,95330.0,46.36010416834118,90272.0,38.92380278746765,94303.0,44.7806731289619,42.4609357238161,42.4615109921024,2.689482411040067,1.6303679094376688,3.0,4.0
2018-04-06,,16.42,16.56,16.38,,0.0,16.431,54630.0,44.11042165672674,44.08089121803013,44.456733165077885,43.97350780458791,44.34666516629961,47074.0,43.63525005224493,95330.0,46.36010416834118,90272.0,44.03077895842376,42.60973845387175,42.57579762498019,2.7566948760368626,-0.5327198982989056,4.0,4.0
2018-04-09,,14.54,14.59,14.035,,0.0,14.18,134186.0,38.06742006526597,39.03387078624592,39.1681000530487,37.678155191537925,44.11042165672674,54630.0,44.34666516629961,47074.0,43.63525005224493,95330.0,42.174835629430774,42.11807582518275,42.35546987132822,3.2487237176626422,-13.699713955328352,0.0,4.0
2018-04-10,,14.665,14.805,14.56,,0.0,14.59,74785.0,39.1681000530487,39.36944395325285,39.74528590030061,39.08756249296703,38.06742006526597,134186.0,44.11042165672674,54630.0,44.34666516629961,47074.0,40.44864725834714,42.08739484991354,42.335718993498666,3.2797264771248513,2.891396332863194,1.0,4.0
2018-04-12,,14.5,14.745,14.46,,0.0,14.64,74494.0,39.30232931985147,38.926487372803706,39.58421078013728,38.81910395936149,39.1681000530487,74785.0,38.06742006526597,134186.0,44.11042165672674,54630.0,38.84594981272204,42.14147006882551,42.3134752864285,3.2214758768973515,0.34270047978066653,3.0,4.0
2018-05-01,,17.265,17.325,17.13,,0.0,17.285,83274.0,46.40305753371807,46.349365826996966,46.51044094716029,45.98694680662948,39.30232931985147,74494.0,39.1681000530487,74785.0,38.06742006526597,134186.0,41.62449563553941,42.147606263879354,42.31692689614628,3.23087788476791,18.066939890710376,1.0,5.0
2018-05-02,,16.61,16.865,16.51,,0.0,16.671,91547.0,44.75472213738004,44.590962431880655,45.27553169257479,44.32250389827512,46.40305753371807,83274.0,39.30232931985147,74494.0,39.1681000530487,74785.0,43.48670299698319,42.30753084747008,42.370426846771956,3.3425631249944017,-3.5522129013595527,2.0,5.0
2018-05-03,,16.53,16.62,16.37,,0.0,16.412,52412.0,44.05941453534167,44.37619560499623,44.61780828524121,43.94666195122736,44.75472213738004,91547.0,46.40305753371807,83274.0,39.30232931985147,74494.0,45.072398068813264,42.26649504304753,42.363715383431824,3.3150065256930246,-1.5535960650231218,3.0,5.0
2018-05-04,,16.29,16.395,16.15,,0.0,16.355,72941.0,43.90639317118652,43.73189512434292,44.01377658462874,43.35605317729515,44.05941453534167,52412.0,44.75472213738004,91547.0,46.40305753371807,83274.0,44.24017661463608,42.23734811654178,42.42354328520677,3.2969395733793836,-0.34730684864731076,4.0,5.0
2018-05-06,,16.44,16.55,16.37,,0.0,16.543,73873.0,44.41109521436494,44.13458292475124,44.42988731171733,43.94666195122736,43.90639317118652,72941.0,44.05941453534167,52412.0,44.75472213738004,91547.0,44.12563430696438,43.14358742355592,42.63083162436933,2.793052452799189,1.1494955671048634,6.0,5.0
2018-05-07,,16.13,16.195,15.97,,0.0,16.097,85785.0,43.21377015448422,43.30236147057405,43.47685951741765,42.872827816805184,44.41109521436494,73873.0,43.90639317118652,72941.0,44.05941453534167,52412.0,43.84375284667857,43.72154029518957,42.90446757255155,2.185904509746338,-2.6960043522940125,0.0,5.0
2018-05-09,,14.19,14.265,14.125,,0.0,14.22,64308.0,38.174803478708185,38.09426591862652,38.29560981883068,37.91976787178292,43.21377015448422,85785.0,44.41109521436494,73873.0,43.90639317118652,72941.0,41.93322294918578,43.56046517502624,42.850967621925875,2.5730759303729656,-11.660557867925704,2.0,5.0
2018-05-10,,14.62,14.75,14.54,,0.0,14.649,59279.0,39.32649058787596,39.24863761313036,39.59763370681756,39.03387078624592,38.174803478708185,64308.0,43.21377015448422,85785.0,44.41109521436494,73873.0,40.23835474035612,42.54952703990593,42.34856665189265,2.658839237851931,3.016877637130788,3.0,5.0
2018-05-11,,14.74,14.775,14.595,,0.0,14.647,65947.0,39.32112141720385,39.570787853457006,39.66474834021895,39.181522979728975,39.32649058787596,59279.0,38.174803478708185,64308.0,43.21377015448422,85785.0,38.940805161262666,41.773298365595046,42.040414606532565,2.7005726960362852,-0.013652809065467508,4.0,5.0
2018-05-12,,14.605,14.62,14.49,,0.0,14.582,30711.0,39.146623370360246,39.20836883308952,39.24863761313036,38.89964151944315,39.32112141720385,65947.0,39.32649058787596,59279.0,38.174803478708185,64308.0,39.26474512514668,41.071471056311985,41.66898304967976,2.645238511744159,-0.44377688263808057,5.0,5.0
2018-06-02,,16.71,16.955,16.54,,0.0,16.58,96327.0,44.51042487179899,44.8594209654862,45.51714437281977,44.403041458356775,39.146623370360246,30711.0,39.32112141720385,65947.0,39.32649058787596,59279.0,40.9927232197877,41.15776129925663,41.6975547078992,2.7604715360949506,13.701824166780963,5.0,6.0
2018-06-03,,16.42,16.895,16.41,,0.0,16.784,93589.0,45.0580802803543,44.08089121803013,45.35606925265645,44.05404536466957,44.51042487179899,96327.0,39.146623370360246,30711.0,39.32112141720385,65947.0,42.905042840837844,41.250187737255104,42.19688758040551,2.895102953712574,1.2303980699638117,6.0,6.0
2018-06-04,,16.355,16.475,16.24,,0.0,16.362,82819.0,43.9251852685389,43.90639317118652,44.22854341151318,43.59766585754014,45.0580802803543,93589.0,44.51042487179899,96327.0,39.146623370360246,30711.0,44.497896806897394,41.35181846783435,42.53667938151195,2.986563826007745,-2.5142993326978336,0.0,6.0
2018-06-06,,16.505,16.765,16.505,,0.0,16.694,110305.0,44.816467600109306,44.30908097159484,45.00707315896925,44.30908097159484,43.9251852685389,82819.0,45.0580802803543,93589.0,44.51042487179899,96327.0,44.5999110496675,42.3006276280345,42.930546401530364,2.861412195990849,2.029091798068716,2.0,6.0
2018-06-07,,16.065,16.19,15.985,,0.0,16.069,57348.0,43.13860176507466,43.127863423730446,43.46343659073737,42.91309659684601,44.816467600109306,110305.0,43.9251852685389,82819.0,45.0580802803543,93589.0,43.960084877907626,42.84521493906289,42.69737098948441,2.546460310495209,-3.743860069486049,3.0,6.0
2018-06-08,,15.292,15.292,15.292,,0.0,15.292,1.0,41.0526789589596,41.0526789589596,41.0526789589596,41.0526789589596,43.13860176507466,57348.0,44.816467600109306,110305.0,43.9251852685389,82819.0,43.00258277471452,43.09258030217086,42.43293933388295,2.208784862266328,-4.835397348932702,4.0,6.0
2018-06-09,,14.22,14.34,14.13,,0.0,14.181,71208.0,38.07010465060202,38.174803478708185,38.49695371903484,37.9331907984632,41.0526789589596,1.0,43.13860176507466,57348.0,44.816467600109306,110305.0,40.75379512487876,42.93879191363396,42.00513148497298,2.5417026081748677,-7.265236725085023,5.0,6.0
2018-06-11,,14.66,14.715,14.48,,0.0,14.5,67589.0,38.926487372803706,39.35602102657257,39.50367322005562,38.8727956660826,38.07010465060202,71208.0,41.0526789589596,1.0,43.13860176507466,57348.0,39.349756994121776,42.14108655663464,41.649423927945634,2.826533023791292,2.2494887525562612,0.0,6.0
2018-06-12,,14.585,14.59,14.415,,0.0,14.509,63572.0,38.950648640828206,39.15467712636842,39.1681000530487,38.69829761923899,38.926487372803706,67589.0,38.07010465060202,71208.0,41.0526789589596,1.0,38.64908022141131,41.26859632241663,41.259392029835865,2.716526607522053,0.06206896551723684,1.0,6.0
2018-07-02,,16.59,16.73,16.21,,0.0,16.238,112620.0,43.59229668686804,44.53727072515955,44.913112672207305,43.51712829745848,38.950648640828206,63572.0,38.926487372803706,67589.0,38.07010465060202,71208.0,40.48981090016665,41.221040810749365,41.28642963929185,2.664688497258004,11.916741332965742,0.0,7.0
2018-07-03,,16.81,16.89,16.435,,0.0,16.494,90417.0,44.27955053289823,45.12787949909174,45.342646325976176,44.12115999807096,43.59229668686804,112620.0,38.950648640828206,63572.0,38.926487372803706,67589.0,42.27416528686482,41.14433837257635,41.722483000305424,2.5491695967901298,1.5765488360635516,1.0,7.0
2018-07-05,,16.55,16.6,16.43,,0.0,16.495,41960.0,44.28223511823428,44.42988731171733,44.56411657852011,44.10773707139068,44.27955053289823,90417.0,43.59229668686804,112620.0,38.950648640828206,63572.0,44.051360779333514,41.307714565884865,42.07646475247388,2.7286156698701864,0.006062810719043021,3.0,7.0
2018-07-06,,16.71,16.935,16.67,,0.0,16.815,118355.0,45.14130242577202,44.8594209654862,45.46345266609867,44.75203755204399,44.28223511823428,41960.0,44.27955053289823,90417.0,43.59229668686804,112620.0,44.56769602563484,41.89180363257236,42.4921919673716,3.079915943037892,1.9399818126704993,4.0,7.0
2018-07-08,,15.305,15.505,15.305,,0.0,15.373,60061.0,41.27013037118009,41.08757856832832,41.62449563553941,41.08757856832832,45.14130242577202,118355.0,44.28223511823428,41960.0,44.27955053289823,90417.0,43.564555971728794,42.34895016408351,42.643871038858734,2.6214978915784637,-8.575676479333938,6.0,7.0
2018-07-09,,14.19,14.29,14.105,,0.0,14.17,77327.0,38.04057421190541,38.09426591862652,38.36272445223206,37.866076165061806,41.27013037118009,60061.0,45.14130242577202,118355.0,44.28223511823428,41960.0,41.48400233628584,42.222391141098036,42.181738848866345,2.827550136803372,-7.825408183178295,0.0,7.0
2018-07-11,,14.54,14.73,14.475,,0.0,14.569,78894.0,39.11172376099153,39.03387078624592,39.54394200009645,38.85937273940232,38.04057421190541,77327.0,41.27013037118009,60061.0,45.14130242577202,118355.0,39.474142781359014,42.24540187254994,41.75699909748329,2.7969770813646213,2.8158080451658574,2.0,7.0
2018-07-12,,14.55,14.735,14.51,,0.0,14.696,62234.0,39.45266609867057,39.06071663960648,39.55736492677673,38.95333322616426,39.11172376099153,78894.0,38.04057421190541,77327.0,41.27013037118009,60061.0,38.86832135718917,41.654026074236015,41.437533442492686,2.900449817991532,0.871713913103167,3.0,7.0
2018-08-01,,17.27,17.3,17.065,,0.0,17.144,83826.0,46.02453100133425,46.36278875367724,46.4433263137589,45.81244875978587,39.45266609867057,62234.0,39.11172376099153,78894.0,38.04057421190541,77327.0,41.529640286998784,41.90330899829831,41.52382368543733,3.2209883493858347,16.657593903102885,2.0,8.0
2018-08-02,,16.35,16.425,16.19,,0.0,16.341,95941.0,43.86880897648175,43.89297024450625,44.0943141447104,43.46343659073737,46.02453100133425,83826.0,39.45266609867057,62234.0,39.11172376099153,78894.0,43.11533535882885,41.844248120905085,41.57598134339498,3.173538483846593,-4.683854409706001,3.0,8.0
2018-08-03,,16.505,16.575,16.43,,0.0,16.5,64557.0,44.29565804491456,44.30908097159484,44.49700194511872,44.10773707139068,43.86880897648175,95941.0,46.02453100133425,83826.0,39.45266609867057,62234.0,44.72966600757686,41.72344178078259,41.80762270667748,3.040415634260282,0.9730126675233874,4.0,8.0
2018-08-05,,16.505,16.55,16.335,,0.0,16.472,75787.0,44.220489655505006,44.30908097159484,44.42988731171733,43.85270146446542,44.29565804491456,64557.0,43.86880897648175,95941.0,46.02453100133425,83826.0,44.128318892300435,42.1449216785433,42.2469359213134,3.1688852692861134,-0.16969696969697523,6.0,8.0
2018-08-06,,16.745,16.86,16.645,,0.0,16.741,72200.0,44.94264311090392,44.95338145224814,45.26210876589451,44.6849229186426,44.220489655505006,75787.0,44.29565804491456,64557.0,43.86880897648175,95941.0,44.486263603774496,43.130931521257374,42.676661331177705,2.721123307143591,1.6330743079164822,0.0,8.0
2018-08-08,,15.38,15.47,15.29,,0.0,15.432,56643.0,41.42852090600736,41.28892246853248,41.530535148777474,41.047309788287485,44.94264311090392,72200.0,44.220489655505006,75787.0,44.29565804491456,64557.0,43.530551224138755,43.46190254197392,42.85365220726193,2.2510904943654877,-7.819126694940593,2.0,8.0
2018-08-10,,14.215,14.24,14.215,,0.0,14.259,2.0,38.27950230681435,38.16138055202791,38.22849518542929,38.16138055202791,41.42852090600736,56643.0,44.94264311090392,72200.0,44.220489655505006,75787.0,41.550222107908546,43.29430771456589,42.474166894400945,2.6137817314760876,-7.601088646967313,4.0,8.0
2018-08-11,,14.57,14.575,14.365,,0.0,14.423,87235.0,38.71977430192744,39.11440834632759,39.12783127300786,38.564068352436216,38.27950230681435,2.0,41.42852090600736,56643.0,44.94264311090392,72200.0,39.47593250491638,42.25077104322206,42.07704002076019,2.794058723298637,1.1501507819622558,5.0,8.0
2018-09-01,,17.16,17.17,16.945,,0.0,17.01,91726.0,45.664796566302826,46.067484366711135,46.0943302200717,45.49029851945922,38.71977430192744,87235.0,38.27950230681435,2.0,41.42852090600736,56643.0,40.88802439168154,42.507340698910774,42.17579440990794,3.0391147970169725,17.936628995354642,5.0,9.0
2018-09-02,,16.34,16.405,16.13,,0.0,16.139,87582.0,43.32652273859855,43.866124391145696,44.0406224379893,43.30236147057405,45.664796566302826,91726.0,38.71977430192744,87235.0,38.27950230681435,2.0,42.570364535609606,42.368892798008496,42.04616728939555,2.965246421237321,-5.120517342739561,6.0,9.0
2018-09-03,,16.51,16.71,16.33,,0.0,16.608,89986.0,44.585593261208544,44.32250389827512,44.8594209654862,43.839278537785134,43.32652273859855,87582.0,45.664796566302826,91726.0,38.71977430192744,87235.0,44.52563752203664,42.421050455966146,42.28298606725472,3.0061721259169274,2.9060040894727024,0.0,9.0
2018-09-04,,16.42,16.54,16.295,,0.0,16.529,70457.0,44.37351101966016,44.08089121803013,44.403041458356775,43.7453180510232,44.585593261208544,89986.0,43.32652273859855,87582.0,45.664796566302826,91726.0,44.095209006489085,42.33974587150275,42.735338696380055,2.933423051402584,-0.4756743737957758,1.0,9.0
2018-09-05,,16.51,16.655,16.375,,0.0,16.539,70928.0,44.400356873020726,44.32250389827512,44.711768772003154,43.96008487790763,44.37351101966016,70457.0,44.585593261208544,89986.0,43.32652273859855,87582.0,44.45315371796314,42.76429386679037,43.11309820438214,2.993991887951482,0.060499727751262,2.0,9.0
2018-09-07,,16.065,16.26,16.055,,0.0,16.139,60816.0,43.32652273859855,43.127863423730446,43.65135756426126,43.10101757036989,44.400356873020726,70928.0,44.37351101966016,70457.0,44.585593261208544,89986.0,44.03346354375981,43.48529678561668,43.389802250091286,2.2489906645680455,-2.418525908458813,4.0,9.0
2018-09-08,,15.44,15.525,15.38,,0.0,15.462,62503.0,41.50905846608902,41.44999758869581,41.67818734226052,41.28892246853248,43.32652273859855,60816.0,44.400356873020726,70928.0,44.37351101966016,70457.0,43.07864602590276,43.883765951925476,43.06726849757377,1.3185613165754448,-4.194807608897699,5.0,9.0
2018-09-10,,14.42,14.47,14.285,,0.0,14.4,62856.0,38.65802883919817,38.71172054591927,38.84594981272205,38.34930152555178,41.50905846608902,62503.0,43.32652273859855,60816.0,44.400356873020726,70928.0,41.164536681295246,42.88279913376767,42.69506991633923,2.142986234130279,-6.868451688009292,0.0,9.0
2018-09-11,,14.42,14.425,14.08,,0.0,14.14,110451.0,37.96003665182375,38.71172054591927,38.72514347259955,37.79896153166042,38.65802883919817,62856.0,41.50905846608902,62503.0,43.32652273859855,60816.0,39.37570798570365,42.11615826422842,42.24252553111845,2.812972101243542,-1.8055555555555713,1.0,9.0
2018-10-01,,16.985,17.22,16.93,,0.0,17.035,109720.0,45.73191119970421,45.59768193290144,46.22855948687447,45.45002973941839,37.96003665182375,110451.0,38.65802883919817,62856.0,41.50905846608902,62503.0,40.783325563575374,42.2799179697278,42.35048421284697,3.0073441121229036,20.473833097595453,0.0,10.0
2018-10-04,,16.485,16.64,16.41,,0.0,16.596,88994.0,44.553378237175885,44.25538926487373,44.67149999196232,44.05404536466957,45.73191119970421,109720.0,37.96003665182375,110451.0,38.65802883919817,62856.0,42.74844202956795,42.30561328651576,42.322679579009254,3.0289046324848186,-2.577047255650111,3.0,10.0
2018-10-05,,16.52,16.79,16.5,,0.0,16.759,81887.0,44.99096564695292,44.34934975163567,45.07418779237063,44.29565804491456,44.553378237175885,88994.0,45.73191119970421,109720.0,37.96003665182375,110451.0,45.092085027944336,42.389985968506075,42.57713991764821,3.1042689691339027,0.9821643769583055,4.0,10.0
2018-10-07,,16.15,16.2,15.92,,0.0,16.087,66699.0,43.18692430112367,43.35605317729515,43.49028244409793,42.73859855000241,44.99096564695292,81887.0,44.553378237175885,88994.0,45.73191119970421,109720.0,44.24375606175082,42.37004333458109,42.92767006009889,3.097691092305445,-4.009785786741471,6.0,10.0
2018-10-08,,15.46,15.465,15.29,,0.0,15.295,80405.0,41.06073271496776,41.50368929541692,41.5171122220972,41.047309788287485,43.18692430112367,66699.0,44.99096564695292,81887.0,44.553378237175885,88994.0,43.07954088768145,42.30599679870662,43.09488137531605,3.1229907210783368,-4.9232299372164,0.0,10.0
2018-10-09,,14.16,14.285,14.11,,0.0,14.181,52654.0,38.07010465060202,38.01372835854485,38.34930152555178,37.87949909174208,41.06073271496776,80405.0,43.18692430112367,66699.0,44.99096564695292,81887.0,40.77258722223115,42.22200762890718,42.55240338133742,3.2430479248159214,-7.283425956194833,1.0,10.0
2018-10-10,,14.42,14.455,14.255,,0.0,14.326,59693.0,38.45936952433006,38.71172054591927,38.805681032681214,38.26876396547012,38.07010465060202,52654.0,41.06073271496776,80405.0,43.18692430112367,66699.0,39.19673562996661,42.293340896408075,42.20474958031825,3.137450900201862,1.0224948875255713,2.0,10.0
2018-10-12,,14.735,14.735,14.565,,0.0,14.605,51848.0,39.20836883308952,39.55736492677673,39.55736492677673,39.10098541964731,38.45936952433006,59693.0,38.07010465060202,52654.0,41.06073271496776,80405.0,38.579281002673866,41.361406272605976,41.82066212116689,2.906181939891905,1.947508027362832,4.0,10.0
2018-11-01,,17.0,17.065,16.88,,0.0,16.966,110116.0,45.54667481151639,45.63795071294227,45.81244875978587,45.31580047261562,39.20836883308952,51848.0,38.45936952433006,59693.0,38.07010465060202,52654.0,41.071471056311985,41.50330578322605,41.9044595348709,3.1054307331113953,16.165696679219455,3.0,11.0
2018-11-04,,16.56,16.89,16.515,,0.0,16.768,131690.0,45.015126914977415,44.456733165077885,45.342646325976176,44.33592682495539,45.54667481151639,110116.0,39.20836883308952,51848.0,38.45936952433006,59693.0,43.25672351986111,41.50675739294383,41.948371680724954,3.109963375186629,-1.167039962277494,6.0,11.0
2018-11-05,,16.76,16.865,16.67,,0.0,16.752,55517.0,44.97217354960053,44.99365023228897,45.27553169257479,44.75203755204399,45.015126914977415,131690.0,45.54667481151639,110116.0,39.20836883308952,51848.0,45.17799175869811,41.7617929998691,42.0659181672251,3.335717797413563,-0.0954198473282486,0.0,11.0
2018-11-06,,16.805,16.975,16.77,,0.0,16.952,76619.0,45.50909061681162,45.11445657241146,45.57083607954089,45.020496085649526,44.97217354960053,55517.0,45.015126914977415,131690.0,45.54667481151639,110116.0,45.16546369379652,42.39727270013251,42.35163474941957,3.593651627166954,1.1938872970391756,1.0,11.0
2018-11-07,,16.105,16.11,15.805,,0.0,15.817,84671.0,42.4620862603887,43.23524683717266,43.24866976385294,42.42987123635604,45.50909061681162,76619.0,44.97217354960053,55517.0,45.015126914977415,131690.0,44.314450142266956,43.02469864438775,42.62335313664745,3.055327761050667,-6.695375176970286,2.0,11.0
2018-11-09,,14.2,14.265,13.965,,0.0,14.153,79279.0,37.99493626119247,38.121111771987074,38.29560981883068,37.49023421801405,42.4620862603887,84671.0,45.50909061681162,76619.0,44.97217354960053,55517.0,41.98870437946426,42.95835103536809,42.62584596588808,3.1737368086920945,-10.52032623127015,4.0,11.0
2018-11-10,,14.335,14.65,14.275,,0.0,14.606,95661.0,39.21105341842558,38.48353079235456,39.32917517321202,38.32245567219123,37.99493626119247,79279.0,42.4620862603887,84671.0,45.50909061681162,76619.0,39.88935864666892,42.95873454755896,42.16007041008247,3.1732082573752884,3.2007348265385316,5.0,11.0
2018-11-12,,14.63,14.82,14.605,,0.0,14.628,71602.0,39.2701142958188,39.27548346649091,39.78555468034144,39.20836883308952,39.21105341842558,95661.0,37.99493626119247,79279.0,42.4620862603887,84671.0,38.82536799181228,42.06208304531644,41.78269441427125,3.206662361513088,0.15062303163084767,0.0,11.0
2018-12-01,,17.235,17.37,17.225,,0.0,17.141,12528.0,46.01647724532608,46.2688282669153,46.63124728728278,46.24198241355475,39.2701142958188,71602.0,39.21105341842558,95661.0,37.99493626119247,79279.0,41.49921498652349,42.205133092509115,41.85594524272647,3.3781065501594947,17.179382007109623,5.0,12.0
2018-12-02,,16.295,16.58,16.28,,0.0,16.57,77781.0,44.48357901843844,43.7453180510232,44.51042487179899,43.70504927098237,46.01647724532608,12528.0,39.2701142958188,71602.0,39.21105341842558,95661.0,43.256723519861104,42.13533387377167,41.948563436820386,3.315879034158507,-3.3311942127063565,6.0,12.0
2018-12-03,,16.605,16.635,16.43,,0.0,16.536,49313.0,44.39230311701256,44.57753950520038,44.65807706528204,44.10773707139068,44.48357901843844,77781.0,46.01647724532608,12528.0,39.2701142958188,71602.0,44.96411979359237,41.97579280237181,42.18653275125216,3.1491751497949365,-0.2051901025950431,0.0,12.0
2018-12-04,,16.665,16.69,16.43,,0.0,16.473,101372.0,44.22317424084106,44.7386146253637,44.80572925876509,44.10773707139068,44.39230311701256,49313.0,44.48357901843844,77781.0,46.01647724532608,12528.0,44.36635212543069,42.22737679957928,42.626037721983515,3.26279545772296,-0.38098693759072155,1.0,12.0
2018-12-06,,16.96,16.98,16.775,,0.0,16.891,77134.0,45.345330911312224,45.530567299500056,45.58425900622116,45.0339190123298,44.22317424084106,101372.0,44.39230311701256,49313.0,44.48357901843844,77781.0,44.653602756388615,43.277433178167826,43.117892106767954,2.8273887050897892,2.5374855824682685,3.0,12.0
2018-12-07,,15.825,16.025,15.78,,0.0,15.977,62435.0,42.89161991415757,42.483562943077146,43.02048001028823,42.36275660295465,45.345330911312224,77134.0,44.22317424084106,101372.0,44.39230311701256,49313.0,44.153375022103624,43.803228391843824,43.38098146970139,2.2227214780979767,-5.411165709549448,4.0,12.0
2018-12-09,,14.16,14.315,14.105,,0.0,14.293,83186.0,38.37077820824023,38.01372835854485,38.429839085633446,37.866076165061806,42.89161991415757,62435.0,45.345330911312224,77134.0,44.22317424084106,101372.0,42.20257634457001,43.67475180790402,42.868417426610236,2.5327782037582254,-10.540151467734871,6.0,12.0
2018-12-10,,14.62,14.735,14.54,,0.0,14.635,68828.0,39.28890639317119,39.24863761313036,39.55736492677673,39.03387078624592,38.37077820824023,83186.0,42.89161991415757,62435.0,45.345330911312224,77134.0,40.183768171856336,42.71367025759618,42.45940167505265,2.7621250976336347,2.3927796823620007,0.0,12.0
2018-12-11,,14.1,14.1,13.995,,0.0,13.974,2.0,37.51439548603855,37.85265323838153,37.85265323838153,37.57077177809571,39.28890639317119,68828.0,38.37077820824023,83186.0,42.89161991415757,62435.0,38.391360029149986,41.71807261011048,41.92670324194108,3.233609663326791,-4.516569866757769,1.0,12.0
2018-12-12,,14.65,14.895,14.63,,0.0,14.851,62439.0,39.86877682575916,39.32917517321202,39.9868985805456,39.27548346649091,37.51439548603855,2.0,39.28890639317119,68828.0,38.37077820824023,83186.0,38.8906929016563,41.07185456850285,41.52382368543733,3.057302474443833,6.275941033347654,2.0,12.0
2019-01-02,,16.06,16.08,15.9,,0.0,15.931,67274.0,42.76812898869902,43.11444049705017,43.16813220377127,42.6849068432813,39.86877682575916,62439.0,37.51439548603855,2.0,39.28890639317119,68828.0,40.05043376683225,40.86399096105399,41.54568388031664,2.849756445665633,7.272237559760275,2.0,1.0
2019-01-03,,15.63,15.665,15.165,,0.0,15.256,96813.0,40.9560338868616,41.96006880254634,42.05402928930828,40.71173662128056,42.76812898869902,67274.0,39.86877682575916,62439.0,37.51439548603855,2.0,41.197646567106595,40.23694852898962,41.75719085357872,2.0776773677524183,-4.237022158056636,3.0,1.0
2019-01-04,,15.095,15.19,15.03,,0.0,15.099,64063.0,40.5345539891009,40.523815647756685,40.778851254681946,40.34931760091308,40.9560338868616,96813.0,42.76812898869902,67274.0,39.86877682575916,62439.0,41.41957228822051,39.90022482541009,41.851726608626954,1.7391601586980743,-1.0291033036182395,4.0,1.0
2019-01-05,,14.975,14.985,14.62,,0.0,14.729,81969.0,39.5412574147604,40.20166540743003,40.22851126079058,39.24863761313036,40.5345539891009,64063.0,40.9560338868616,96813.0,42.76812898869902,67274.0,40.343948430240964,40.06743614062726,41.87109397426564,1.6197737303502078,-2.450493410159582,5.0,1.0
2019-01-07,,15.17,15.245,15.075,,0.0,15.106,227.0,40.55334608645329,40.72515954796084,40.92650344816499,40.47012394103557,39.5412574147604,81969.0,40.5345539891009,64063.0,40.9560338868616,96813.0,40.2097191634382,40.2480703825247,41.48087032006044,1.5886892095662395,2.5595763459840937,0.0,1.0
2019-01-08,,16.28,16.405,15.935,,0.0,16.18,118667.0,43.43659073737682,43.70504927098237,44.0406224379893,42.77886733004324,40.55334608645329,227.0,39.5412574147604,81969.0,40.5345539891009,64063.0,41.17706474619684,41.094098275573025,41.40608544284176,1.4621298204143693,7.109757712167353,1.0,1.0
2019-01-10,,17.045,17.375,16.94,,0.0,17.302,80344.0,46.448695484431006,45.75875705306477,46.64467021396306,45.47687559277895,43.43659073737682,118667.0,40.55334608645329,227.0,39.5412574147604,81969.0,43.4795441027537,42.03408665538329,41.552970611943074,2.3738924858045714,6.934487021013602,3.0,1.0
2019-01-11,,18.03,18.03,18.03,,0.0,18.004,13.0,48.33327439034193,48.40307360907936,48.40307360907936,48.40307360907936,46.448695484431006,80344.0,43.43659073737682,118667.0,40.55334608645329,227.0,46.07285353738325,42.829107427046566,41.846549194050276,3.3795644439897146,4.057334412206703,4.0,1.0
2019-02-01,,15.55,15.68,15.385,,0.0,15.649,85737.0,42.01107592393139,41.7453019756619,42.09429806934911,41.30234539521276,48.33327439034193,13.0,46.448695484431006,80344.0,43.43659073737682,118667.0,45.597681932901445,42.97982771805653,41.60838812352307,3.3048068475270442,-13.080426571872927,4.0,2.0
2019-02-04,,15.085,15.09,14.905,,0.0,15.061,67858.0,40.4325397463308,40.49696979439613,40.51039272107641,40.01374443390615,42.01107592393139,85737.0,48.33327439034193,13.0,46.448695484431006,80344.0,43.59229668686803,42.96525425480366,41.43273954010687,3.317587363766266,-3.7574285896862403,0.0,2.0
2019-02-05,,14.69,14.735,14.57,,0.0,14.617,62927.0,39.24058385712219,39.43655858665424,39.55736492677673,39.11440834632759,40.4325397463308,67858.0,42.01107592393139,85737.0,48.33327439034193,13.0,40.56139984246146,42.92230088942677,41.494868515027015,3.3708262035413927,-2.9480114202244168,1.0,2.0
2019-02-07,,15.16,15.365,15.07,,0.0,15.238,70068.0,40.90771135081261,40.69831369460028,41.24865368849165,40.456701014355296,39.24058385712219,62927.0,40.4325397463308,67858.0,42.01107592393139,85737.0,40.19361165142186,42.97292449862096,41.610497440572836,3.33175380915205,4.248477799822137,3.0,2.0
2019-02-08,,16.355,16.385,16.03,,0.0,16.27,97890.0,43.678203417621816,43.90639317118652,43.98693073126819,43.03390293696851,40.90771135081261,70068.0,39.24058385712219,62927.0,40.4325397463308,67858.0,41.275499541852206,43.00744059579882,42.05076943568592,3.33860233018423,6.7725423283895525,4.0,2.0
2019-02-10,,17.175,17.58,17.155,,0.0,17.592,44.0,47.22722523188708,46.107753146751975,47.195010207854416,46.054061440030864,43.678203417621816,97890.0,40.90771135081261,70068.0,39.24058385712219,62927.0,43.937713333440506,43.118659131149684,42.57637289326649,3.482225182812033,8.125384142593717,6.0,2.0
2019-02-12,,17.07,17.1,16.895,,0.0,16.966,70903.0,45.54667481151639,45.82587168646615,45.90640924654782,45.35606925265645,47.22722523188708,44.0,43.678203417621816,97890.0,40.90771135081261,70068.0,45.48403448700844,42.72057347703175,42.77484045203916,2.896811346678351,-3.558435652569336,1.0,2.0
2019-03-01,,15.63,15.815,15.55,,0.0,15.797,85782.0,42.4083945536676,41.96006880254634,42.45671708971659,41.7453019756619,45.54667481151639,70903.0,47.22722523188708,44.0,43.678203417621816,97890.0,45.06076486569035,42.77733328127978,42.87858049966816,2.8844587315519026,-6.890251090416122,4.0,3.0
2019-03-04,,15.09,15.16,15.0,,0.0,15.102,58612.0,40.54260774510907,40.51039272107641,40.69831369460028,40.268780040831416,42.4083945536676,85782.0,45.54667481151639,70903.0,47.22722523188708,44.0,42.83255903676436,42.79305728110525,42.87915576795445,2.8698090481028338,-4.399569538519977,0.0,3.0
2019-03-05,,14.62,14.995,14.6,,0.0,14.978,82935.0,40.2097191634382,39.24863761313036,40.25535711415114,39.194945906409245,40.54260774510907,58612.0,42.4083945536676,85782.0,45.54667481151639,70903.0,41.053573820738286,42.93150518200754,42.92690303571716,2.6874466657862284,-0.8210833002251339,1.0,3.0
2019-03-06,,14.575,14.825,14.565,,0.0,14.74,106724.0,39.570787853457006,39.12783127300786,39.79897760702172,39.10098541964731,40.2097191634382,82935.0,40.54260774510907,58612.0,42.4083945536676,85782.0,40.10770492066809,42.74051611095673,42.85672030478885,2.894752701097986,-1.5889971958873095,2.0,3.0
2019-03-07,,15.365,15.37,15.25,,0.0,15.336,16202.0,41.17080071374604,41.24865368849165,41.26207661517193,40.93992637484527,39.570787853457006,106724.0,40.2097191634382,82935.0,40.54260774510907,58612.0,40.317102576880416,42.38231572468877,42.69487816024379,2.9144512213332914,4.043419267299853,3.0,3.0
2019-03-09,,18.595,19.395,18.365,,0.0,19.237,194838.0,51.64336810969826,49.91986432395068,52.06753259279503,49.30240969665793,41.17080071374604,16202.0,39.570787853457006,106724.0,40.2097191634382,82935.0,44.128318892300435,43.013193278661795,43.065926204905736,4.290921681437579,25.436880542514338,5.0,3.0
2019-03-10,,17.63,17.845,17.515,,0.0,17.676,67807.0,47.45273040011574,47.32923947465719,47.906425321909104,47.02051216101082,51.64336810969826,194838.0,41.17080071374604,16202.0,39.570787853457006,106724.0,46.75563307452001,43.285486934175985,43.00303020560387,4.532181365689259,-8.114570879035188,6.0,3.0
2019-03-12,,16.86,17.16,16.81,,0.0,17.125,381.0,45.9735238799492,45.26210876589451,46.067484366711135,45.12787949909174,47.45273040011574,67807.0,51.64336810969826,194838.0,41.17080071374604,16202.0,48.35654079658773,43.79479112364478,43.28606220246229,4.616718240356236,-3.1172210907445153,1.0,3.0
2019-04-01,,15.805,15.955,15.645,,0.0,15.786,94060.0,42.37886411497098,42.42987123635604,42.83255903676435,42.00033758258717,45.9735238799492,381.0,47.45273040011574,67807.0,51.64336810969826,194838.0,45.268372798345304,44.05711346219649,43.42508537165087,4.4502993413584555,-7.818978102189778,0.0,4.0
2019-04-02,,15.92,15.935,15.685,,0.0,15.886,59083.0,42.64732264857653,42.73859855000241,42.77886733004324,42.107720996029386,42.37886411497098,94060.0,45.9735238799492,381.0,47.45273040011574,67807.0,43.666570214498904,44.405342531501965,43.66842385675475,4.186629675153525,0.6334726973267646,1.0,4.0
2019-04-03,,15.225,15.295,15.075,,0.0,15.105,85646.0,40.55066150111723,40.87281174144388,41.06073271496776,40.47012394103557,42.64732264857653,59083.0,42.37886411497098,94060.0,45.9735238799492,381.0,41.85894942155491,44.54532448116771,43.64292029606222,4.010729162896119,-4.916278484199932,2.0,4.0
2019-04-04,,15.09,15.15,14.86,,0.0,15.084,70292.0,40.49428520906007,40.51039272107641,40.67146784123973,39.892938093783656,40.55066150111723,85646.0,42.64732264857653,59083.0,42.37886411497098,94060.0,41.23075645291794,44.44867940906972,43.415497566879246,4.1124570341457956,-0.13902681231381386,3.0,4.0
2019-04-06,,14.75,14.75,14.75,,0.0,14.732,2.0,39.54931117076856,39.59763370681756,39.59763370681756,39.59763370681756,40.49428520906007,70292.0,40.55066150111723,85646.0,42.64732264857653,59083.0,40.19808596031529,42.720956989222614,42.8670751339422,2.9670104892916127,-2.3335985149827487,5.0,4.0
2019-04-09,,19.35,19.75,19.28,,0.0,19.547,152048.0,52.47558956387545,51.94672625267253,53.0205603870947,51.75880527914865,39.54931117076856,2.0,40.49428520906007,70292.0,40.55066150111723,85646.0,44.173061981234696,43.43850829833114,43.36199761625357,4.508841783049125,32.68395329894109,1.0,4.0
2019-04-10,,17.44,17.455,17.32,,0.0,17.54,27.0,47.0876267944122,46.81916826080666,46.85943704084749,46.49701802048001,52.47558956387545,152048.0,39.54931117076856,2.0,40.49428520906007,70292.0,46.37084250968541,43.59766585754015,43.696228490592475,4.631241180760628,-10.267560239422945,2.0,4.0
2019-04-11,,18.125,18.23,17.96,,0.0,18.066,75493.0,48.49971868117736,48.65810921600463,48.93999067629045,48.21515263555549,47.0876267944122,27.0,52.47558956387545,152048.0,39.54931117076856,2.0,49.35431167982167,44.47207365271249,44.26459355745449,4.930904083743514,2.998859749144822,3.0,4.0
2019-04-12,,17.25,17.415,16.865,,0.0,16.916,107672.0,45.41244554471362,46.30909704695613,46.75205362740528,45.27553169257479,48.49971868117736,75493.0,47.0876267944122,27.0,52.47558956387545,152048.0,46.99993034010106,44.8670912093035,44.63621687040273,4.8707494542512855,-6.365548544226729,4.0,4.0
2019-05-02,,15.88,15.93,15.815,,0.0,15.836,43325.0,42.51309338177376,42.63121513656019,42.76544440336296,42.45671708971659,45.41244554471362,107672.0,48.49971868117736,75493.0,47.0876267944122,27.0,45.47508586922157,45.14743862082586,44.84638155099679,4.631500461060211,-6.384488058642701,3.0,5.0
2019-05-03,,15.115,15.175,15.06,,0.0,15.105,64513.0,40.55066150111723,40.57750735447779,40.73858247464111,40.42985516099474,42.51309338177376,43325.0,45.41244554471362,107672.0,48.49971868117736,75493.0,42.825400142534875,45.15549237683403,44.80208589295187,4.622099961034197,-4.616064662793651,4.0,5.0
2019-05-04,,15.115,15.18,15.04,,0.0,15.086,64334.0,40.499654379732185,40.57750735447779,40.75200540132139,40.37616345427363,40.55066150111723,64513.0,42.51309338177376,43325.0,45.41244554471362,107672.0,41.187803087541056,45.29125569240026,44.006106340811435,4.440371348843749,-0.12578616352200145,5.0,5.0
2019-05-06,,14.815,15.04,14.755,,0.0,14.791,127493.0,39.70770170559584,39.77213175366117,40.37616345427363,39.61105663349784,40.499654379732185,64334.0,40.55066150111723,64513.0,42.51309338177376,43325.0,40.25267252881508,43.46727171264603,43.45289000548859,3.5254877991499116,-1.9554553891024673,0.0,5.0
2019-05-07,,15.305,15.37,14.915,,0.0,15.001,105333.0,40.27146462616747,41.08757856832832,41.26207661517193,40.0405902872667,39.70770170559584,127493.0,40.499654379732185,64334.0,40.55066150111723,64513.0,40.159606903831836,42.49353426003963,43.045600058789894,3.2925027198517682,1.419782300047312,1.0,5.0
2019-05-08,,16.15,16.435,16.125,,0.0,16.345,79.0,43.87954731782597,43.35605317729515,44.12115999807096,43.28893854389377,40.27146462616747,105333.0,39.70770170559584,127493.0,40.499654379732185,64334.0,41.28623788319643,41.83350977956087,43.152791716136676,2.1540968584384346,8.95940270648623,2.0,5.0
2019-05-09,,19.645,19.675,18.57,,0.0,18.807,188785.0,50.48899641519443,52.73867892680888,52.81921648689054,49.852749690549295,43.87954731782597,79.0,40.27146462616747,105333.0,39.70770170559584,127493.0,44.88000278639595,42.558731332486694,43.712911270895106,3.791829884456625,15.062710308962979,3.0,5.0
2019-05-11,,18.06,18.085,17.52,,0.0,17.568,138072.0,47.16279518382176,48.48361116916102,48.55072580256241,47.0339350876911,50.48899641519443,188785.0,43.87954731782597,79.0,40.27146462616747,105333.0,47.17711297228072,43.222974447064985,44.18520653394542,4.17082389849859,-6.587972563407241,5.0,5.0
2019-05-12,,16.92,17.075,16.87,,0.0,17.059,64624.0,45.79634124776955,45.42318388605784,45.83929461314643,45.288954619255065,47.16279518382176,138072.0,50.48899641519443,188785.0,43.87954731782597,79.0,47.816044282261906,43.97235726801531,44.563924822424674,4.080942903244735,-2.8973132969034587,6.0,5.0
2019-06-02,,15.84,15.87,15.64,,0.0,15.701,50714.0,42.150674361406274,42.52383172311798,42.60436928319964,41.986914655906894,45.79634124776955,64624.0,47.16279518382176,138072.0,50.48899641519443,188785.0,45.03660359766585,44.20821726539732,44.7497364788988,3.890030496252514,-7.960607304062373,6.0,6.0
2019-06-03,,15.15,15.175,15.055,,0.0,15.085,55099.0,40.49696979439613,40.67146784123973,40.73858247464111,40.41643223431446,42.150674361406274,50714.0,45.79634124776955,64624.0,47.16279518382176,138072.0,42.81466180119065,44.320969849511656,43.89412078107885,3.7466373599329854,-3.923316986179226,0.0,6.0
2019-06-05,,14.96,14.99,14.77,,0.0,14.927,63448.0,40.07280531129937,40.1613966273892,40.24193418747086,39.65132541353867,40.49696979439613,55099.0,42.150674361406274,50714.0,45.79634124776955,64624.0,40.90681648903392,44.29258994738764,43.39306210371364,3.782999702594805,-1.0473980775605019,2.0,6.0
2019-06-06,,14.795,14.995,14.73,,0.0,14.905,76960.0,40.01374443390615,39.71844004694005,40.25535711415114,39.54394200009645,40.07280531129937,63448.0,40.49696979439613,55099.0,42.150674361406274,50714.0,40.194506513200544,43.74033239254195,42.78692108605141,4.120467537493193,-0.14738393515107973,3.0,6.0
2019-06-08,,16.44,16.53,16.365,,0.0,16.445,69494.0,44.14800585143151,44.13458292475124,44.37619560499623,43.93323902454708,40.01374443390615,76960.0,40.07280531129937,63448.0,40.49696979439613,55099.0,41.41151853221234,42.83447659771868,42.69660396510269,2.908241876591045,10.332103321033227,5.0,6.0
2019-06-09,,18.63,18.685,17.97,,0.0,17.968,343.0,48.23662931824393,50.01382481071262,50.16147700419567,48.24199848891603,44.14800585143151,69494.0,40.01374443390615,76960.0,40.07280531129937,63448.0,44.13279320119386,42.9878814740647,43.105427960564846,3.1893417742279393,9.261173608999695,6.0,6.0
2019-06-11,,17.59,17.63,17.54,,0.0,17.598,98652.0,47.243332743903416,47.22185606121498,47.32923947465719,47.0876267944122,48.23662931824393,343.0,44.14800585143151,69494.0,40.01374443390615,76960.0,46.54265597119295,43.19459454494097,43.58347590647814,3.4388397479084016,-2.059216384683893,1.0,6.0
2019-06-12,,16.82,16.825,16.465,,0.0,16.481,159.0,44.24465092352951,45.154725352452296,45.16814827913257,44.201697558152624,47.243332743903416,98652.0,48.23662931824393,343.0,44.14800585143151,69494.0,46.574870995225616,43.493734053815714,43.850975659606526,3.4239395146284015,-6.347312194567545,2.0,6.0
2019-07-01,,15.8,15.88,15.68,,0.0,15.756,52485.0,42.29832655488932,42.41644830967576,42.63121513656019,42.09429806934911,44.24465092352951,159.0,47.243332743903416,98652.0,48.23662931824393,343.0,44.59543674077408,43.75107073388617,44.036020291698904,3.222964957214332,-4.399004914750327,0.0,7.0
2019-07-02,,15.66,15.75,15.635,,0.0,15.713,53617.0,42.18288938543893,42.040606362628,42.28221904287299,41.973491729226616,42.29832655488932,52485.0,44.24465092352951,159.0,47.243332743903416,98652.0,42.908622287952596,44.05251131590611,44.17255063164687,2.9045513119869217,-0.2729119065752794,1.0,7.0
2019-07-03,,15.1,15.13,14.985,,0.0,15.04,57728.0,40.37616345427363,40.53723857443696,40.61777613451862,40.22851126079058,42.18288938543893,53617.0,42.29832655488932,52485.0,44.24465092352951,159.0,41.61912646486729,44.10428546167289,43.92230892710743,2.8226359335790625,-4.283077706357796,2.0,7.0
2019-07-05,,14.91,14.955,14.81,,0.0,14.926,54542.0,40.070120725963314,40.027167360586425,40.14797370070893,39.758708826980886,40.37616345427363,57728.0,42.18288938543893,53617.0,42.29832655488932,52485.0,40.87639118855863,43.521730443748865,43.17810352073377,3.20677987190665,-0.7579787234042512,4.0,7.0
2019-07-06,,14.89,15.15,14.84,,0.0,15.031,97503.0,40.35200218624914,39.97347565386532,40.67146784123973,39.83924638706255,40.070120725963314,54542.0,40.37616345427363,57728.0,42.18288938543893,53617.0,40.26609545549536,42.395355139178186,42.69161830662144,2.602450109148596,0.7034704542409287,5.0,7.0
2019-07-08,,17.156,17.156,17.156,,0.0,17.156,89.0,46.05674602536691,46.05674602536691,46.05674602536691,46.05674602536691,40.35200218624914,97503.0,40.070120725963314,54542.0,40.37616345427363,57728.0,42.159622979193124,42.22584275081582,42.71021864787839,2.2486379077319856,14.137449271505531,0.0,7.0
2019-07-10,,17.485,17.515,17.45,,0.0,17.54,34033.0,47.0876267944122,46.93997460092916,47.02051216101082,46.84601411416722,46.05674602536691,89.0,40.35200218624914,97503.0,40.070120725963314,54542.0,44.498791668676084,42.631982160941924,43.062858107378815,2.850290854915367,2.2382839822802536,2.0,7.0
2019-07-11,,17.54,17.565,17.5,,0.0,16.97,5.0,45.557413152860605,47.0876267944122,47.15474142781359,46.98024338096999,47.0876267944122,34033.0,46.05674602536691,89.0,40.35200218624914,97503.0,46.23392865754658,43.097565960652105,43.424318347269136,3.046155780894028,-3.2497149372862077,3.0,7.0
2019-08-01,,15.725,15.745,15.56,,0.0,15.713,61158.0,42.18288938543893,42.2151044094716,42.26879611619271,41.77214782902246,45.557413152860605,5.0,47.0876267944122,34033.0,46.05674602536691,89.0,44.94264311090391,43.097565960652105,43.57503863827911,3.046155780894028,-7.407189157336469,3.0,8.0
2019-08-02,,15.74,15.86,15.65,,0.0,15.809,51751.0,42.44060957770026,42.25537318951243,42.57752342983908,42.01376050926745,42.18288938543893,61158.0,45.557413152860605,5.0,47.0876267944122,34033.0,43.39363737199994,43.39248683542734,43.74838614855012,2.8311099731252396,0.6109590784700636,4.0,8.0
2019-08-03,,15.055,15.385,15.015,,0.0,15.349,71418.0,41.20570032311476,40.41643223431446,41.30234539521276,40.30904882087225,42.44060957770026,51751.0,42.18288938543893,61158.0,45.557413152860605,5.0,41.943066428751315,43.554712492163254,43.53822146795606,2.6347296072136226,-2.9097349610981094,5.0,8.0
2019-08-04,,15.173,15.173,15.173,,0.0,15.173,53604.0,40.73321330396901,40.73321330396901,40.73321330396901,40.73321330396901,41.20570032311476,71418.0,42.44060957770026,51751.0,42.18288938543893,61158.0,41.45984106826134,43.6091712232661,43.00226318122214,2.560388795684073,-1.1466545051794785,6.0,8.0
2019-08-05,,14.92,14.99,14.835,,0.0,14.862,51790.0,39.898307264455774,40.05401321394698,40.24193418747086,39.825823460382274,40.73321330396901,53604.0,41.20570032311476,71418.0,42.44060957770026,51751.0,40.61240696384652,42.729394257421646,42.477618504118745,2.6361392556759147,-2.0496935345679757,0.0,8.0
2019-08-07,,15.05,15.15,14.985,,0.0,15.05,46461.0,40.403009307634186,40.403009307634186,40.67146784123973,40.22851126079058,39.898307264455774,51790.0,40.73321330396901,53604.0,41.20570032311476,71418.0,40.344843292019654,41.77444890216765,42.20321553155479,1.903059498078488,1.2649710671511105,2.0,8.0
2019-08-08,,17.1,17.225,16.81,,0.0,16.936,118840.0,45.46613725143472,45.90640924654782,46.24198241355475,45.12787949909174,40.403009307634186,46461.0,39.898307264455774,51790.0,40.73321330396901,53604.0,41.92248460784156,41.761409487678236,42.42948772416518,1.872892899640476,12.531561461794016,3.0,8.0
2019-08-10,,17.64,17.64,17.64,,0.0,17.617,2.0,47.29433986528848,47.35608532801775,47.35608532801775,47.35608532801775,45.46613725143472,118840.0,40.403009307634186,46461.0,39.898307264455774,51790.0,44.38782880811913,42.49161669908532,42.79459132986871,2.8210406513457356,4.021020311761947,5.0,8.0
2019-08-11,,16.845,16.875,16.765,,0.0,16.783,31.0,45.055395695018255,45.22183998585368,45.30237754593534,45.00707315896925,47.29433986528848,2.0,45.46613725143472,118840.0,40.403009307634186,46461.0,45.93862427058048,42.86515757298788,43.12882220420761,2.9817012387084842,-4.734063688482704,6.0,8.0
2019-09-01,,15.715,15.825,15.63,,0.0,15.735,73226.0,42.24195026283216,42.18825855611105,42.483562943077146,41.96006880254634,45.055395695018255,31.0,47.29433986528848,2.0,45.46613725143472,118840.0,44.86389527437964,43.0131932786618,43.283952885412525,2.91045359173012,-6.244413990347386,6.0,9.0
2019-09-04,,15.22,15.31,15.18,,0.0,15.211,57247.0,40.83522754673911,40.85938881476361,41.1010014950086,40.75200540132139,42.24195026283216,73226.0,45.055395695018255,31.0,47.29433986528848,2.0,42.71085783486317,43.02776674191467,43.31846898259038,2.8973602929016735,-3.3301557038449503,2.0,9.0
2019-09-05,,14.845,14.875,14.705,,0.0,14.773,58045.0,39.65937916954683,39.85266931374283,39.93320687382449,39.47682736669507,40.83522754673911,57247.0,42.24195026283216,73226.0,45.055395695018255,31.0,40.91218565970603,42.993634156927676,42.86151420717466,2.94144360772108,-2.8794951022286575,3.0,9.0
2019-09-07,,15.035,15.155,14.965,,0.0,15.147,48296.0,40.663414085231565,40.36274052759335,40.68489076792,40.17481955406948,39.65937916954683,58045.0,40.83522754673911,57247.0,42.24195026283216,73226.0,40.38600693383918,43.03083483944159,42.40264187080462,2.904635496974941,2.5316455696202667,5.0,9.0
2019-09-08,,16.94,17.14,16.86,,0.0,16.931,95119.0,45.45271432475445,45.47687559277895,46.01379265999003,45.26210876589451,40.663414085231565,48296.0,39.65937916954683,58045.0,40.83522754673911,57247.0,41.92516919317762,43.02891727848726,42.39516338308275,2.9027636511309014,11.77790981712552,6.0,9.0
2019-09-09,,18.215,18.4,18.015,,0.0,18.167,133132.0,48.77086180011896,48.89972189624962,49.39637018341987,48.36280482903853,45.45271432475445,95119.0,40.663414085231565,48296.0,39.65937916954683,58045.0,44.96233007003499,43.23984898346305,42.86573284127418,3.2919313642681676,7.300218534049963,0.0,9.0
2019-09-10,,17.825,17.835,17.75,,0.0,17.81,65358.0,47.81246483514717,47.852733615188,47.87957946854856,47.65138971498384,48.77086180011896,133132.0,45.45271432475445,95119.0,40.663414085231565,48296.0,47.345346986673526,43.63371600348147,43.249436788234675,3.686632607618616,-1.9651015577695885,1.0,9.0
2019-09-12,,16.6,16.73,16.565,,0.0,16.642,51185.0,44.67686916263443,44.56411657852011,44.913112672207305,44.47015609175816,47.81246483514717,65358.0,48.77086180011896,133132.0,45.45271432475445,95119.0,47.08673193263352,43.98156156059607,43.49737741962893,3.6480986101601776,-6.558113419427281,3.0,9.0
2019-10-01,,15.8,15.83,15.585,,0.0,15.643,60285.0,41.99496841191506,42.41644830967576,42.496985869757424,41.83926246242385,44.67686916263443,51185.0,47.81246483514717,65358.0,48.77086180011896,133132.0,44.82810080323222,44.14723882704978,43.587502784482226,3.504918751602562,-6.0028842687177,1.0,10.0
2019-10-04,,15.185,15.265,15.115,,0.0,15.244,60765.0,40.92381886282895,40.76542832800167,40.9801951548861,40.57750735447779,41.99496841191506,60285.0,44.67686916263443,51185.0,47.81246483514717,65358.0,42.531885479126146,44.32787306894722,43.660753612937455,3.259035736402339,-2.550661637793239,4.0,10.0
2019-10-05,,14.75,14.85,14.74,,0.0,14.79,44487.0,39.705017120259775,39.59763370681756,39.8660922404231,39.570787853457006,40.92381886282895,60765.0,41.99496841191506,60285.0,44.67686916263443,51185.0,40.87460146500126,44.1909592168084,43.610897028124995,3.4529987751111224,-2.9782209393860226,5.0,10.0
2019-10-06,,15.005,15.01,14.625,,0.0,14.639,89933.0,39.29964473451541,40.282202967511694,40.29562589419197,39.26206053981063,39.705017120259775,44487.0,40.92381886282895,60765.0,41.99496841191506,60285.0,39.97616023920138,43.31194927534568,43.17043327691647,3.8397813591714582,-1.0209601081811903,6.0,10.0
2019-10-07,,15.135,15.315,15.07,,0.0,15.226,72535.0,40.875496326779945,40.6311990611989,41.11442442168888,40.456701014355296,39.29964473451541,89933.0,39.705017120259775,44487.0,40.92381886282895,60765.0,39.96005272718504,42.184039922011536,42.711944452737285,3.046715328828809,4.009836737482053,0.0,10.0
2019-10-09,,18.09,18.265,17.855,,0.0,18.186,114183.0,48.821868921504006,48.564148729242696,49.03395116305239,47.93327117526966,40.875496326779945,72535.0,39.29964473451541,89933.0,39.705017120259775,44487.0,42.99900332759979,42.3282405057768,42.98097825462913,3.3647906307998845,19.440430841980817,2.0,10.0
2019-10-10,,17.8,17.935,17.455,,0.0,17.602,92239.0,47.254071085247645,47.78561898178661,48.148038002154095,46.85943704084749,48.821868921504006,114183.0,40.875496326779945,72535.0,39.29964473451541,89933.0,45.650478777843865,42.69641220900725,43.33898688480167,3.779986627911347,-3.2112614098757097,3.0,10.0
2019-10-12,,16.555,16.61,16.555,,0.0,16.596,188.0,44.553378237175885,44.44331023839761,44.590962431880655,44.44331023839761,47.254071085247645,92239.0,48.821868921504006,114183.0,40.875496326779945,72535.0,46.87643941464251,43.06189932690165,43.60456907697572,3.824287015008965,-5.7152596295875435,5.0,10.0
2019-11-01,,15.625,15.78,15.59,,0.0,15.656,62442.0,42.02986802128378,41.94664587586606,42.36275660295465,41.85268538910413,44.553378237175885,188.0,47.254071085247645,92239.0,48.821868921504006,114183.0,44.612439114569106,43.219906349538064,43.77388970924265,3.743215285675893,-5.664015425403712,4.0,11.0
2019-11-02,,15.65,15.65,15.65,,0.0,15.657,2.0,42.03255260661983,42.01376050926745,42.01376050926745,42.01376050926745,42.02986802128378,62442.0,44.553378237175885,188.0,47.254071085247645,92239.0,42.871932955026494,43.55241141901807,43.87168531791324,3.4725449197387785,0.006387327542145549,5.0,11.0
2019-11-03,,15.32,15.365,15.225,,0.0,15.274,45310.0,41.00435642291061,41.12784734836916,41.24865368849165,40.87281174144388,42.03255260661983,2.0,42.02986802128378,62442.0,44.553378237175885,188.0,41.688925683604744,43.795941660217395,43.55394546778154,3.1712988994874953,-2.446190202465326,6.0,11.0
2019-11-04,,15.19,15.215,14.845,,0.0,14.867,101460.0,39.91173019113605,40.778851254681946,40.845965888083335,39.85266931374283,41.00435642291061,45310.0,42.03255260661983,2.0,42.02986802128378,62442.0,40.98287974022217,43.65826078369683,42.921150352854184,3.335871347538599,-2.664658897472827,0.0,11.0
2019-11-06,,14.685,14.785,14.63,,0.0,14.74,76461.0,39.570787853457006,39.42313565997396,39.6915941935795,39.27548346649091,39.91173019113605,101460.0,41.00435642291061,45310.0,42.03255260661983,2.0,40.16229148916789,42.336677773975836,42.33245913987631,2.7260086902988117,-0.8542409363018977,2.0,11.0
2019-11-07,,15.265,15.345,15.12,,0.0,15.146,59202.0,40.66072949989551,40.9801951548861,41.19496198177055,40.59093028115807,39.570787853457006,76461.0,39.91173019113605,101460.0,41.00435642291061,45310.0,40.04774918149619,41.39477183321124,42.04559202110925,1.6834725177653684,2.754409769335142,3.0,11.0
2019-11-09,,18.095,18.335,17.97,,0.0,18.17,83299.0,48.77891555612713,48.57757165592296,49.22187213657627,48.24199848891603,40.66072949989551,59202.0,39.570787853457006,76461.0,39.91173019113605,101460.0,43.003477636493216,41.998420021632846,42.530159674267246,3.135881706587101,19.965667502971108,5.0,11.0
2019-11-10,,17.595,17.595,17.35,,0.0,17.462,5.0,46.87822913819988,47.23527898789525,47.23527898789525,46.57755558056168,48.77891555612713,83299.0,40.66072949989551,59202.0,39.570787853457006,76461.0,45.43929139807417,42.69104303833514,42.9554746939366,3.639047173845398,-3.8965327462851085,6.0,11.0
2019-11-11,,16.755,16.91,16.63,,0.0,16.802,84789.0,45.106402816403296,44.98022730560869,45.39633803269728,44.644654138601766,46.87822913819988,5.0,48.77891555612713,83299.0,40.66072949989551,59202.0,46.92118250357677,43.130164496875636,43.341287957946854,3.730651096484952,-3.7796357805520486,0.0,11.0
2019-11-12,,16.915,16.93,16.91,,0.0,16.849,60730.0,45.2325783271979,45.40976095937756,45.45002973941839,45.39633803269728,45.106402816403296,84789.0,46.87822913819988,5.0,48.77891555612713,83299.0,45.73907009393369,43.73419619748812,43.765068928852756,3.6709138167811255,0.27972860373763897,1.0,11.0
2019-12-02,,15.7,15.82,15.65,,0.0,15.69,57636.0,42.12114392270966,42.14798977607022,42.47014001639687,42.01376050926745,45.2325783271979,60730.0,45.106402816403296,84789.0,46.87822913819988,5.0,44.153375022103624,44.04982673057005,43.85404375713345,3.370138037206656,-6.878746513146172,0.0,12.0
2019-12-03,,15.38,15.4,15.38,,0.0,15.338,23.0,41.17616988441815,41.28892246853248,41.3426141752536,41.28892246853248,42.12114392270966,57636.0,45.2325783271979,60730.0,45.106402816403296,84789.0,42.84329737810858,44.27916702070736,43.3079223973416,3.054366218081537,-2.243467176545577,1.0,12.0
2019-12-04,,14.92,15.065,14.9,,0.0,14.963,66795.0,40.16945038339737,40.05401321394698,40.44327808767502,40.00032150722588,41.17616988441815,23.0,42.12114392270966,57636.0,45.2325783271979,60730.0,41.1555880635084,44.20898428977905,42.801878061495145,3.1553425435248186,-2.4449080714565086,2.0,12.0
2019-12-06,,14.725,14.86,14.71,,0.0,14.753,69645.0,39.60568746282573,39.53051907341617,39.892938093783656,39.49025029337535,40.16945038339737,66795.0,41.17616988441815,23.0,42.12114392270966,57636.0,40.317102576880416,42.89852313359314,42.448471577613,2.8290761214766302,-1.4034618726191272,4.0,12.0
2019-12-07,,15.135,15.27,15.07,,0.0,15.236,47572.0,40.9023421801405,40.6311990611989,40.99361808156638,40.456701014355296,39.60568746282573,69645.0,40.16945038339737,66795.0,41.17616988441815,23.0,40.225826675454535,42.04482499672752,42.36793401753133,2.275489147423978,3.2739103911068934,5.0,12.0
2019-12-08,,16.965,17.15,16.8,,0.0,17.071,78813.0,45.82855627180221,45.543990226180334,46.04063851335058,45.10103364573119,40.9023421801405,47572.0,39.60568746282573,69645.0,40.16945038339737,66795.0,42.112195304922814,42.14798977607022,42.63907713647293,2.4473103595047485,12.043843528485176,6.0,12.0
2019-12-09,,18.2,18.555,18.085,,0.0,18.177,98022.0,48.79770765347951,48.85945311620879,49.81248091050846,48.55072580256241,45.82855627180221,78813.0,40.9023421801405,47572.0,39.60568746282573,69645.0,45.17620203514074,42.65729396553902,43.195745081513564,3.386844499726121,6.478823736160733,0.0,12.0
2019-12-11,,16.8,16.805,16.675,,0.0,16.677,28.0,44.77082964939637,45.10103364573119,45.11445657241146,44.76546047872426,48.79770765347951,98022.0,45.82855627180221,78813.0,40.9023421801405,47572.0,46.46569785822603,43.035820497922835,43.542823614246444,3.4641231180110807,-8.252186829509823,2.0,12.0
2019-12-12,,16.92,17.03,16.905,,0.0,16.949,111614.0,45.501036860803445,45.42318388605784,45.71848827302394,45.38291510601701,44.77082964939637,28.0,48.79770765347951,98022.0,45.82855627180221,78813.0,46.35652472122644,43.65365863740645,43.966412829056914,3.4628460694861514,1.6309887869520923,3.0,12.0
2020-01-04,,14.145,14.265,13.895,,0.0,13.984,42181.0,37.5412413393991,37.97345957850403,38.29560981883068,37.30231324449017,45.501036860803445,111614.0,44.77082964939637,28.0,48.79770765347951,98022.0,42.60436928319964,43.278200202549556,43.74359224616431,4.003810106620789,-17.493657442916987,5.0,1.0
2020-01-05,,15.005,15.045,14.855,,0.0,14.863,102.0,39.90099184979182,40.282202967511694,40.38958638095391,39.87951516710338,37.5412413393991,42181.0,45.501036860803445,111614.0,44.77082964939637,28.0,40.98109001666479,43.32038654354471,43.10945483856893,3.9599810782841183,6.285755148741412,6.0,1.0
2020-01-06,,18.635,18.95,18.455,,0.0,18.827,60748.0,50.542688121915546,50.0272477373929,50.87289211825036,49.54402237690292,39.90099184979182,102.0,37.5412413393991,42181.0,45.501036860803445,111614.0,42.66164043703549,44.697578820941146,43.37120190883433,4.6030206097973005,26.670254995626742,0.0,1.0
2020-01-07,,18.58,18.85,18.095,,0.0,18.218,84985.0,48.90777565225778,49.87959554390984,50.604433584644816,48.57757165592296,50.542688121915546,60748.0,39.90099184979182,102.0,37.5412413393991,42181.0,46.45048520798838,45.13746730386337,43.6427285399668,4.868588546788671,-3.234716099219226,1.0,1.0
2020-01-09,,28.43,29.235,27.835,,0.0,28.645,113442.0,76.89994695130773,76.32276110405581,78.48385229958043,74.72543282910283,48.90777565225778,84985.0,50.542688121915546,60748.0,39.90099184979182,102.0,58.78347024182702,49.15207291783883,45.90468344168892,13.069412591457851,57.23460313975188,3.0,1.0
2020-01-10,,23.355,24.32,23.325,,0.0,24.254,69981.0,65.11193274068835,62.69849052357451,65.28911537286801,62.61795296349285,76.89994695130773,113442.0,48.90777565225778,84985.0,50.542688121915546,60748.0,63.63988511475128,52.05794478802339,47.54688264297312,14.149619939658937,-15.32902775353464,4.0,1.0
2020-01-12,,22.7,24.18,22.665,,0.0,24.09,87027.0,64.67166074557525,60.94008712845821,64.91327342582025,60.846126641696266,65.11193274068835,69981.0,76.89994695130773,113442.0,48.90777565225778,84985.0,68.89451347919044,54.7966053429908,49.22513199019862,14.519420465163071,-0.6761771254226168,6.0,1.0
2020-02-01,,17.905,18.15,17.83,,0.0,18.046,86726.0,48.446026974456245,48.06750044207244,48.725223849406014,47.86615654186827,64.67166074557525,87027.0,65.11193274068835,69981.0,76.89994695130773,113442.0,59.40987348690661,56.35443186228468,49.816316032417106,12.848319723697463,-25.089248650892493,5.0,2.0
2020-02-03,,16.495,16.975,16.39,,0.0,16.679,458.0,44.77619882006847,44.28223511823428,45.57083607954089,44.00035365794847,48.446026974456245,86726.0,64.67166074557525,87027.0,65.11193274068835,69981.0,52.63129551336666,57.05089000089562,50.18563827222017,11.90532326942744,-7.575085891610334,0.0,2.0
2020-02-04,,14.055,14.72,13.99,,0.0,14.654,53256.0,39.33991351455624,37.73184689825904,39.5170961467359,37.55734885141543,44.77619882006847,458.0,48.446026974456245,86726.0,64.67166074557525,87027.0,44.18737976969365,55.45049362841572,50.07403622467843,13.563513860453,-12.141015648420161,1.0,2.0
2020-02-06,,18.85,18.9,18.115,,0.0,18.26,75982.0,49.02052823637212,50.604433584644816,50.73866285144758,48.63126336264408,39.33991351455624,53256.0,44.77619882006847,458.0,48.446026974456245,86726.0,44.378880190332275,55.466601140432054,50.30203422214771,13.554512961371563,24.60761566807701,3.0,2.0
2020-02-07,,18.285,18.4,17.995,,0.0,18.322,48212.0,49.18697252720754,49.0876428697735,49.39637018341987,48.30911312231742,49.02052823637212,75982.0,39.33991351455624,53256.0,44.77619882006847,458.0,45.84913809271197,51.50760479413203,50.32983885598543,9.769670653791005,0.33953997809414993,4.0,2.0
2020-02-09,,28.385,28.54,27.275,,0.0,27.395,123599.0,73.54421528123845,76.20195476393332,76.61806549102191,73.2220650409118,49.18697252720754,48212.0,49.02052823637212,75982.0,39.33991351455624,53256.0,57.25057201493937,52.71221658563918,52.3850806868313,11.993440040334539,49.51970308918246,6.0,2.0
2020-02-10,,23.9,24.355,23.58,,0.0,24.029,65809.0,64.50790104007588,64.16158953172472,65.38307585962994,63.30252222418698,73.54421528123845,123599.0,49.18697252720754,48212.0,49.02052823637212,75982.0,62.41302961617396,52.68882234199641,53.74271384249361,11.966353246402736,-12.286913670377809,0.0,2.0
2020-02-11,,23.635,24.26,23.46,,0.0,24.033,73322.0,64.5186393814201,63.450174417670034,65.12804025270468,62.98037198386034,64.50790104007588,65809.0,73.54421528123845,123599.0,49.18697252720754,48212.0,67.52358523424482,54.98490982870554,55.66967084549511,12.544592424196306,0.01664655208291066,1.0,2.0
2020-02-12,,24.13,24.25,23.99,,0.0,24.08,75782.0,64.6448148922147,64.77904415901747,65.10119439934412,64.40320221196971,64.5186393814201,73322.0,64.50790104007588,65809.0,73.54421528123845,123599.0,64.55711843790357,57.82328355329787,57.43708677709674,12.089266741688446,0.19556443223898157,2.0,2.0
2020-03-01,,18.11,18.11,17.965,,0.0,18.068,83.0,48.505087851849474,48.6178404359638,48.6178404359638,48.22857556223576,64.6448148922147,75782.0,64.5186393814201,73322.0,64.50790104007588,65809.0,59.22284737516143,59.13259417291118,57.29154390066345,10.083782071236788,-24.966777408637864,6.0,3.0
2020-03-02,,18.1,18.125,17.58,,0.0,17.67,80029.0,47.43662288809941,48.59099458260325,48.65810921600463,47.195010207854416,48.505087851849474,83.0,64.6448148922147,75782.0,64.5186393814201,73322.0,53.52884187738786,58.906321980300795,57.186461560366425,10.362427629143072,-2.2027894620323396,0.0,3.0
2020-03-03,,16.875,17.32,16.74,,0.0,17.129,307.0,45.98426222129343,45.30237754593534,46.49701802048001,44.93995852556786,47.43662288809941,80029.0,48.505087851849474,83.0,64.6448148922147,75782.0,47.308657653747446,58.448791936598774,54.97819836536541,10.918852020344982,-3.061686474250125,1.0,3.0
2020-03-04,,14.59,14.59,14.55,,0.0,14.436,6.0,38.75467391129615,39.1681000530487,39.1681000530487,39.06071663960648,45.98426222129343,307.0,47.43662288809941,80029.0,48.505087851849474,83.0,44.05851967356299,53.47885745517845,53.09553702040882,10.819832979660841,-15.72187518243916,2.0,3.0
2020-03-06,,18.395,18.405,17.675,,0.0,17.958,70257.0,48.20978346488337,49.3829472567396,49.40979311010015,47.450045814779685,38.75467391129615,6.0,45.98426222129343,307.0,47.43662288809941,80029.0,44.31623986582432,51.15055494443667,51.919688643216546,9.75182978123843,24.3973399833749,4.0,3.0
2020-03-08,,24.68,25.275,24.16,,0.0,24.417,77403.0,65.54952015046538,66.25556609384796,67.85289436880095,64.85958171909914,48.20978346488337,70257.0,38.75467391129615,6.0,45.98426222129343,307.0,50.837992508881634,51.29782362572884,53.141366727217196,9.992178654095516,35.967256932843306,6.0,3.0
2020-03-09,,27.635,27.89,26.63,,0.0,26.875,122922.0,72.14823090648962,74.18851576189175,74.87308502258588,71.49050749915604,65.54952015046538,77403.0,48.20978346488337,70257.0,38.75467391129615,6.0,61.969178173946126,52.3697401991967,55.09651187624728,11.885678198675341,10.06675676782569,0.0,3.0
2020-03-11,,24.17,24.325,24.165,,0.0,24.334,58515.0,65.32669956757277,64.8864275724597,65.30253829954829,64.87300464577942,72.14823090648962,122922.0,65.54952015046538,77403.0,48.20978346488337,70257.0,67.67481687484259,54.77282758715716,56.95271088003417,12.650029860330138,-9.45488372093023,2.0,3.0
2020-03-12,,24.22,24.42,23.85,,0.0,24.137,72592.0,64.79783625636986,65.02065683926246,65.55757390647355,64.02736026492195,65.32669956757277,58515.0,72.14823090648962,122922.0,65.54952015046538,77403.0,67.42425557681075,57.25300092548151,58.07966145289116,12.673868218489504,-0.8095668611818763,3.0,3.0
2020-04-02,,17.65,17.77,17.51,,0.0,17.561,57771.0,47.14400308646937,47.3829311813783,47.70508142170495,47.00708923433054,64.79783625636986,72592.0,65.32669956757277,58515.0,72.14823090648962,122922.0,59.08951297013734,57.418678191935214,57.933735064267,12.50850934595711,-27.244479429920865,3.0,4.0
2020-04-03,,17.205,17.335,17.075,,0.0,17.246,63170.0,46.2983587056119,46.188290706833634,46.537286800520846,45.83929461314643,47.14400308646937,57771.0,64.79783625636986,72592.0,65.32669956757277,58515.0,52.74673268281705,58.496347448266036,55.987602451722246,10.847147772996067,-1.7937475086840293,4.0,4.0
2020-04-05,,15.075,15.225,14.76,,0.0,14.796,35583.0,39.72112463227611,40.47012394103557,40.87281174144388,39.62447956017812,46.2983587056119,63170.0,47.14400308646937,57771.0,64.79783625636986,72592.0,44.38782880811913,57.283681900750715,54.217118422593686,12.532393878466927,-14.20619274034558,6.0,4.0
2020-04-06,,17.965,18.13,17.785,,0.0,18.061,54247.0,48.48629575449708,48.22857556223576,48.67153214268491,47.74535020174578,39.72112463227611,35583.0,46.2983587056119,63170.0,47.14400308646937,57771.0,44.8352596974617,54.84607841561239,53.07195102067061,12.314232441439149,22.066774804001078,0.0,4.0
2020-04-08,,24.49,26.26,24.24,,0.0,26.028,153133.0,69.87438712685066,65.74549487999742,70.49721092481553,65.07434854598357,48.48629575449708,54247.0,39.72112463227611,35583.0,46.2983587056119,63170.0,52.69393583787462,54.52124358994968,53.44549189457319,11.801051379613899,44.11162172637173,2.0,4.0
2020-04-09,,26.765,27.195,26.455,,0.0,26.712,114122.0,71.71064349671258,71.85292651952352,73.00729821402736,71.02070506534633,69.87438712685066,153133.0,48.48629575449708,54247.0,39.72112463227611,35583.0,63.35710879268678,55.43323557982679,55.10303158349198,12.9645951635521,2.627939142461977,3.0,4.0
2020-04-11,,24.29,24.005,23.885,,0.0,23.893,100641.0,64.14279743437234,65.20857781278634,64.44347099201055,64.1213207516839,71.71064349671258,114122.0,69.87438712685066,153133.0,48.48629575449708,54247.0,68.57594268597853,55.339658605255714,56.29632976536862,12.887874093145633,-10.553309374064067,5.0,4.0
2020-04-12,,24.195,24.585,24.065,,0.0,24.253,67363.0,65.10924815535229,64.95354220586108,66.00053048692268,64.60454611217386,64.14279743437234,100641.0,71.71064349671258,114122.0,69.87438712685066,153133.0,66.9875630288124,57.906122186524705,57.66240018922996,12.77205775147141,1.5067174486251167,6.0,4.0
2020-05-02,,17.565,17.71,17.465,,0.0,17.602,57682.0,47.254071085247645,47.15474142781359,47.54400630154163,46.88628289420805,65.10924815535229,67363.0,64.14279743437234,100641.0,71.71064349671258,114122.0,58.83537222499077,58.04265252647268,58.26949998736935,12.631628894306322,-27.4234115367171,5.0,5.0
2020-05-03,,17.155,17.405,17.12,,0.0,17.342,66.0,46.55607889787322,46.054061440030864,46.725207774044726,45.96010095326892,47.254071085247645,57682.0,65.10924815535229,67363.0,64.14279743437234,100641.0,52.973132712824395,59.019074564415114,58.15137823258291,11.157489864921835,-1.4771048744461113,6.0,5.0
2020-05-05,,14.845,15.2,14.76,,0.0,15.11,31059.0,40.56408442779751,39.85266931374283,40.8056971080425,39.62447956017812,46.55607889787322,66.0,47.254071085247645,57682.0,65.10924815535229,67363.0,44.79141147030614,57.88733008917232,56.36670425239235,12.699204654218173,-12.87048783300656,1.0,5.0
2020-05-06,,18.02,18.05,17.375,,0.0,17.479,82974.0,46.92386708891282,48.37622775571881,48.45676531580047,46.64467021396306,40.56408442779751,31059.0,46.55607889787322,66.0,47.254071085247645,57682.0,44.68134347152786,54.608684369466914,54.564963979708295,12.033842233083126,15.678358702845795,2.0,5.0
2020-05-08,,26.29,27.25,25.64,,0.0,26.89,209091.0,72.18849968653045,70.5777484848972,73.15495040751041,68.83276801646117,46.92386708891282,82974.0,40.56408442779751,31059.0,46.55607889787322,66.0,53.225483734413594,54.6769495394409,55.05509255963385,12.147842284417356,53.841752960695686,4.0,5.0
2020-05-10,,24.075,24.675,24.01,,0.0,24.56,49226.0,65.9334158535213,64.63139196553442,66.24214316716768,64.45689391869082,72.18849968653045,209091.0,46.92386708891282,82974.0,40.56408442779751,31059.0,61.681927542988184,54.93275217074789,55.136205388001805,12.39669408625564,-8.66493120119004,6.0,5.0
2020-05-11,,23.98,25.54,25.36,,0.0,25.191,104934.0,67.62738920057228,64.37635635860916,68.56430948285563,68.08108412236565,65.9334158535213,49226.0,72.18849968653045,209091.0,46.92386708891282,82974.0,68.58310158020801,55.292486605779324,56.599304396152014,12.772072543622409,2.5692182410423703,0.0,5.0
2020-06-01,,18.17,18.55,18.045,,0.0,18.179,132871.0,48.80307682415162,48.77891555612713,49.799057983828185,48.4433423891202,67.62738920057228,104934.0,65.9334158535213,49226.0,72.18849968653045,209091.0,60.787960626081734,55.51377313990846,56.77821283319057,12.62212715484975,-27.83533801754595,0.0,6.0
2020-06-02,,17.61,17.875,17.575,,0.0,17.818,58118.0,47.83394151783562,47.27554776793608,47.98696288199077,47.18158728117415,48.80307682415162,132871.0,67.62738920057228,104934.0,65.9334158535213,49226.0,54.75480251418651,55.69632494276023,57.357699753587674,12.479415150316541,-1.9858078002090052,1.0,6.0
2020-06-03,,17.45,17.575,17.015,,0.0,17.263,91903.0,46.343996656324855,46.84601411416722,47.18158728117415,45.678219492983104,47.83394151783562,58118.0,48.80307682415162,132871.0,67.62738920057228,104934.0,47.6603383327707,56.52202668969271,57.204678389432516,11.460974891009258,-3.114827702323497,2.0,6.0
2020-06-04,,14.55,15.025,14.55,,0.0,15.111,28.0,40.56676901313357,39.06071663960648,40.3358946742328,39.06071663960648,46.343996656324855,91903.0,47.83394151783562,58118.0,48.80307682415162,132871.0,44.91490239576469,55.61386982172424,55.11127709559558,12.548545800473967,-12.46596767653363,3.0,6.0
2020-06-05,,15.115,15.39,14.84,,0.0,15.015,37692.0,40.30904882087225,40.57750735447779,41.31576832189304,39.83924638706255,40.56676901313357,28.0,46.343996656324855,91903.0,47.83394151783562,58118.0,42.40660483011023,51.05966255520165,52.86830604732127,11.248181883955187,-0.6352987889616912,4.0,6.0
2020-06-07,,18.335,18.78,18.245,,0.0,18.582,51126.0,49.88496471458196,49.22187213657627,50.416512611120936,48.98025945633128,40.30904882087225,37692.0,40.56676901313357,28.0,46.343996656324855,91903.0,43.586927516195935,48.76702667821031,51.8498894244791,9.151390578790343,23.756243756243766,6.0,6.0
2020-06-08,,27.105,29.2,26.935,,0.0,28.4,231393.0,76.24222354397415,72.76568553378237,78.38989181281849,72.30930602665293,49.88496471458196,51126.0,40.30904882087225,37692.0,40.56676901313357,28.0,55.47874569314279,49.99771729869629,52.6451019522378,12.186458807952457,52.83607792487353,0.0,6.0
2020-06-10,,24.52,24.65,22.965,,0.0,23.921,70956.0,64.21796582378188,65.82603244007909,66.1750285337663,61.651502242512905,76.24222354397415,231393.0,49.88496471458196,51126.0,40.30904882087225,37692.0,63.44838469411267,52.19984429864347,53.85680871927597,13.278437587884312,-15.771126760563392,2.0,6.0
2020-06-11,,25.45,25.975,25.01,,0.0,25.662,109781.0,68.8918288938544,68.32269680261064,69.73210410403973,67.14147925474624,64.21796582378188,70956.0,76.24222354397415,231393.0,49.88496471458196,51126.0,69.78400608720348,55.208113923789014,55.452219433274614,14.457494413649911,7.278123824254856,3.0,6.0
2020-07-01,,18.185,18.47,17.975,,0.0,18.393,108230.0,49.37757808606749,48.81918433616796,49.58429115694375,48.25542141559632,68.8918288938544,109781.0,64.21796582378188,70956.0,76.24222354397415,231393.0,60.82912426790127,55.64148269946652,56.08175469457962,14.190506110764002,-28.325929389759175,2.0,7.0
2020-07-02,,17.665,17.665,17.665,,0.0,17.665,7.0,47.42319996141913,47.42319996141913,47.42319996141913,47.42319996141913,49.37757808606749,108230.0,68.8918288938544,109781.0,64.21796582378188,70956.0,55.230868980447006,56.62097283493589,56.11742132833007,13.177001138580957,-3.9580275104659557,3.0,7.0
2020-07-04,,15.28,15.93,15.205,,0.0,15.48,63736.0,41.55738100213802,41.02046393492693,42.76544440336296,40.81912003472278,47.42319996141913,7.0,49.37757808606749,108230.0,68.8918288938544,109781.0,46.11938634987488,56.79930600368814,53.9294842794449,12.925494631850592,-12.369091423719214,5.0,7.0
2020-07-05,,14.92,15.695,14.92,,0.0,15.59,46748.0,41.85268538910413,40.05401321394698,42.13456684938994,40.05401321394698,41.55738100213802,63736.0,47.42319996141913,7.0,49.37757808606749,108230.0,43.611088784220435,55.651837528619886,52.2094321034151,13.956999641118747,0.7105943152455163,6.0,7.0
2020-07-07,,18.585,18.72,18.235,,0.0,18.699,68464.0,50.199061198900445,49.89301847059013,50.2554374909576,48.95341360297073,41.85268538910413,46748.0,41.55738100213802,63736.0,47.42319996141913,7.0,44.53637586338087,51.93138576503793,50.964551531867116,10.62750737518609,19.94227068633736,1.0,7.0
2020-07-08,,29.025,29.275,27.43,,0.0,27.54,276165.0,73.93348015496649,77.9200893790088,78.59123571302266,73.6381757680004,50.199061198900445,68464.0,41.85268538910413,46748.0,41.55738100213802,63736.0,55.328408914323695,53.31931638377859,52.75958034121103,12.892576198754483,47.280603240815026,2.0,7.0
2020-07-10,,23.16,24.12,23.09,,0.0,23.896,57886.0,64.15085119038051,62.174996383043705,64.75219830565692,61.98707540951983,73.93348015496649,276165.0,50.199061198900445,68464.0,41.85268538910413,46748.0,62.761130848082495,52.642033854710895,53.92507388924995,12.034112245785888,-13.231663035584607,4.0,7.0
2020-07-12,,24.31,24.94,24.525,,0.0,24.794,81408.0,66.56160882215828,65.26226951950746,66.95355828122237,65.83945536675937,64.15085119038051,57886.0,73.93348015496649,276165.0,50.199061198900445,68464.0,68.21531338916843,55.09689538843815,55.36918904395234,12.973258553820006,3.757951121526615,6.0,7.0
2020-08-01,,18.115,18.19,18.115,,0.0,18.167,177941.0,48.77086180011896,48.63126336264408,48.83260726284824,48.63126336264408,66.56160882215828,81408.0,64.15085119038051,57886.0,73.93348015496649,276165.0,59.827773937552585,55.28941850825241,55.95519567159415,12.849813671916493,-26.72824070339598,5.0,8.0
2020-08-04,,15.305,15.445,15.11,,0.0,15.205,38856.0,40.81912003472278,41.08757856832832,41.463420515376086,40.56408442779751,48.77086180011896,177941.0,66.56160882215828,81408.0,64.15085119038051,57886.0,52.05053021900002,55.183952655764514,55.99162932972633,12.983637721758665,-16.304287994715693,1.0,8.0
2020-08-05,,15.555,15.8,15.5,,0.0,15.74,59.0,42.25537318951243,41.75872490234218,42.41644830967576,41.61107270885913,40.81912003472278,38856.0,48.77086180011896,177941.0,66.56160882215828,81408.0,43.94845167478473,55.24147948439427,55.446658506507084,12.915439118017023,3.518579414666223,2.0,8.0
2020-08-06,,17.545,17.98,17.495,,0.0,17.893,57640.0,48.03528541803978,47.10104972109249,48.26884434227659,46.96682045428971,42.25537318951243,59.0,40.81912003472278,38856.0,48.77086180011896,177941.0,43.703259547425006,54.93236865855703,53.43187721179748,13.08106653338301,13.678526048284635,3.0,8.0
2020-08-07,,18.625,19.215,18.585,,0.0,19.161,80426.0,51.43933962415805,50.00040188403234,51.58430723230505,49.89301847059013,48.03528541803978,57640.0,42.25537318951243,59.0,40.81912003472278,38856.0,47.24333274390343,51.71892001129868,52.51911819753864,10.04623526651457,7.086570167104433,4.0,8.0
2020-08-09,,27.04,27.385,25.985,,0.0,26.991,138765.0,72.45964280547206,72.59118748693878,73.5173694278779,69.75894995740029,51.43933962415805,80426.0,48.03528541803978,57640.0,42.25537318951243,59.0,57.31142261588997,52.90589024202605,52.77396204836847,12.050749901035553,40.86425551902302,6.0,8.0
2020-08-10,,23.925,24.355,23.775,,0.0,23.876,45989.0,64.0971594836594,64.2287041651261,65.38307585962994,63.8260163647178,72.45964280547206,138765.0,51.43933962415805,80426.0,48.03528541803978,57640.0,62.66538063776317,52.553826050811914,53.82536071962503,11.613366236078038,-11.540883998369832,0.0,8.0
2020-08-12,,24.655,25.015,24.55,,0.0,24.736,58412.0,66.40590287266707,66.18845146044657,67.15490218142652,65.90657000016076,64.0971594836594,45989.0,72.45964280547206,138765.0,51.43933962415805,80426.0,67.65423505393285,55.07311763260451,55.18126807042846,12.532378433731697,3.6019433740995144,2.0,8.0
2020-09-01,,18.12,18.225,17.815,,0.0,17.936,99154.0,48.15072258749015,48.64468628932436,48.92656774961018,47.825887761827445,66.40590287266707,58412.0,64.0971594836594,45989.0,72.45964280547206,138765.0,59.55126164793887,56.12048942585699,55.65222104081075,11.397567336678167,-27.490297542043997,1.0,9.0
2020-09-03,,17.49,17.615,16.55,,0.0,17.054,124720.0,45.78291832108926,46.95339752760943,47.28897069461636,44.42988731171733,48.15072258749015,99154.0,66.40590287266707,58412.0,64.0971594836594,45989.0,53.44651459374882,56.624424444653684,55.93295196452398,10.741458015102618,-4.917484388938453,3.0,9.0
2020-09-04,,15.14,15.865,15.14,,0.0,15.995,15.0,42.939942450206566,40.64462198787918,42.59094635651936,40.64462198787918,45.78291832108926,124720.0,48.15072258749015,99154.0,66.40590287266707,58412.0,45.624527786262,55.89651830639179,55.41444348247442,11.561836132698849,-6.209686876979004,4.0,9.0
2020-09-06,,17.945,17.99,17.685,,0.0,17.794,52027.0,47.76951146977028,48.17488385551465,48.29569019563714,47.47689166814024,42.939942450206566,15.0,45.78291832108926,124720.0,48.15072258749015,99154.0,45.4974574136887,55.37225714147926,53.54558857638897,11.876546765861493,11.247264770240694,6.0,9.0
2020-09-07,,19.15,19.445,18.83,,0.0,18.962,100545.0,50.90510714228302,51.40980918546144,52.2017618595978,50.5507418779237,47.76951146977028,52027.0,42.939942450206566,15.0,45.78291832108926,124720.0,47.204853687419956,52.29303776102368,52.59946400152486,9.200722026238424,6.564010340564241,0.0,9.0
2020-09-09,,26.905,27.325,26.565,,0.0,27.083,58920.0,72.70662465638915,72.2287684665713,73.35629430771456,71.31600945231244,50.90510714228302,100545.0,47.76951146977028,52027.0,42.939942450206566,15.0,57.12708108948082,53.522961357127926,53.03839370396992,11.363009950058057,42.827760784727346,2.0,9.0
2020-09-10,,23.97,25.33,23.965,,0.0,25.108,73241.0,67.40456861767969,64.3495105052486,68.00054656228399,64.33608757856832,72.70662465638915,58920.0,50.90510714228302,100545.0,47.76951146977028,52027.0,63.67210013878395,53.665627892129734,54.36937276236712,11.556342649620637,-7.2923974448916296,3.0,9.0
2020-09-11,,25.86,24.39,23.955,,0.0,23.701,162454.0,63.62735704984969,69.42337679039336,65.47703634639188,64.30924172520777,67.40456861767969,73241.0,72.70662465638915,58920.0,50.90510714228302,100545.0,67.91285010797284,55.87657567246681,55.9985325491619,11.803235215352522,-5.603791620200738,4.0,9.0
2020-09-12,,24.735,24.755,23.695,,0.0,23.99,83486.0,64.40320221196971,66.403218287331,66.45690999405211,63.611249537833366,63.62735704984969,162454.0,67.40456861767969,73241.0,72.70662465638915,58920.0,65.14504262649969,58.53661622830687,57.58052033648028,11.233794998424507,1.219357833002821,5.0,9.0
2020-10-01,,18.033,18.033,18.033,,0.0,18.033,2.0,48.41112736508754,48.41112736508754,48.41112736508754,48.41112736508754,64.40320221196971,83486.0,63.62735704984969,162454.0,67.40456861767969,73241.0,58.813895542302326,59.31821407328987,57.60736618984083,10.10100593867996,-24.831179658190905,3.0,10.0
2020-10-02,,17.705,17.825,17.665,,0.0,17.785,52976.0,47.74535020174578,47.530583374861344,47.852733615188,47.42319996141913,48.41112736508754,2.0,64.40320221196971,83486.0,63.62735704984969,162454.0,53.51989325960101,59.31476246357209,57.343509802525666,10.105613034422749,-1.3752564742416928,4.0,10.0
2020-10-03,,16.85,17.145,16.765,,0.0,16.906,97.0,45.38559969135306,45.23526291253396,46.02721558667031,45.00707315896925,47.74535020174578,52976.0,48.41112736508754,2.0,64.40320221196971,83486.0,47.180692419395456,58.52626139915351,55.40964958008859,11.043004001183531,-4.942367163339901,5.0,10.0
2020-10-06,,17.74,18.405,17.685,,0.0,17.796,85513.0,47.77488064044239,47.62454386162329,49.40979311010015,47.47689166814024,45.38559969135306,97.0,47.74535020174578,52976.0,48.41112736508754,2.0,46.968610177847076,54.9645836825897,54.24377251985881,9.638449678552137,5.264403170472032,1.0,10.0
2020-10-07,,19.025,19.195,18.91,,0.0,19.053,60338.0,51.14940440786407,51.074236018454506,51.53061552558394,50.76550870480813,47.77488064044239,85513.0,45.38559969135306,97.0,47.74535020174578,52976.0,48.103294913219834,52.642417366901746,53.154022629515744,7.952499042910062,7.063385030343916,2.0,10.0
2020-10-08,,28.525,29.53,27.96,,0.0,29.261,233506.0,78.55365151831786,76.57779671098108,79.27580497371679,75.06100599610976,51.14940440786407,60338.0,47.77488064044239,85513.0,45.38559969135306,97.0,59.15931218887477,54.77474514811149,55.32566041028914,12.236208898257575,53.57686453576862,3.0,10.0
2020-10-09,,27.185,27.07,26.9,,0.0,27.291,85482.0,73.26501840628868,72.9804523606668,72.67172504702043,72.215345539891,78.55365151831786,233506.0,51.14940440786407,60338.0,47.77488064044239,85513.0,67.6560247774902,56.04071889015706,57.28866755923196,13.761740698602562,-6.732510850620277,4.0,10.0
2020-10-11,,24.18,24.355,24.16,,0.0,24.462,83204.0,65.67032649058787,64.91327342582025,65.38307585962994,64.85958171909914,73.26501840628868,85482.0,78.55365151831786,233506.0,51.14940440786407,60338.0,72.49633213839815,58.50631876522853,58.9122664192592,13.712995289290602,-10.366054743321973,6.0,10.0
2020-10-12,,24.055,24.43,23.825,,0.0,24.094,58194.0,64.68239908691949,64.57770025881331,65.5844197598341,63.96024563152057,65.67032649058787,83204.0,73.26501840628868,85482.0,78.55365151831786,233506.0,67.87258132793201,60.9258971773962,60.120329820484145,12.972036878686108,-1.5043741313056747,0.0,10.0
2020-11-02,,17.695,17.715,17.695,,0.0,17.573,7.0,47.17621811050204,47.5037375215008,47.55742922822191,47.5037375215008,64.68239908691949,58194.0,65.67032649058787,83204.0,73.26501840628868,85482.0,59.1763145626698,61.18169980870319,59.853980603928356,12.627596949251917,-27.06482941811239,0.0,11.0
2020-11-03,,16.875,17.11,16.66,,0.0,16.776,54867.0,45.03660359766586,45.30237754593534,45.933255099908365,44.72519169868343,47.17621811050204,7.0,64.68239908691949,58194.0,65.67032649058787,83204.0,52.2984069316958,60.79051737402084,57.87755052830527,13.14399351953404,-4.535366755818593,1.0,11.0
2020-11-05,,15.755,15.92,15.51,,0.0,15.68,36366.0,42.09429806934911,42.29564196955327,42.73859855000241,41.63791856221969,45.03660359766586,54867.0,47.17621811050204,7.0,64.68239908691949,58194.0,44.769039925839,59.49693075423299,56.069674060567365,14.614327367981755,-6.533142584644736,3.0,11.0
2020-11-06,,18.335,18.39,17.6,,0.0,17.889,87756.0,48.02454707669554,49.22187213657627,49.36952433005932,47.248701914575534,42.09429806934911,36366.0,45.03660359766586,54867.0,47.17621811050204,7.0,45.0518162479035,55.135630119715515,54.9551876339135,12.361106779620464,14.088010204081613,4.0,11.0
2020-11-08,,29.235,29.44,24.48,,0.0,26.049,347002.0,69.93076341890784,78.48385229958043,79.0341922934718,65.71864902663687,48.02454707669554,87756.0,42.09429806934911,36366.0,45.03660359766586,54867.0,53.34986952165084,54.659307978661104,55.350013434409085,11.586017687455552,45.61462351165524,6.0,11.0
2020-11-09,,27.035,27.235,26.76,,0.0,26.857,59509.0,72.09990837044062,72.5777645602585,73.11468162746958,71.83950359284324,69.93076341890784,347002.0,48.02454707669554,87756.0,42.09429806934911,36366.0,63.35173962201467,55.577819675782926,57.04206922050573,12.796100983735208,3.1018465200199463,0.0,11.0
2020-11-11,,24.305,24.51,23.81,,0.0,24.267,72493.0,65.14683235005707,65.24884659282718,65.79918658671853,63.91997685147974,72.09990837044062,59509.0,69.93076341890784,347002.0,48.02454707669554,87756.0,69.05916804646851,55.644167284802585,58.285032231099386,12.852256777092133,-9.643668317384657,2.0,11.0
2020-11-12,,24.135,24.245,23.69,,0.0,24.092,49652.0,64.67702991624736,64.79246708569775,65.08777147266385,63.59782661115309,65.14683235005707,72493.0,72.09990837044062,59509.0,69.93076341890784,347002.0,67.30792354558169,58.144283257051924,59.66299153287756,12.630752224649978,-0.7211439403304931,3.0,11.0
2020-12-02,,17.62,17.65,17.435,,0.0,17.497,67787.0,46.97218962496181,47.30239362129664,47.3829311813783,46.80574533412639,64.67702991624736,49652.0,65.14683235005707,72493.0,72.09990837044062,59509.0,58.93201729708875,58.42079554666562,59.60565646034323,12.31316779786282,-27.37423211024408,2.0,12.0
2020-12-03,,16.72,16.91,15.505,,0.0,16.005,136523.0,42.96678830356712,44.88626681884675,45.39633803269728,41.62449563553941,46.97218962496181,67787.0,64.67702991624736,49652.0,65.14683235005707,72493.0,51.53866928159209,58.545437008696766,59.02118388146487,12.12330867134651,-8.527176087329236,3.0,12.0
2020-12-05,,15.7,15.88,15.525,,0.0,15.709,34576.0,42.17215104409471,42.14798977607022,42.63121513656019,41.67818734226052,42.96678830356712,136523.0,46.97218962496181,67787.0,64.67702991624736,49652.0,44.037042990874546,57.709380432610935,56.42250527616323,13.129801426353897,-1.8494220556076302,5.0,12.0
2020-12-06,,17.755,17.87,17.47,,0.0,17.482,59673.0,46.93192084492098,47.66481264166412,47.97353995531049,46.89970582088832,42.17215104409471,34576.0,42.96678830356712,136523.0,46.97218962496181,67787.0,44.02362006419427,54.423831493469955,54.541569736065526,12.42026384058877,11.28652364886371,6.0,12.0
2020-12-08,,24.9,26.355,23.58,,0.0,25.979,236748.0,69.74284244538396,66.84617486778015,70.7522465317408,63.30252222418698,46.93192084492098,59673.0,42.17215104409471,34576.0,42.96678830356712,136523.0,52.948971444799874,54.087107789890425,54.83246373283668,11.881445240622316,48.60427868664914,1.0,12.0
2020-12-10,,25.28,25.71,24.905,,0.0,25.271,69132.0,67.84215602745672,67.86631729548122,69.02068898998505,66.85959779446043,69.74284244538396,236748.0,46.93192084492098,59673.0,42.17215104409471,34576.0,61.50563977258722,54.472154029518954,55.05816065716077,12.334629209802632,-2.7252781092420686,3.0,12.0
2020-12-11,,24.36,24.475,24.09,,0.0,24.306,59150.0,65.25153117816323,65.39649878631022,65.7052260999566,64.67166074557525,67.84215602745672,69132.0,69.74284244538396,236748.0,46.93192084492098,59673.0,67.61217655033464,54.55422563836408,56.349254447708,12.41549298300469,-3.8186063076253496,4.0,12.0
2021-01-02,,28.425,30.35,28.155,,0.0,29.418,308231.0,78.97513141607857,76.30933817737554,81.47716494928223,75.58450013664057,65.25153117816323,59150.0,67.84215602745672,69132.0,69.74284244538396,236748.0,70.68960620723284,59.12607446566647,58.77343500616604,14.818049540249687,21.031843989138466,5.0,1.0
2021-01-03,,26.7,27.175,26.51,,0.0,26.678,70094.0,71.61936759528672,71.67842847267991,72.95360650730626,71.16835725882939,78.97513141607857,308231.0,65.25153117816323,59150.0,67.84215602745672,69132.0,71.94867672984283,63.219300078769265,60.88236854373302,13.510032849574145,-9.314025426609529,6.0,1.0
2021-01-04,,24.46,25.045,24.27,,0.0,24.948,62056.0,66.97503496391082,65.66495731991577,67.2354397415082,65.15488610606523,71.61936759528672,70094.0,78.97513141607857,308231.0,65.25153117816323,59150.0,72.52317799175869,66.76256921017158,62.23597482139125,9.818058995682899,-6.484743983806895,0.0,1.0
2021-01-06,,28.035,28.035,27.93,,0.0,28.102,106907.0,75.44221711382963,75.26234989631392,75.26234989631392,74.9804684360281,66.97503496391082,62056.0,71.61936759528672,70094.0,78.97513141607857,308231.0,71.34553989100905,70.83546867715852,62.62965008531423,4.904552261661892,12.642295975629292,2.0,1.0
2021-01-07,,26.25,26.525,26.045,,0.0,26.1,53051.0,70.06767727104666,70.47036507145498,71.20862603887022,69.92002507756362,75.44221711382963,106907.0,66.97503496391082,62056.0,71.61936759528672,70094.0,70.82830978292903,70.88187365225319,62.484490721071815,4.8940166689060085,-7.124048110454773,3.0,1.0
2021-01-09,,23.935,24.325,23.775,,0.0,24.221,47663.0,65.02334142459851,64.25555001848666,65.30253829954829,63.8260163647178,70.06767727104666,53051.0,75.44221711382963,106907.0,66.97503496391082,62056.0,70.17774526982492,70.47918585184487,62.47566994068192,5.286079349022393,-7.199233716475096,5.0,1.0
2021-01-10,,22.185,22.6,21.99,,0.0,22.536,42261.0,60.49981513334512,59.55752568038967,60.67162859485267,59.03403153985886,65.02334142459851,47663.0,70.06767727104666,53051.0,75.44221711382963,106907.0,65.19694460966343,69.80036927401372,62.177297456188896,6.280787267938401,-6.9567730481813195,6.0,1.0
2021-01-11,,23.985,24.175,23.81,,0.0,24.073,35793.0,64.62602279486232,64.38977928528944,64.89985049913997,63.91997685147974,60.49981513334512,42261.0,65.02334142459851,47663.0,70.06767727104666,53051.0,63.38305978426865,67.75049661383996,63.438285539753224,4.997891020102557,6.820198793042254,0.0,1.0
2021-01-12,,22.875,23.06,22.185,,0.0,22.339,60609.0,59.9709518221422,61.40988956226792,61.906537849438166,59.55752568038967,64.62602279486232,35793.0,60.49981513334512,42261.0,65.02334142459851,47663.0,61.69892991678321,66.08643721767648,64.65286864822288,5.416686974374705,-7.203090599426765,1.0,1.0
2021-02-02,,29.095,29.15,26.35,,0.0,26.402,199371.0,70.8784220425354,78.10801035253267,78.25566254601573,70.73882360506052,59.9709518221422,60609.0,64.62602279486232,35793.0,60.49981513334512,42261.0,65.15846555317997,66.64406394319427,66.70331657668291,5.71605729972077,18.187922467433637,1.0,2.0
2021-02-03,,26.63,26.985,25.82,,0.0,26.879,80549.0,72.15896924783385,71.49050749915604,72.44353529345572,69.31599337695114,70.8784220425354,199371.0,59.9709518221422,60609.0,64.62602279486232,35793.0,67.66944770417048,66.1750285337663,68.50524860546241,4.95826898759784,1.8066813120218184,2.0,2.0
2021-02-06,,27.995,28.32,27.765,,0.0,28.204,52726.0,75.71604481810729,75.1549664828717,76.0274567170897,74.53751185557896,72.15896924783385,80549.0,70.8784220425354,199371.0,59.9709518221422,60609.0,72.91781203615885,66.98193818334639,68.9319059177998,6.039138230304576,4.9294988652851535,5.0,2.0
2021-02-07,,26.145,26.7,26.1,,0.0,26.501,55721.0,71.1441959908049,70.18848361116916,71.67842847267991,70.06767727104666,75.71604481810729,52726.0,72.15896924783385,80549.0,70.8784220425354,199371.0,73.00640335224868,67.85634597851873,69.16776591518179,6.150383582006918,-6.038150616933757,6.0,2.0
2021-02-08,,25.625,25.675,25.345,,0.0,25.575,50936.0,68.65826996961756,68.79249923642034,68.92672850322312,68.04081534232482,71.1441959908049,55721.0,75.71604481810729,52726.0,72.15896924783385,80549.0,71.83950359284324,69.02183952655766,69.41110440028568,5.227797795961943,-3.4942077657447057,0.0,2.0
2021-02-09,,24.2,24.275,23.815,,0.0,23.918,36109.0,64.20991206777373,64.96696513254136,65.16830903274551,63.933399778160016,68.65826996961756,50936.0,71.1441959908049,55721.0,75.71604481810729,52726.0,68.00412600939873,68.96239513697357,68.35644587540676,5.288130174497129,-6.47898338220918,1.0,2.0
2021-02-11,,24.13,24.14,23.43,,0.0,23.507,60956.0,63.10654749465495,64.77904415901747,64.80589001237803,62.89983442377867,64.20991206777373,36109.0,68.65826996961756,50936.0,71.1441959908049,55721.0,65.32490984401541,69.41033737590395,67.7483872967902,4.468897280740498,-1.7183711012626501,3.0,2.0
2021-02-12,,22.335,22.505,22.215,,0.0,22.316,43463.0,59.90920635941293,59.96021348079798,60.4165929879274,59.63806324047133,63.10654749465495,60956.0,64.20991206777373,36109.0,68.65826996961756,50936.0,62.40855530728053,67.8433065640293,67.2436852536118,5.638459844103968,-5.066575913557669,4.0,2.0
2021-03-02,,26.735,27.26,26.545,,0.0,26.889,90973.0,72.1858151011944,71.77238895944186,73.18179626087097,71.26231774559133,59.90920635941293,43463.0,63.10654749465495,60956.0,64.20991206777373,36109.0,65.06718965175408,67.84714168593796,67.01108510985213,5.641892553615998,20.492023660154146,1.0,3.0
2021-03-03,,26.86,26.915,25.875,,0.0,26.387,80568.0,70.83815326249457,72.10796212644878,72.25561431993185,69.4636455704342,72.1858151011944,90973.0,59.90920635941293,43463.0,63.10654749465495,60956.0,67.6443915743673,67.15030003513615,67.06611910924127,4.73661456568001,-1.8669344341552208,2.0,3.0
2021-03-05,,25.99,27.045,26.925,,0.0,26.96,71503.0,72.37642066005434,69.77237288408057,72.60461041361906,72.2824601732924,70.83815326249457,80568.0,72.1858151011944,90973.0,59.90920635941293,43463.0,71.8001296745811,67.32633213074321,67.59133905463098,4.928781560953534,2.1715238564444572,4.0,3.0
2021-03-06,,28.295,27.565,27.415,,0.0,27.477,102290.0,73.76435127879499,75.96034208368833,74.00059478836788,73.59790698795956,72.37642066005434,71503.0,70.83815326249457,80568.0,72.1858151011944,90973.0,72.32630840044796,68.05577231776856,68.5388059221631,5.503132097458925,1.9176557863501476,5.0,3.0
2021-03-08,,25.47,25.665,25.27,,0.0,25.582,44504.0,68.67706206696997,68.37638850933175,68.89988264986256,67.83947144212067,73.76435127879499,102290.0,72.37642066005434,71503.0,70.83815326249457,80568.0,71.60594466860641,68.69393660336803,68.82816587017079,5.235318544822359,-6.89667722094841,0.0,3.0
2021-03-09,,23.95,24.945,23.91,,0.0,24.802,64169.0,66.58308550484672,64.29581879852749,66.96698120790263,64.18843538508527,68.67706206696997,44504.0,73.76435127879499,102290.0,72.37642066005434,71503.0,69.67483295020388,69.19058489053828,69.3004611332211,4.760278707780393,-3.0490188413728525,1.0,3.0
2021-03-11,,23.57,23.665,23.045,,0.0,23.231,65294.0,62.36560194190365,63.27567637082643,63.53071197775169,61.86626906939734,66.58308550484672,64169.0,68.67706206696997,44504.0,73.76435127879499,102290.0,65.87524983790678,69.5414985451798,68.69240255460457,3.990320419768021,-6.334166599467784,3.0,3.0
2021-03-12,,22.41,22.59,22.035,,0.0,22.481,51727.0,60.35216293986208,60.16155738100213,60.64478274149212,59.15483787998135,62.36560194190365,65294.0,66.58308550484672,64169.0,68.67706206696997,44504.0,63.10028346220414,67.8509768078466,67.8490592468923,5.049461603684125,-3.228444750548831,4.0,3.0
2021-04-01,,26.77,27.76,26.73,,0.0,27.364,110753.0,73.46099313582073,71.8663494462038,74.52408892889868,71.75896603276158,60.35216293986208,51727.0,62.36560194190365,65294.0,66.58308550484672,64169.0,65.39291933919547,68.22566821832177,67.68798412672896,5.393648724500378,21.7205640318491,3.0,4.0
2021-04-02,,26.96,27.015,25.935,,0.0,26.234,101270.0,70.4274117060781,72.37642066005434,72.52407285353739,69.62472069059751,73.46099313582073,110753.0,60.35216293986208,51727.0,62.36560194190365,65294.0,68.08018926058696,67.94723836775374,67.63678524924849,5.190134000539625,-4.129513229060066,4.0,4.0
2021-04-03,,26.175,26.385,25.08,,0.0,25.461,92025.0,68.35222724130725,70.26902117125083,70.83278409182246,67.32940022827013,70.4274117060781,101270.0,73.46099313582073,110753.0,60.35216293986208,51727.0,70.74687736106868,67.17407779096979,67.61492505436918,4.541763939388787,-2.9465579019593013,5.0,4.0
2021-04-05,,27.015,27.24,26.16,,0.0,26.558,68803.0,71.29721735496004,72.52407285353739,73.12810455414986,70.22875239121,68.35222724130725,92025.0,70.4274117060781,101270.0,73.46099313582073,110753.0,70.02561876744845,67.54838568925409,68.12116114631105,4.787593191399443,4.308550331880112,0.0,4.0
2021-04-06,,27.53,27.94,27.865,,0.0,27.896,74415.0,74.88919253460222,73.90663430160593,75.00731428938866,74.8059703891845,71.29721735496004,68803.0,68.35222724130725,92025.0,70.4274117060781,101270.0,71.51287904362316,68.73497240779058,68.96277864916443,5.4867418353768596,5.038029972136471,1.0,4.0
2021-04-08,,25.59,26.09,25.375,,0.0,25.461,69779.0,68.35222724130725,68.6985387496584,70.0408314176861,68.12135290240649,74.88919253460222,74415.0,71.29721735496004,68803.0,68.35222724130725,92025.0,71.51287904362316,69.59020459341967,69.56585156929974,4.744886280685934,-8.728850014338974,3.0,4.0
2021-04-10,,22.6,22.805,22.29,,0.0,22.644,34535.0,60.78975034963911,60.67162859485267,61.22196858874403,59.83940714067548,68.35222724130725,69779.0,74.88919253460222,74415.0,71.29721735496004,68803.0,68.01039004184952,69.65271708053068,68.75184694418864,4.603674284861066,-11.06398020501944,5.0,4.0
2021-04-11,,23.53,24.115,23.485,,0.0,23.911,66052.0,64.19111997042134,63.16829295738422,64.73877537897664,63.04748661726172,60.78975034963911,34535.0,68.35222724130725,69779.0,74.88919253460222,74415.0,64.44436585378922,68.32844948547361,68.27705885189769,4.6585617480645025,5.595301183536483,6.0,4.0
2021-05-01,,27.355,27.85,27.15,,0.0,27.64,66177.0,74.20193868857203,73.43683186779623,74.76570160914366,72.88649187390487,64.19111997042134,66052.0,60.78975034963911,34535.0,68.35222724130725,69779.0,66.39426966954414,68.8676676258299,68.40745299679182,5.135986191543325,15.59533269206641,5.0,5.0
2021-05-02,,26.42,27.105,26.255,,0.0,27.019,84868.0,72.5348111948816,70.9267445785844,72.76568553378237,70.48378799813526,74.20193868857203,66177.0,64.19111997042134,66052.0,60.78975034963911,34535.0,70.30928995129165,69.46517961919766,68.31962870508372,5.306493569970887,-2.2467438494935044,6.0,5.0
2021-05-03,,25.385,25.505,24.845,,0.0,25.287,78031.0,67.8851093928336,68.14819875576704,68.47034899609369,66.6985226742971,72.5348111948816,84868.0,74.20193868857203,66177.0,64.19111997042134,66052.0,71.5406197587624,68.97773562460817,68.26306065693112,5.266724031894489,-6.410303860246492,0.0,5.0
2021-05-04,,25.05,25.14,24.66,,0.0,24.78,38324.0,66.5240246274535,67.24886266818848,67.49047534843346,66.20187438712685,67.8851093928336,78031.0,72.5348111948816,84868.0,74.20193868857203,66177.0,68.9813150717229,67.78271163787262,68.2588420228316,4.609936563654977,-2.0049827974848666,1.0,5.0
2021-05-05,,26.595,26.61,26.53,,0.0,26.522,40143.0,71.20057228286205,71.3965470123941,71.43681579243493,71.2220489655505,66.5240246274535,38324.0,67.8851093928336,78031.0,72.5348111948816,84868.0,68.53656876771636,68.18961807238045,68.88991133290007,4.790746360892756,7.029862792574648,2.0,5.0
2021-05-08,,25.425,25.565,25.115,,0.0,25.292,41092.0,67.89853231951388,68.25558216920926,68.63142411625702,67.42336071503208,71.20057228286205,40143.0,66.5240246274535,38324.0,67.8851093928336,78031.0,68.5410430766098,69.20515835379113,69.4289377171609,3.554690289503,-4.637659301711794,5.0,5.0
2021-05-10,,22.725,22.73,22.38,,0.0,22.608,26336.0,60.69310527754112,61.007201761859605,61.02062468853987,60.08101982092048,67.89853231951388,41092.0,71.20057228286205,40143.0,66.5240246274535,38324.0,66.59740329330567,68.70544196909397,68.5169457272838,4.497802977246591,-10.612051241499266,0.0,5.0
2021-05-11,,23.87,24.255,23.665,,0.0,24.157,68568.0,64.85152796309097,64.08105197164306,65.1146173260244,63.53071197775169,60.69310527754112,26336.0,67.89853231951388,41092.0,71.20057228286205,40143.0,64.48105518671531,67.36966900831096,68.11866831707042,3.948259973116643,6.851556970983719,1.0,5.0
2021-06-01,,27.72,28.105,26.7,,0.0,27.042,127147.0,72.59655665761088,74.41670551545646,75.4502708698378,71.67842847267991,64.85152796309097,68568.0,60.69310527754112,26336.0,67.89853231951388,41092.0,66.04706329941432,67.37848978870086,68.42183470394926,3.9617684801032076,11.94270811772984,1.0,6.0
2021-06-04,,24.905,25.225,25.16,,0.0,25.227,52014.0,67.72403427267027,66.85959779446043,67.71866510199817,67.54416705515457,72.59655665761088,127147.0,64.85152796309097,68568.0,60.69310527754112,26336.0,68.3907062977907,67.35547905724896,68.16660734092856,3.958802176804075,-6.711781672953199,4.0,6.0
2021-06-05,,26.59,27.515,27.405,,0.0,27.477,85955.0,73.76435127879499,71.38312408571382,73.8663655215651,73.571061134599,67.72403427267027,52014.0,72.59655665761088,127147.0,64.85152796309097,68568.0,71.36164740302537,68.38981143601202,68.08626153694233,4.599386017817779,8.919015340706405,5.0,6.0
2021-06-07,,26.64,26.91,26.1,,0.0,26.174,78836.0,70.26633658591477,71.5173533525166,72.24219139325157,70.06767727104666,73.76435127879499,85955.0,67.72403427267027,52014.0,72.59655665761088,127147.0,70.58490737912666,68.25634919359098,68.22298363298572,4.517049098588484,-4.742147978309131,0.0,6.0
2021-06-08,,25.195,25.23,24.205,,0.0,24.326,99801.0,65.30522288488434,67.6381275419165,67.73208802867845,64.98038805922162,70.26633658591477,78836.0,73.76435127879499,85955.0,67.72403427267027,52014.0,69.77863691653135,67.88587641721533,68.54551738550325,4.655512116167101,-7.060441659662253,1.0,6.0
2021-06-10,,22.635,22.7,22.185,,0.0,22.532,38173.0,60.4890767920009,60.76558908161461,60.94008712845821,59.55752568038967,65.30522288488434,99801.0,70.26633658591477,78836.0,73.76435127879499,85955.0,65.35354542093333,67.85672949070958,68.28108572990178,4.708387898337056,-7.37482528981338,3.0,6.0
2021-06-12,,22.61,22.635,22.125,,0.0,22.263,38544.0,59.76692333660199,60.69847444821322,60.76558908161461,59.39645056022634,60.4890767920009,38173.0,65.30522288488434,99801.0,70.26633658591477,78836.0,61.85374100449574,67.13035740121117,67.25001320476106,5.563780371142462,-1.1938576247115251,5.0,6.0
2021-07-01,,27.41,27.495,27.02,,0.0,27.261,68907.0,73.18448084620701,73.58448406127928,73.81267381484399,72.53749578021767,59.76692333660199,38544.0,60.4890767920009,38173.0,65.30522288488434,99801.0,64.48016032493662,67.21434657101061,67.29641817985573,5.663591458046435,22.44980460854331,3.0,7.0
2021-07-04,,25.21,25.33,25.125,,0.0,25.247,42705.0,67.77772597939138,67.67839632195734,68.00054656228399,67.45020656839263,73.18448084620701,68907.0,59.76692333660199,38544.0,60.4890767920009,38173.0,66.90971005406679,67.22201681482791,67.28874793603843,5.664433072515172,-7.387843439345588,6.0,7.0
2021-07-05,,27.45,27.58,27.51,,0.0,27.565,78921.0,74.00059478836788,73.69186747472149,74.0408635684087,73.85294259488482,67.77772597939138,42705.0,73.18448084620701,68907.0,59.76692333660199,38544.0,71.65426720465541,67.25576588762404,67.82278866181802,5.710426404154213,9.18128886600391,0.0,7.0
2021-07-06,,27.91,28.085,27.595,,0.0,28.018,56079.0,75.21671194560098,74.926776729307,75.39657916311668,74.08113234844953,74.00059478836788,78921.0,67.77772597939138,42705.0,73.18448084620701,68907.0,72.33167757112007,67.96296236757921,68.10965578058509,6.409186850183031,1.6433883547977368,1.0,7.0
2021-07-07,,26.265,26.545,26.06,,0.0,26.129,49007.0,70.14553024579229,70.51063385149581,71.26231774559133,69.96029385760444,75.21671194560098,56079.0,74.00059478836788,78921.0,67.77772597939138,42705.0,73.12094565992037,68.65443484770891,68.27015563246212,6.335339250756422,-6.742094367906326,2.0,7.0
2021-07-09,,24.865,24.895,24.21,,0.0,24.373,68763.0,65.43139839567894,66.7522143810182,66.83275194109987,64.99381098590192,70.14553024579229,49007.0,75.21671194560098,56079.0,74.00059478836788,78921.0,70.26454686235739,69.36048079109149,68.60860514090054,5.493094546899752,-6.720502124076722,4.0,7.0
2021-07-10,,22.64,22.84,22.385,,0.0,22.658,40165.0,60.82733454434389,60.779012008294885,61.31592907550598,60.09444274760075,65.43139839567894,68763.0,70.14553024579229,49007.0,75.21671194560098,56079.0,65.46808772860503,69.5119681064832,68.32116275384718,5.190730963229846,-7.036474787674873,5.0,7.0
2021-07-12,,22.395,22.625,22.23,,0.0,22.523,37481.0,60.4649155239764,60.12128860096131,60.73874322825405,59.67833202051216,60.82733454434389,40165.0,65.43139839567894,68763.0,70.14553024579229,49007.0,62.241216154666404,67.69488734616455,67.45461695858758,5.872413768011216,-0.5958160473122143,0.0,7.0
2021-08-01,,27.28,27.335,24.53,,0.0,24.637,180099.0,66.14012892439757,73.23548796759208,73.38314016107512,65.85287829343964,60.4649155239764,37481.0,60.82733454434389,40165.0,65.43139839567894,68763.0,62.477459664239284,67.46094490973685,67.34148086228238,5.901112449393681,9.385961017626432,6.0,8.0
2021-08-02,,27.2,27.7,26.93,,0.0,27.576,79156.0,74.03012522706447,73.02072114070764,74.36301380873535,72.29588309997268,66.14012892439757,180099.0,60.4649155239764,37481.0,60.82733454434389,40165.0,66.8783898918128,67.46516354383637,67.3604647157302,5.906574779722236,11.9292121605715,0.0,8.0
2021-08-03,,25.4,25.965,24.97,,0.0,25.269,60615.0,67.8367868567846,68.18846753580787,69.70525825067918,67.03409584130402,74.03012522706447,79156.0,66.14012892439757,180099.0,60.4649155239764,37481.0,69.3356803360822,66.4108885311483,67.18692544936376,4.857929675899036,-8.365970409051348,1.0,8.0
2021-08-04,,25.21,25.675,25.02,,0.0,25.585,59692.0,68.68511582297812,67.67839632195734,68.92672850322312,67.1683251081068,67.8367868567846,60615.0,74.03012522706447,79156.0,66.14012892439757,180099.0,70.18400930227573,66.20225789931771,67.42834637351332,4.69958789452617,1.25054414499981,2.0,8.0
2021-08-06,,28.025,28.12,27.61,,0.0,27.731,66083.0,74.44623595415307,75.23550404295337,75.49053964987863,74.12140112849036,68.68511582297812,59692.0,67.8367868567846,60615.0,74.03012522706447,79156.0,70.32271287797192,67.49009183624258,68.42528631366704,5.601727327661975,8.387727183896821,4.0,8.0
2021-08-07,,26.265,26.31,25.875,,0.0,25.987,58359.0,69.7643191280724,70.51063385149581,70.6314401916183,69.4636455704342,74.44623595415307,66083.0,68.68511582297812,59692.0,67.8367868567846,60615.0,70.96522363506784,68.76680391963238,69.13938601305779,4.789674887329502,-6.288990660271898,5.0,8.0
2021-08-09,,24.39,24.48,23.94,,0.0,24.056,44566.0,64.58038484414938,65.47703634639188,65.71864902663687,64.26897294516694,69.7643191280724,58359.0,74.44623595415307,66083.0,68.68511582297812,59692.0,69.59697997545827,69.35472810822851,68.52480772719652,3.7378934115972924,-7.430638396121125,0.0,8.0
2021-08-10,,22.61,23.22,22.435,,0.0,22.705,67334.0,60.95351005513848,60.69847444821322,62.33607150320703,60.22867201440352,64.58038484414938,44566.0,69.7643191280724,58359.0,74.44623595415307,66083.0,65.09940467578674,68.61378255547721,68.03736373260703,4.834509585894946,-5.616062520784859,1.0,8.0
2021-08-11,,24.285,24.59,24.13,,0.0,24.542,61978.0,65.88509331747231,65.19515488610607,66.01395341360296,64.77904415901747,60.95351005513848,67334.0,64.58038484414938,44566.0,69.7643191280724,58359.0,63.806329405586716,67.45020656839263,67.45768505611449,4.259626569981781,8.090728914336065,2.0,8.0
2021-08-12,,22.525,22.58,22.305,,0.0,22.432,28351.0,60.22061825839536,60.470284694648505,60.61793688813155,59.87967592071632,65.88509331747231,61978.0,60.95351005513848,67334.0,64.58038484414938,44566.0,62.35307387700204,66.36218248290844,66.38653550702838,5.044756998321601,-8.597506315703685,3.0,8.0
2021-09-02,,27.37,27.875,27.13,,0.0,27.402,78282.0,73.56300737859084,73.47710064783706,74.83281624254505,72.83280016718376,60.22061825839536,28351.0,65.88509331747231,61978.0,60.95351005513848,67334.0,66.55623965148617,67.05902413371027,66.63064101651399,5.711890826812013,22.155848787446498,3.0,9.0
2021-09-03,,25.17,26.22,25.09,,0.0,26.183,65856.0,70.29049785393926,67.57101290851513,70.38982751137331,67.35624608163069,73.56300737859084,78282.0,60.22061825839536,28351.0,65.88509331747231,61978.0,68.02470783030849,66.46534726225114,66.97771954924687,4.985955930327664,-4.448580395591584,4.0,9.0
2021-09-04,,25.53,25.555,25.01,,0.0,25.325,57602.0,67.98712363560371,68.53746362949508,68.60457826289647,67.14147925474624,70.29049785393926,65856.0,73.56300737859084,78282.0,60.22061825839536,28351.0,70.61354295604458,66.21146219189848,67.48913305576544,4.832872227281891,-3.276935416109683,5.0,9.0
2021-09-06,,27.735,28.145,27.62,,0.0,28.002,57544.0,75.17375858022409,74.45697429549729,75.55765428328002,74.14824698185092,67.98712363560371,57602.0,70.29049785393926,65856.0,73.56300737859084,78282.0,71.15046002325568,67.724801297052,68.53976470264027,5.7990071032166295,10.57058242843041,0.0,9.0
2021-09-07,,26.005,26.3,25.82,,0.0,26.234,44158.0,70.4274117060781,69.8126416641214,70.60459433825775,69.31599337695114,75.17375858022409,57544.0,67.98712363560371,57602.0,70.29049785393926,65856.0,71.19609797396862,69.07821581861481,68.84599918704602,5.006703875286671,-6.313834726090983,1.0,9.0
2021-09-08,,24.34,24.38,22.295,,0.0,23.269,108893.0,62.467616184673744,65.34280707958912,65.45019049303133,59.85283006735577,70.4274117060781,44158.0,75.17375858022409,57544.0,67.98712363560371,57602.0,69.35626215699197,68.59000479964358,68.0201056840181,5.511171206263815,-11.30212701074943,2.0,9.0
2021-09-09,,23.995,24.355,23.865,,0.0,24.177,42577.0,64.90521966981207,64.41662513864999,65.38307585962994,64.06762904496279,62.467616184673744,108893.0,70.4274117060781,44158.0,75.17375858022409,57544.0,65.9334158535213,69.25923357270311,67.81070802780577,4.520951019233921,3.902187459710338,3.0,9.0
2021-09-11,,24.55,24.565,24.09,,0.0,24.318,60150.0,65.2837462021959,65.90657000016076,65.94683878020159,64.67166074557525,64.90521966981207,42577.0,62.467616184673744,108893.0,70.4274117060781,44158.0,64.21886068556056,68.07648197607527,67.56775305489276,4.284151222731878,0.5831989080531397,5.0,9.0
2021-09-12,,22.435,22.475,21.84,,0.0,22.013,56607.0,59.095777002588136,60.22867201440352,60.33605542784574,58.63134373945055,65.2837462021959,60150.0,64.90521966981207,42577.0,62.467616184673744,108893.0,63.09491429153203,66.47723614016796,66.47129170120955,5.291058416535153,-9.47857554075171,6.0,9.0
2021-10-02,,27.35,27.595,26.88,,0.0,27.078,67179.0,72.69320172970887,73.42340894111595,74.08113234844953,72.1616538331699,59.095777002588136,56607.0,65.2837462021959,60150.0,64.90521966981207,42577.0,65.69090831149764,67.14953301075441,66.68049760132645,5.790313483010599,23.00913096806432,5.0,10.0
2021-10-03,,26.025,26.315,25.61,,0.0,26.13,52439.0,70.14821483112833,69.86633337084251,70.64486311829859,68.75223045637951,72.69320172970887,67179.0,59.095777002588136,56607.0,65.2837462021959,60150.0,67.3123978544751,66.43159818945503,67.0781997432535,4.867618603346622,-3.500997119432747,6.0,10.0
2021-10-05,,27.68,28.005,27.32,,0.0,27.492,63916.0,73.80462005883582,74.30932210201425,75.18181233623226,73.34287138103429,70.14821483112833,52439.0,72.69320172970887,67179.0,59.095777002588136,56607.0,72.215345539891,66.91405652556327,67.99613617208904,5.46088864426011,5.212399540757762,1.0,10.0
2021-10-06,,27.905,28.18,27.475,,0.0,28.031,75924.0,75.25161155496968,74.91335380262672,75.65161477004196,73.75898210812288,73.80462005883582,63916.0,70.14821483112833,52439.0,72.69320172970887,67179.0,73.06814881497793,68.74034157846269,68.66517318905314,5.849851867244698,1.9605703477375114,2.0,10.0
2021-10-08,,23.45,23.675,23.22,,0.0,23.392,57584.0,62.79782018100857,62.95352613049978,63.557557831112256,62.33607150320703,75.25161155496968,75924.0,73.80462005883582,63916.0,70.14821483112833,52439.0,70.61801726493802,68.43928450863362,68.84925904066837,6.127745020290463,-16.54953444400841,4.0,10.0
2021-10-09,,24.1,24.345,23.76,,0.0,23.9,38363.0,64.16158953172472,64.69850659893581,65.35623000626939,63.78574758467697,62.79782018100857,57584.0,75.25161155496968,75924.0,73.80462005883582,63916.0,67.40367375590098,68.27897641285202,68.17772919446364,6.237746865057812,2.1716826265389733,5.0,10.0
2021-10-11,,24.375,25.22,24.04,,0.0,24.772,123405.0,66.50254794476506,65.43676756635105,67.70524217531789,64.53743147877248,64.16158953172472,38363.0,62.79782018100857,57584.0,75.25161155496968,75924.0,64.48731921916611,69.33708654744872,67.90716134380834,4.906531072802122,3.648535564853561,0.0,10.0
2021-10-12,,21.975,22.24,21.815,,0.0,22.195,43031.0,59.58437153375022,58.99376275981803,59.70517787387272,58.56422910604916,66.50254794476506,123405.0,64.16158953172472,38363.0,62.79782018100857,57584.0,63.41616967007999,67.46439651945464,67.30696476510452,5.827341424203375,-10.402874212820922,1.0,10.0
2021-11-01,,25.47,25.595,24.365,,0.0,24.985,103896.0,67.07436462134486,68.37638850933175,68.71196167633867,65.4099217129905,59.58437153375022,43031.0,66.50254794476506,123405.0,64.16158953172472,38363.0,64.38709469995338,67.02527506091413,66.72843662518457,5.705945714916336,12.57039873845458,0.0,11.0
2021-11-02,,27.095,27.35,26.75,,0.0,27.047,58722.0,72.60997958429115,72.73883968042182,73.42340894111595,71.81265773948269,67.07436462134486,103896.0,59.58437153375022,43031.0,66.50254794476506,123405.0,66.42290524646207,66.85461213597918,66.88433433077122,5.482888900697985,8.252951771062644,1.0,11.0
2021-11-03,,26.315,26.545,25.885,,0.0,26.193,54167.0,70.31734370729983,70.64486311829859,71.26231774559133,69.49049142379475,72.60997958429115,58722.0,67.07436462134486,103896.0,59.58437153375022,43031.0,70.00056263764527,66.1497167291692,67.44502915381594,4.44175626179338,-3.157466632158823,2.0,11.0
2021-11-05,,27.4,27.78,27.72,,0.0,27.667,60622.0,74.27442249264553,73.55763820791873,74.57778063561979,74.41670551545646,70.31734370729983,54167.0,72.60997958429115,58722.0,67.07436462134486,103896.0,72.40058192807884,67.78923134511733,68.11425792687548,5.071731594127484,5.627457717710849,4.0,11.0
2021-11-06,,28.145,28.445,28.025,,0.0,28.146,69170.0,75.56033886861609,75.55765428328002,76.36302988409663,75.23550404295337,74.27442249264553,60622.0,70.31734370729983,54167.0,72.60997958429115,58722.0,73.38403502285381,69.41762410753039,68.84830026019121,5.522732630862722,1.7313044421151558,5.0,11.0
2021-11-08,,23.325,23.565,23.19,,0.0,23.488,64942.0,63.05554037326989,62.61795296349285,63.26225344414616,62.25553394312537,75.56033886861609,69170.0,74.27442249264553,60622.0,70.31734370729983,54167.0,70.9634339115105,68.92519445445966,69.13114050095419,5.962165237792265,-16.549420876856402,0.0,11.0
2021-11-10,,22.685,22.83,22.495,,0.0,22.665,28995.0,60.846126641696266,60.89981834841738,61.289083222145415,60.389747134566846,63.05554037326989,64942.0,75.56033886861609,69170.0,74.27442249264553,60622.0,66.48733529452741,69.10544518416623,68.28492085181043,5.643246960522688,-3.5039168937329834,2.0,11.0
2021-11-11,,24.71,25.365,24.645,,0.0,25.301,75998.0,67.92269358753838,66.33610365392961,68.09450704904593,66.16160560708602,60.846126641696266,28995.0,63.05554037326989,64942.0,75.56033886861609,69170.0,63.941453534168176,69.22663503647959,68.12595504869687,5.601312670098266,11.630266931392018,3.0,11.0
2021-12-01,,25.015,25.725,25.615,,0.0,25.435,64420.0,68.2824280225698,67.15490218142652,69.06095777002588,68.76565338305979,67.92269358753838,75998.0,60.846126641696266,28995.0,63.05554037326989,64942.0,65.68374941726815,68.6084133848051,67.73151276039214,5.400884838785467,0.5296233350460477,2.0,12.0
2021-12-02,,27.02,27.455,27.33,,0.0,27.328,52719.0,73.36434806372273,72.53749578021767,73.70529040140177,73.36971723439484,68.2824280225698,64420.0,67.92269358753838,75998.0,60.846126641696266,28995.0,69.85648989127696,69.04369972143695,67.59670822530309,5.677286539505723,7.442500491448789,3.0,12.0
2021-12-03,,26.195,26.235,25.425,,0.0,25.911,55551.0,69.5602906425322,70.32271287797192,70.43009629141415,68.25558216920926,73.36434806372273,52719.0,68.2824280225698,64420.0,67.92269358753838,75998.0,70.4023555762749,68.3702523142779,68.07974182969761,5.214102356573796,-5.185158079625285,4.0,12.0
2021-12-04,,25.3,24.885,24.725,,0.0,24.867,61248.0,66.75758355169032,67.92000900220233,66.80590608773932,66.37637243397045,69.5602906425322,55551.0,73.36434806372273,52719.0,68.2824280225698,64420.0,69.89407408598174,67.11271584043136,68.26516997398087,4.1423574267668055,-4.0291767974991455,5.0,12.0
2021-12-05,,27.76,27.83,27.03,,0.0,27.244,76020.0,73.13884289549407,74.52408892889868,74.71200990242255,72.56434163357822,66.75758355169032,61248.0,69.5602906425322,55551.0,73.36434806372273,52719.0,69.81890569657219,68.55318762932053,68.7391910418901,4.248206915803097,9.558853098483922,6.0,12.0
2021-12-07,,26.185,26.375,25.93,,0.0,26.239,42310.0,70.44083463275838,70.29586702461137,70.8059382384619,69.61129776391725,73.13884289549407,76020.0,66.75758355169032,61248.0,69.5602906425322,55551.0,70.11242035998092,69.92386019947227,69.51465269181925,2.559192290467413,-3.688885626192895,1.0,12.0
2021-12-08,,23.515,23.53,22.97,,0.0,23.116,61091.0,62.05687462825727,63.12802417734338,63.16829295738422,61.664925169193175,70.44083463275838,42310.0,73.13884289549407,76020.0,66.75758355169032,61248.0,68.54551738550323,69.08588606243211,69.15626054945585,3.921440650791397,-11.902130416555522,2.0,12.0
2021-12-10,,22.61,22.79,22.325,,0.0,22.514,41629.0,60.44075425595189,60.69847444821322,61.1816998087032,59.93336762743743,62.05687462825727,61091.0,70.44083463275838,42310.0,73.13884289549407,76020.0,64.3128211723225,67.96564695291526,68.28703016886018,5.124685196156513,-2.6042567918325155,4.0,12.0
2021-12-11,,25.35,25.47,24.925,,0.0,25.346,65557.0,68.04349992766087,68.0542382690051,68.37638850933175,66.91328950118154,60.44075425595189,41629.0,62.05687462825727,61091.0,70.44083463275838,42310.0,63.51370960395668,67.20552579062071,68.12461275602884,4.553203785806594,12.578839832992838,5.0,12.0
2022-01-02,,22.49,23.06,22.405,,0.0,22.595,46139.0,60.65820566817239,60.37632420788657,61.906537849438166,60.14813445432186,68.04349992766087,65557.0,60.44075425595189,41629.0,62.05687462825727,61091.0,63.04748661726172,65.93379936571218,67.15202583999503,5.006519996794929,-10.853783634498537,6.0,1.0
2022-01-03,,24.455,25.65,24.345,,0.0,25.541,64008.0,68.56699406819168,65.65153439323548,68.85961386982173,65.35623000626939,60.65820566817239,46139.0,68.04349992766087,65557.0,60.44075425595189,41629.0,65.75623322134165,66.19228658235522,66.6525012113933,5.101941449712525,13.038282805930512,0.0,1.0
2022-01-04,,24.99,25.04,24.565,,0.0,24.654,42778.0,66.18576687511052,67.08778754802513,67.22201681482792,65.94683878020159,68.56699406819168,64008.0,60.65820566817239,46139.0,68.04349992766087,65557.0,65.13698887049152,65.19899000801472,66.87608881866763,4.103205467285412,-3.4728475784033486,1.0,1.0
2022-01-06,,21.535,21.995,21.41,,0.0,21.915,48153.0,58.8326876396547,57.81254521195363,59.047454466539136,57.47697204494671,66.18576687511052,42778.0,68.56699406819168,64008.0,60.65820566817239,46139.0,64.52848286098562,63.54068329471419,66.73227174709324,3.9753568671746082,-11.10975906546605,3.0,1.0
2022-01-07,,20.29,20.29,19.295,,0.0,19.667,71675.0,52.7977398042021,54.47023646856463,54.47023646856463,51.799074059189486,58.8326876396547,48153.0,66.18576687511052,42778.0,68.56699406819168,64008.0,59.272064772989104,62.2179497484206,65.65191790542634,5.712304727057835,-10.257814282454936,4.0,1.0
2022-01-08,,20.335,20.51,20.065,,0.0,20.362,54355.0,54.66352661276062,54.59104280868713,55.060845242496825,53.86620476795216,52.7977398042021,71675.0,58.8326876396547,48153.0,66.18576687511052,42778.0,55.431318018872474,61.392631513678985,64.67913923329712,6.389123382000694,3.533838409518464,5.0,1.0
2022-01-09,,17.85,17.865,17.4,,0.0,17.666,65000.0,47.42588454675519,47.91984824858939,47.960117028630215,46.71178484736444,54.66352661276062,54355.0,52.7977398042021,71675.0,58.8326876396547,48153.0,51.629050321239305,58.44725788783531,62.82639183922801,7.472558410051979,-13.240349670955688,6.0,1.0
2022-01-11,,19.11,20.04,19.085,,0.0,19.667,74282.0,52.7977398042021,51.30242577201923,53.79909013455077,51.235311138617845,47.42588454675519,65000.0,54.66352661276062,54355.0,52.7977398042021,71675.0,51.629050321239305,57.32433419298241,61.62906677934729,7.672861659430133,11.326842522359337,1.0,1.0
2022-01-12,,22.41,23.005,22.24,,0.0,22.841,69992.0,61.318613660842026,60.16155738100213,61.75888565595512,59.70517787387272,52.7977398042021,74282.0,47.42588454675519,65000.0,54.66352661276062,54355.0,53.84741267059977,56.28885127764675,61.24056893000098,6.2621632256829765,16.138709513398062,2.0,1.0
2022-02-02,,22.64,22.875,22.465,,0.0,22.707,36340.0,60.9588792258106,60.779012008294885,61.40988956226792,60.30920957448519,61.318613660842026,69992.0,52.7977398042021,74282.0,47.42588454675519,65000.0,58.358410896951575,55.542153042032474,60.37057152502359,5.086672856566798,-0.5866643316842501,2.0,2.0
2022-02-03,,25.505,25.545,24.96,,0.0,25.19,65990.0,67.62470461523624,68.47034899609369,68.57773240953591,67.00724998794347,60.9588792258106,36340.0,61.318613660842026,69992.0,52.7977398042021,74282.0,63.300732500629614,56.798155467115556,60.169419380914874,6.823526512938879,10.934953978949258,3.0,2.0
2022-02-05,,22.785,22.88,22.13,,0.0,22.584,53214.0,60.62867522947578,61.16827688202292,61.42331248894819,59.40987348690662,67.62470461523624,65990.0,60.9588792258106,36340.0,61.318613660842026,69992.0,63.070753023507535,57.916860527868934,60.067405138144764,6.699155836369009,-10.34537514886862,5.0,2.0
2022-02-06,,21.86,22.38,21.785,,0.0,22.275,33535.0,59.79913836063465,58.68503544617165,60.08101982092048,58.48369154596749,60.62867522947578,53214.0,67.62470461523624,65990.0,60.9588792258106,36340.0,62.68417273511556,58.65051934899379,60.02157543133639,6.563321503318892,-1.3682252922422977,6.0,2.0
2022-02-08,,20.34,20.495,19.915,,0.0,20.139,62556.0,54.06486408282026,54.604465735367405,55.02057646245599,53.46351696754384,59.79913836063465,33535.0,60.62867522947578,53214.0,67.62470461523624,65990.0,58.164225890976894,59.598944997003095,59.023101442419204,4.953153275835427,-9.589225589225592,1.0,2.0
2022-02-09,,17.665,18.165,17.62,,0.0,17.881,61950.0,48.0030703940071,47.42319996141913,48.76549262944685,47.30239362129664,54.06486408282026,62556.0,59.79913836063465,33535.0,60.62867522947578,53214.0,53.95569094582066,58.9139922241181,58.119163208550255,6.219943165197994,-11.212076071304434,2.0,2.0
2022-02-11,,19.635,20.11,19.2,,0.0,19.594,60590.0,52.601765074670055,52.711833073448325,53.987011108074654,51.54403845226422,48.0030703940071,61950.0,54.06486408282026,62556.0,59.79913836063465,33535.0,51.556566517165805,57.668728140379244,56.97878970901299,6.523462612425577,9.580001118505677,4.0,2.0
2022-02-12,,22.975,23.475,22.48,,0.0,23.25,71778.0,62.416609063288696,61.67834809587346,63.02064076390117,60.34947835452601,52.601765074670055,60590.0,48.0030703940071,61950.0,54.06486408282026,62556.0,54.34048151065528,57.87697526001897,56.709564151025724,6.667671979878993,18.658773093804214,5.0,2.0
2022-03-01,,23.385,23.44,22.69,,0.0,22.81,44194.0,61.23539151542431,62.77902808365618,62.926680277139226,60.91324127509765,62.416609063288696,71778.0,52.601765074670055,60590.0,48.0030703940071,61950.0,58.75125521779435,56.96421624576012,56.88118585643783,5.434088804678778,-1.8924731182795695,1.0,3.0
2022-03-02,,22.65,22.66,21.985,,0.0,22.375,51746.0,60.0675968942402,60.80585786165543,60.83270371501599,59.02060861317858,61.23539151542431,44194.0,62.416609063288696,71778.0,52.601765074670055,60590.0,61.23986582431774,56.88406219786932,57.40046136286913,5.374843655541443,-1.907058307759757,2.0,3.0
2022-03-03,,25.45,25.665,25.075,,0.0,25.212,53944.0,67.68376549262943,68.32269680261064,68.89988264986256,67.31597730158984,60.0675968942402,51746.0,61.23539151542431,44194.0,62.416609063288696,71778.0,62.99558463409798,58.010437502440006,58.3304784257169,6.740283610031897,12.679329608938538,3.0,3.0
2022-03-05,,22.7,22.89,22.44,,0.0,22.665,42512.0,60.846126641696266,60.94008712845821,61.45015834230875,60.2420949410838,67.68376549262943,53944.0,60.0675968942402,51746.0,61.23539151542431,44194.0,62.86582967618863,58.97918929656515,59.28906714678412,6.563697660573766,-10.102332222751064,5.0,3.0
2022-03-06,,22.355,22.525,21.86,,0.0,21.908,35848.0,58.81389554230232,60.013905187519086,60.470284694648505,58.68503544617165,60.846126641696266,42512.0,67.68376549262943,53944.0,60.0675968942402,51746.0,62.44792922554267,60.52359288917875,59.71879255664843,4.497195802951193,-3.3399514670196195,6.0,3.0
2022-03-08,,19.955,20.14,19.75,,0.0,19.894,45416.0,53.40714067548668,53.57090038098605,54.06754866815632,53.0205603870947,58.81389554230232,35848.0,60.846126641696266,42512.0,67.68376549262943,53944.0,57.68905428649509,60.638646546438274,59.153687343408755,4.265061455578896,-9.192988862515982,1.0,3.0
2022-03-10,,18.995,20.78,18.98,,0.0,20.589,92922.0,55.2729274840452,50.99369845837285,55.78568328323179,50.953429678332014,53.40714067548668,45416.0,58.81389554230232,35848.0,60.846126641696266,42512.0,55.83132123394474,59.618120606546334,58.747547933282654,4.609482496377181,3.493515632854116,3.0,3.0
2022-03-11,,19.23,19.555,18.805,,0.0,19.43,69421.0,52.16149307955696,51.62457601234588,52.49706624656389,50.48362724452232,55.2729274840452,92922.0,53.40714067548668,45416.0,58.81389554230232,35848.0,53.61385374636294,58.32184940142243,57.64303282359128,5.302632505485123,-5.629219486133364,4.0,3.0
2022-04-01,,22.92,23.14,22.655,,0.0,23.056,43457.0,61.89579950809395,61.53069590239041,62.1213046763226,60.81928078833572,52.16149307955696,69421.0,55.2729274840452,92922.0,53.40714067548668,45416.0,56.443406690565375,58.58302120340154,57.733541700635435,5.446030343510451,18.661863098301602,4.0,4.0
2022-04-02,,22.42,22.69,22.1,,0.0,22.475,45473.0,60.33605542784574,60.188403234362696,60.91324127509765,59.32933592682496,61.89579950809395,43457.0,52.16149307955696,69421.0,55.2729274840452,92922.0,58.13111600516555,57.53334833700387,57.77189291972194,3.88356300115451,-2.51995142262319,5.0,4.0
2022-04-03,,25.285,25.92,25.155,,0.0,25.789,65533.0,69.23277123153342,67.8797402221615,69.5844519105567,67.5307441284743,60.33605542784574,45473.0,61.89579950809395,43457.0,52.16149307955696,69421.0,63.821542055824374,58.73144042126632,58.85531485891574,5.8643896098402335,14.745272525027797,6.0,4.0
2022-04-04,,24.735,25.005,24.385,,0.0,24.59,39636.0,66.01395341360296,66.403218287331,67.12805632806597,65.4636134197116,69.23277123153342,65533.0,60.33605542784574,45473.0,61.89579950809395,43457.0,65.19426002432738,59.76002011716641,60.14180650317259,6.48033893502562,-4.649269068207373,0.0,4.0
2022-04-05,,22.6,23.125,22.22,,0.0,22.402,56054.0,60.140080698313696,60.67162859485267,62.08103589628177,59.6514861671516,66.01395341360296,39636.0,69.23277123153342,65533.0,60.33605542784574,45473.0,65.12893511448335,60.72186869185599,60.680257619147135,5.849188780752028,-8.897925986173227,1.0,4.0
2022-04-08,,20.045,20.38,19.93,,0.0,20.122,48259.0,54.01922613210731,53.81251306123106,54.71184914880962,53.50378574758467,60.140080698313696,56054.0,66.01395341360296,39636.0,69.23277123153342,65533.0,60.05775341467466,60.54276849872201,60.08044455263418,6.059262540394441,-10.177662708686741,4.0,4.0
2022-04-10,,20.745,21.31,20.68,,0.0,21.099,67731.0,56.64206600543347,55.69172279646985,57.20851351134117,55.51722474962624,54.01922613210731,48259.0,60.140080698313696,56054.0,66.01395341360296,39636.0,56.93379094528482,61.18285034527579,59.75234987334911,5.202399191683857,4.855382168770506,6.0,4.0
2022-04-11,,19.5,20.965,19.425,,0.0,20.784,101279.0,55.79642162457601,52.34941405308084,56.28233157040205,52.14807015287669,56.64206600543347,67731.0,54.01922613210731,48259.0,60.140080698313696,56054.0,55.48590458737226,60.31151064763037,59.447265925515964,5.561481095765822,-1.4929617517417837,0.0,4.0
2022-05-01,,23.095,23.3,22.75,,0.0,23.17,40266.0,62.20184223640427,62.0004983362001,62.550838330091466,61.074316395260986,55.79642162457601,101279.0,56.64206600543347,67731.0,54.01922613210731,48259.0,58.21344328880458,60.57805162028159,59.05569997864273,5.607374226705569,11.479984603541183,6.0,5.0
2022-05-04,,24.665,25.11,24.355,,0.0,24.534,47411.0,65.86361663478387,66.21529731380713,67.4099377883518,65.38307585962994,62.20184223640427,40266.0,55.79642162457601,101279.0,56.64206600543347,67731.0,61.28729349858805,60.09674382074594,59.414092121006135,4.831619809439648,5.886922744928769,2.0,5.0
2022-05-05,,23.04,23.345,22.325,,0.0,22.443,69590.0,60.25014869709197,61.852846142717055,62.67164467021396,59.93336762743743,65.86361663478387,47411.0,62.20184223640427,40266.0,55.79642162457601,101279.0,62.771869189426695,59.27334314695866,59.516681632062536,4.089244895677599,-8.522866226461234,3.0,5.0
2022-05-07,,19.88,20.1,18.97,,0.0,19.121,81240.0,51.33195621071583,53.3695564807819,53.960165254714106,50.92658382497146,60.25014869709197,69590.0,65.86361663478387,47411.0,62.20184223640427,40266.0,59.148573847530564,58.015039648730394,59.3684541702932,5.025976547457824,-14.801942699282645,5.0,5.0
2022-05-08,,20.16,20.28,19.47,,0.0,19.842,57904.0,53.26754223801179,54.121240374877424,54.44339061520408,52.268876492999176,51.33195621071583,81240.0,60.25014869709197,69590.0,65.86361663478387,47411.0,54.949882381939865,57.90765623528817,59.22521236700509,5.1324803808092465,3.7707232885309416,6.0,5.0
2022-05-10,,21.12,21.135,19.985,,0.0,20.544,76497.0,55.15212114392271,56.69844229749064,56.73871107753147,53.65143794106773,53.26754223801179,57904.0,51.33195621071583,81240.0,60.25014869709197,69590.0,53.25053986421678,57.69480696935807,59.43882865731693,5.2237957223993225,3.53794980344726,1.0,5.0
2022-05-12,,23.29,23.69,22.35,,0.0,22.417,69407.0,60.18034947835453,62.52399247673091,63.59782661115309,60.000482260838815,55.15212114392271,76497.0,53.26754223801179,57904.0,51.33195621071583,81240.0,56.20000428676301,58.3210823770407,59.31629651233554,5.221059262560514,9.117017133956384,3.0,5.0
2022-06-01,,22.81,22.85,22.0,,0.0,22.19,71447.0,59.57094860706994,61.23539151542431,61.34277492886653,59.06087739321941,60.18034947835453,69407.0,55.15212114392271,76497.0,53.26754223801179,57904.0,58.301139743115726,57.94524042999295,59.26164602513727,4.984473012295432,-1.0126243475933605,2.0,6.0
2022-06-04,,24.465,24.68,24.2,,0.0,24.458,44988.0,65.65958814924365,65.67838024659605,66.25556609384796,64.96696513254136,59.57094860706994,71447.0,60.18034947835453,69407.0,55.15212114392271,76497.0,61.80362874488937,57.916093503487204,59.00641866211657,4.930759905454826,10.220820189274438,5.0,6.0
2022-06-05,,22.52,22.665,22.11,,0.0,22.367,57947.0,60.04612021155176,60.45686176796824,60.846126641696266,59.35618178018551,65.65958814924365,44988.0,59.57094860706994,71447.0,60.18034947835453,69407.0,61.75888565595511,57.88694657698146,58.580144861970055,4.9152418183721664,-8.549349905961224,6.0,6.0
2022-06-06,,21.945,22.565,21.9,,0.0,22.092,46539.0,59.3078592441365,58.91322519973637,60.57766810809073,58.79241885961387,60.04612021155176,57947.0,65.65958814924365,44988.0,59.57094860706994,71447.0,61.67118920164396,59.02636129604155,58.52070047238597,3.977454076630306,-1.2294898734743431,0.0,6.0
2022-06-07,,19.155,19.325,18.705,,0.0,19.159,64590.0,51.43397045348594,51.423232112141726,51.879611619271145,50.21516871091677,59.3078592441365,46539.0,60.04612021155176,57947.0,65.65958814924365,44988.0,56.9293166363914,58.76442246968072,58.33603935248444,4.451983896944648,-13.276299112801004,1.0,6.0
2022-06-09,,17.94,18.465,17.815,,0.0,17.908,72106.0,48.07555419808061,48.16146092883437,49.57086823026348,47.825887761827445,51.43397045348594,64590.0,59.3078592441365,46539.0,60.04612021155176,57947.0,52.93912796523435,57.75348433456041,57.72414565195924,5.9577705055413315,-6.52956834907874,3.0,6.0
2022-06-10,,20.75,20.93,20.4,,0.0,20.66,48007.0,55.463533042905134,55.705145723150125,56.18837108364011,54.76554085553072,48.07555419808061,72106.0,51.43397045348594,64590.0,59.3078592441365,46539.0,51.65768589815723,57.0796534152105,57.700367896125606,5.90403876055869,15.367433549251697,4.0,6.0
2022-06-12,,22.435,22.78,22.19,,0.0,22.335,48285.0,59.96021348079798,60.22867201440352,61.15485395534265,59.57094860706994,55.463533042905134,48007.0,48.07555419808061,72106.0,51.43397045348594,64590.0,54.49976690726124,57.13526268288594,57.54025155643944,5.933176073866227,8.107454017424987,6.0,6.0
2022-07-01,,22.195,22.46,21.945,,0.0,22.409,52902.0,60.15887279566608,59.58437153375022,60.29578664780491,58.91322519973637,59.96021348079798,48285.0,55.463533042905134,48007.0,48.07555419808061,72106.0,58.52753977312307,56.34944620380343,57.132769853645314,4.888268449855568,0.3313185583165401,4.0,7.0
2022-07-02,,22.535,23.11,22.5,,0.0,23.076,53794.0,61.949491214815055,60.49713054800906,62.040767116240936,60.40317006124712,60.15887279566608,52902.0,59.96021348079798,48285.0,55.463533042905134,48007.0,60.68952583042637,56.621356347126756,57.25415146205411,5.172822732812642,2.976482663215685,5.0,7.0
2022-07-03,,26.025,26.37,25.465,,0.0,25.72,77213.0,69.0475348433456,69.86633337084251,70.79251531178163,68.36296558265147,61.949491214815055,53794.0,60.15887279566608,52902.0,59.96021348079798,48285.0,63.71863295127557,58.0127385755852,58.51954993581338,7.0022564555432165,11.457791644999116,6.0,7.0
2022-07-04,,24.57,24.78,24.335,,0.0,24.735,44617.0,66.403218287331,65.96026170688185,66.5240246274535,65.32938415290884,69.0475348433456,77213.0,61.949491214815055,53794.0,60.15887279566608,52902.0,65.80008144849722,60.151202551848776,59.457812510764754,6.943802216840684,-3.8297045101088667,0.0,7.0
2022-07-06,,22.085,22.3,21.84,,0.0,22.178,46014.0,59.53873358303728,59.28906714678413,59.86625299403604,58.63134373945055,66.403218287331,44617.0,69.0475348433456,77213.0,61.949491214815055,53794.0,64.99649557123796,61.78879960684259,59.7711419707015,4.565816860683902,-10.33757833030119,2.0,7.0
2022-07-07,,19.17,19.435,19.035,,0.0,19.188,40597.0,51.51182342823154,51.46350089218256,52.17491600623724,51.10108187181506,59.53873358303728,46014.0,66.403218287331,44617.0,69.0475348433456,77213.0,59.151258432866605,61.22426966188922,59.15196153854986,5.60441024984584,-13.481828839390408,3.0,7.0
2022-07-09,,17.905,18.4,17.74,,0.0,18.26,47589.0,49.02052823637212,48.06750044207244,49.39637018341987,47.62454386162329,51.51182342823154,40597.0,59.53873358303728,46014.0,66.403218287331,44617.0,53.357028415880315,59.6614574841141,58.398360083500016,7.288041334066533,-4.836356055868207,5.0,7.0
2022-07-10,,20.71,20.875,20.02,,0.0,20.255,58185.0,54.37627598180269,55.59776230970791,56.04071889015705,53.74539842782967,49.02052823637212,47589.0,51.51182342823154,40597.0,59.53873358303728,46014.0,51.636209215468796,58.835372224990756,57.592409214397094,7.545441034770549,10.925520262869636,6.0,7.0
2022-07-11,,20.57,21.08,20.435,,0.0,20.919,68480.0,56.158840644943496,55.22192036266015,56.591058884048415,54.85950134229267,54.37627598180269,58185.0,49.02052823637212,47589.0,51.51182342823154,40597.0,53.18521495437278,58.00813642929482,57.31474638821079,7.46411340168896,3.278202912861028,0.0,7.0
2022-07-12,,22.35,23.01,22.255,,0.0,22.922,49819.0,61.53606507306252,60.000482260838815,61.7723085826354,59.74544665391355,56.158840644943496,68480.0,54.37627598180269,58185.0,49.02052823637212,47589.0,57.35706056660291,56.93506931925439,57.473903947419785,6.011039639037104,9.575027486973564,1.0,7.0
2022-08-02,,23.025,23.265,22.77,,0.0,23.2,46955.0,62.28237979648593,61.81257736267622,62.45687784332953,61.1280081019821,61.53606507306252,49819.0,56.158840644943496,68480.0,54.37627598180269,58185.0,59.99242850483065,56.34637810627651,58.24879032906265,5.054990410492224,1.2128086554402007,1.0,8.0
2022-08-03,,25.805,27.495,25.55,,0.0,26.895,121212.0,72.20192261321073,69.27572459691032,73.81267381484399,68.59115533621619,62.28237979648593,46955.0,61.53606507306252,49819.0,56.158840644943496,68480.0,65.34012249425307,58.155405110587004,59.97210235871479,7.869949973433819,15.926724137931014,2.0,8.0
2022-08-04,,24.725,24.935,24.495,,0.0,24.823,47029.0,66.63946179690389,66.37637243397045,66.94013535454208,65.7589178066777,72.20192261321073,121212.0,62.28237979648593,46955.0,61.53606507306252,49819.0,67.04125473553353,60.316496306111624,60.77038298400042,7.818423857626264,-7.704034207101684,3.0,8.0
2022-08-06,,22.275,22.275,21.795,,0.0,22.094,39768.0,59.31322841480863,59.79913836063465,59.79913836063465,58.51053739932806,66.63946179690389,47029.0,72.20192261321073,121212.0,62.28237979648593,46955.0,66.05153760830775,61.78688204588827,60.724169765001186,6.124267602034459,-10.99383636143898,5.0,8.0
2022-08-07,,19.17,19.39,18.935,,0.0,19.236,42122.0,51.64068352436222,51.46350089218256,52.05410966611475,50.83262333820952,59.31322841480863,39768.0,66.63946179690389,47029.0,72.20192261321073,121212.0,59.197791245358246,61.39608312339677,60.115727674193764,6.732992370711868,-12.935638634923507,6.0,8.0
2022-08-08,,19.84,20.745,19.745,,0.0,20.614,61786.0,55.340042117446586,53.26217306733969,55.69172279646985,53.00713746041442,51.64068352436222,42122.0,59.31322841480863,39768.0,66.63946179690389,47029.0,55.43131801887248,61.27911190518292,59.643624167238876,6.845317932850003,7.163651486795564,0.0,8.0
2022-08-09,,18.395,18.665,18.24,,0.0,18.442,49653.0,49.509122767534194,49.3829472567396,50.10778529747456,48.966836529651005,55.340042117446586,61786.0,51.64068352436222,42122.0,59.31322841480863,39768.0,52.163282803114335,59.56097729010745,58.248023304680906,8.154272694851747,-10.536528572814596,1.0,8.0
2022-08-11,,20.85,21.72,20.57,,0.0,21.502,87812.0,57.72395389586381,55.97360425675567,58.309193499123886,55.22192036266015,49.509122767534194,49653.0,55.340042117446586,61786.0,51.64068352436222,42122.0,54.19103959361487,58.90977359001858,57.62807584814754,8.082420621614931,16.592560459819982,3.0,8.0
2022-08-12,,22.92,23.425,22.725,,0.0,23.246,44053.0,62.40587072194448,61.53069590239041,62.88641149709839,61.007201761859605,57.72395389586381,87812.0,49.509122767534194,49653.0,55.340042117446586,61786.0,56.54631579511417,57.51033760555197,57.83287135806949,5.969166058546339,8.11087340712493,4.0,8.0
2022-09-02,,23.195,23.365,23.095,,0.0,23.341,47608.0,62.66090632886974,62.26895686980565,62.72533637693507,62.0004983362001,62.40587072194448,44053.0,57.72395389586381,87812.0,49.509122767534194,49653.0,60.930243648892684,56.941972538689946,58.629234422400785,5.077923432777396,0.4086724597780256,4.0,9.0
2022-09-03,,26.925,27.39,25.73,,0.0,25.816,83393.0,69.30525503560692,72.2824601732924,73.53079235455817,69.07438069670616,62.66090632886974,47608.0,62.40587072194448,44053.0,57.72395389586381,87812.0,64.79067736214039,58.3694049130897,60.078143479488986,6.9243145956724295,10.603658797823567,5.0,9.0
2022-09-05,,22.395,22.395,21.65,,0.0,21.82,76956.0,58.57765203272944,60.12128860096131,60.12128860096131,58.121272525600006,69.30525503560692,83393.0,62.66090632886974,47608.0,62.40587072194448,44053.0,63.51460446573537,59.360400414285024,60.3782417688409,6.265912629338837,-15.478772854043987,0.0,9.0
2022-09-06,,22.085,22.165,21.535,,0.0,21.817,58273.0,58.56959827672127,59.28906714678413,59.50383397366856,57.81254521195363,58.57765203272944,76956.0,69.30525503560692,83393.0,62.66090632886974,47608.0,62.15083511501922,59.821765579895704,60.550438742539306,6.035202964615092,-0.01374885426214112,1.0,9.0
2022-09-08,,20.695,20.74,20.4,,0.0,20.482,47615.0,54.98567685308727,55.55749352966708,55.67829986978957,54.76554085553072,58.56959827672127,58273.0,58.57765203272944,76956.0,69.30525503560692,83393.0,57.37764238751267,60.60413044926042,60.082553869683935,4.6778652150507805,-6.119081450245234,3.0,9.0
2022-09-09,,18.45,18.86,18.445,,0.0,18.767,42826.0,50.38161300175221,49.530599450222645,50.631279438005365,49.51717652354237,54.98567685308727,47615.0,58.56959827672127,58273.0,58.57765203272944,76956.0,54.645629377186914,59.555224607244476,59.23249909863153,6.052514071979516,-8.3732057416268,4.0,9.0
2022-09-11,,21.425,21.695,21.055,,0.0,21.327,74271.0,57.25415146205412,57.51724082498754,58.242078865722505,56.52394425064704,50.38161300175221,42826.0,54.98567685308727,47615.0,58.56959827672127,58273.0,54.2071471056312,58.81926471297442,58.164801159263206,5.960632728375745,13.640965524591063,6.0,9.0
2022-09-12,,23.305,23.9,23.14,,0.0,23.717,52451.0,63.670310415226574,62.56426125677174,64.16158953172472,62.1213046763226,57.25415146205412,74271.0,50.38161300175221,42826.0,54.98567685308727,47615.0,57.102024959677635,58.963465296739685,57.952718917714826,6.080073088614382,11.206451915412362,0.0,9.0
2022-10-01,,22.385,22.54,22.205,,0.0,22.462,41172.0,60.30115581847702,60.09444274760075,60.51055347468934,59.61121738711077,63.670310415226574,52451.0,57.25415146205412,74271.0,50.38161300175221,42826.0,60.408539231919235,57.67716540857827,58.02328516083399,4.184466546852671,-5.291563013871892,5.0,10.0
2022-10-02,,23.31,23.735,23.145,,0.0,23.522,72504.0,63.146816274695766,62.57768418345202,63.71863295127558,62.13472760300288,60.30115581847702,41172.0,63.670310415226574,52451.0,57.25415146205412,74271.0,62.372760836133125,58.3299031574306,58.845151785857816,4.675865341407973,4.719081114771595,6.0,10.0
2022-10-03,,26.06,26.425,25.6,,0.0,26.256,54641.0,70.48647258347133,69.96029385760444,70.94016750526468,68.72538460301895,63.146816274695766,72504.0,60.30115581847702,41172.0,63.670310415226574,52451.0,64.64481489221471,60.03231377268061,59.927039676288146,6.5653079806587264,11.623161295808204,0.0,10.0
2022-10-05,,21.77,22.085,21.155,,0.0,21.424,73700.0,57.51455623965148,58.44342276592666,59.28906714678413,56.79240278425258,70.48647258347133,54641.0,63.146816274695766,72504.0,60.30115581847702,41172.0,63.71594836593954,60.3935822564755,60.49885635286796,6.305772060324904,-18.403412553321164,2.0,10.0
2022-10-06,,21.715,22.02,21.235,,0.0,21.931,72367.0,58.87564100503159,58.295770572443615,59.114569099940525,57.00716961113701,57.51455623965148,73700.0,70.48647258347133,54641.0,63.146816274695766,72504.0,62.29222327605148,61.607014828372556,60.58111971780852,4.660726958679497,2.3665048543689338,3.0,10.0
2022-10-08,,20.5,20.83,20.315,,0.0,20.742,60749.0,55.68366904046169,55.03399938913627,55.91991255003455,54.53735110196602,58.87564100503159,72367.0,57.51455623965148,73700.0,70.48647258347133,54641.0,57.357955428381594,61.382660196716486,60.10096245484546,4.934918363598271,-5.421549404951886,5.0,10.0
2022-10-10,,20.185,20.21,19.525,,0.0,19.615,56984.0,52.658141366727214,54.18835500827881,54.2554696416802,52.41652868648222,55.68366904046169,60749.0,58.87564100503159,72367.0,57.51455623965148,73700.0,55.739150470740164,59.80949318978801,59.38647924326385,5.768888104927537,-5.433420113778819,0.0,10.0
2022-10-11,,21.115,21.94,21.045,,0.0,21.702,85624.0,58.2608709630749,56.68501937081036,58.89980227305609,56.497098397286486,52.658141366727214,56984.0,55.68366904046169,60749.0,58.87564100503159,72367.0,55.53422712342128,59.51802392473057,58.597594666654416,5.7914050991729,10.639816466989572,1.0,10.0
2022-11-01,,22.5,22.86,22.48,,0.0,22.812,44573.0,61.24076068609642,60.40317006124712,61.36962078222708,60.34947835452601,58.2608709630749,85624.0,52.658141366727214,56984.0,55.68366904046169,60749.0,57.38659100529952,59.245730269216374,58.78781671332349,5.635052784761908,5.114735969035111,1.0,11.0
2022-11-02,,23.205,23.71,22.855,,0.0,23.369,70913.0,62.73607471827929,62.2958027231662,63.6515183178742,61.3561978555468,61.24076068609642,44573.0,58.2608709630749,85624.0,52.658141366727214,56984.0,60.745902122483535,58.13853057418894,59.08542217343478,3.3608009404321595,2.441697352270733,2.0,11.0
2022-11-03,,26.255,26.35,25.695,,0.0,26.16,49495.0,70.22875239121,70.48378799813526,70.73882360506052,68.98042020994421,62.73607471827929,70913.0,61.24076068609642,44573.0,58.2608709630749,85624.0,64.73519593186191,59.95484431012587,60.17421328330069,5.634137737495072,11.943172579057727,3.0,11.0
2022-11-04,,24.925,25.6,24.795,,0.0,24.987,71478.0,67.07973379201697,66.91328950118154,68.72538460301895,66.56429340749433,70.22875239121,49495.0,62.73607471827929,70913.0,61.24076068609642,44573.0,66.68152030050209,61.12685756540949,61.36693619689102,6.197379999267284,-4.483944954128461,4.0,11.0
2022-11-05,,21.21,21.97,21.2,,0.0,21.575,77678.0,57.919928625395855,56.94005497773563,58.98033983313775,56.91320912437507,67.07973379201697,71478.0,70.22875239121,49495.0,62.73607471827929,70913.0,65.07613826954095,61.44632322040009,61.41449170855829,5.921525660771506,-13.655100652339202,5.0,11.0
2022-11-07,,19.265,19.31,19.015,,0.0,19.132,37671.0,51.36148664941245,51.71853649910782,51.83934283923031,51.04739016509396,57.919928625395855,77678.0,67.07973379201697,71478.0,70.22875239121,49495.0,58.78704968894177,61.261086832212264,60.535290011000136,6.253244459755737,-11.323290845886437,0.0,11.0
2022-11-08,,20.575,20.605,20.19,,0.0,20.349,52317.0,54.6286270033919,55.23534328934043,55.315880849422086,54.20177793495909,51.36148664941245,37671.0,57.919928625395855,77678.0,67.07973379201697,71478.0,54.63668075940007,60.74219483797184,60.1301093813512,6.679843853570224,6.36107045787162,1.0,11.0
2022-11-10,,19.63,19.725,19.05,,0.0,19.487,58709.0,52.31451444371212,52.69841014676805,52.95344575369332,51.1413506518559,54.6286270033919,52317.0,51.36148664941245,37671.0,57.919928625395855,77678.0,52.7682093655055,59.46701680334551,59.35637353628094,7.383727144103201,-4.236080397071107,3.0,11.0
2022-11-11,,21.77,22.16,21.355,,0.0,21.667,73449.0,58.16691047631296,58.44342276592666,59.49041104698828,57.32931985146366,52.31451444371212,58709.0,54.6286270033919,52317.0,51.36148664941245,37671.0,55.03668397447233,58.81427905449318,58.47640481434106,7.247271096308821,11.186945142915805,4.0,11.0
2022-12-01,,22.82,23.26,22.68,,0.0,23.207,51846.0,62.30117189383832,61.26223736878487,62.44345491664925,60.8863954217371,58.16691047631296,73449.0,52.31451444371212,58709.0,54.6286270033919,52317.0,57.594198937954474,57.68176755486866,58.81830593249726,5.598032006895284,7.107582960262171,3.0,12.0
2022-12-04,,25.255,25.84,25.025,,0.0,25.735,68246.0,69.08780362338643,67.79920266207984,69.36968508367225,67.18174803478708,62.30117189383832,51846.0,58.16691047631296,73449.0,52.31451444371212,58709.0,63.18529533117925,57.96863467363572,59.54774611952261,6.180987168949163,10.893264963157655,6.0,12.0
2022-12-05,,21.555,21.625,20.59,,0.0,20.773,78030.0,55.7668911858794,57.86623691867474,58.054157892198624,55.27561206938126,69.08780362338643,68246.0,62.30117189383832,51846.0,58.16691047631296,73449.0,62.385288901034734,57.66105789656194,59.55369055848102,6.237129308777419,-19.281134641538767,0.0,12.0
2022-12-07,,19.055,19.135,18.63,,0.0,18.958,51593.0,50.8943688009388,51.15477357853618,51.369540405420615,50.01382481071262,55.7668911858794,78030.0,69.08780362338643,68246.0,62.30117189383832,51846.0,58.58302120340156,57.59432677535142,59.427706803781845,6.3177396301684805,-8.737303230154525,2.0,12.0
2022-12-08,,20.26,20.85,20.19,,0.0,20.698,46057.0,55.56554728567525,54.38969890848297,55.97360425675567,54.20177793495909,50.8943688009388,51593.0,55.7668911858794,78030.0,69.08780362338643,68246.0,54.075602424164494,57.72817252996333,59.235183683967584,6.254040993439691,9.178183352674353,3.0,12.0
2022-12-09,,18.815,20.005,18.775,,0.0,19.86,77216.0,53.31586477406079,50.51047309788287,53.70512964778884,50.40308968444065,55.56554728567525,46057.0,50.8943688009388,51593.0,55.7668911858794,78030.0,53.25859362022496,57.871222577156,58.669119690250746,6.119581891105749,-4.048700357522483,4.0,12.0
2022-12-10,,19.175,19.31,18.84,,0.0,18.938,54301.0,50.84067709421769,51.47692381886283,51.83934283923031,50.57758773128426,53.31586477406079,77216.0,55.56554728567525,46057.0,50.8943688009388,51593.0,53.24069638465125,56.82461780828523,57.81944843138921,6.662946830420855,-4.642497482376628,5.0,12.0
2022-12-12,,23.65,23.765,23.32,,0.0,23.403,37809.0,62.82735061970518,63.49044319771086,63.79917051135725,62.60453003681258,50.84067709421769,54301.0,53.31586477406079,77216.0,55.56554728567525,46057.0,55.66129749599457,56.89978619769479,57.290776876281726,6.737578290652562,23.576935262435317,0.0,12.0
2023-01-02,,23.84,24.15,23.44,,0.0,23.609,63731.0,63.380375198932605,64.0005144115614,64.83273586573858,62.926680277139226,62.82735061970518,37809.0,50.84067709421769,54301.0,53.31586477406079,77216.0,59.01613430428517,56.08443927991568,57.026536976775695,5.182767892991064,0.8802290304661842,0.0,1.0
2023-01-03,,21.03,21.285,20.945,,0.0,21.095,56890.0,56.63132766408925,56.45682961724565,57.14139887793978,56.22863986368094,63.380375198932605,63731.0,62.82735061970518,37809.0,50.84067709421769,54301.0,60.946351160909025,56.20793020537422,56.93449405096808,5.184238906656371,-10.648481511288088,1.0,1.0
2023-01-05,,25.46,26.21,25.14,,0.0,25.23,74368.0,67.73208802867845,68.34954265597119,70.36298165801276,67.49047534843346,56.63132766408925,56890.0,63.380375198932605,63731.0,62.82735061970518,37809.0,62.581263630566774,58.61331866647989,58.10382272091566,6.128200136033881,19.601801374733352,3.0,1.0
2023-01-06,,23.625,24.03,23.355,,0.0,23.987,75885.0,64.39514845596155,63.42332856430948,64.51058562541193,62.69849052357451,67.73208802867845,74368.0,56.63132766408925,56890.0,63.380375198932605,63731.0,62.91952138290976,59.87469026223507,58.8014313960992,6.302542590766495,-4.926674593737623,4.0,1.0
2023-01-08,,24.9,24.905,24.255,,0.0,24.326,51464.0,65.30522288488434,66.84617486778015,66.85959779446043,65.1146173260244,64.39514845596155,75885.0,67.73208802867845,74368.0,56.63132766408925,56890.0,65.81081978984146,61.58745570663843,59.72933914189722,5.8348063829501,1.413265518822704,6.0,1.0
2023-02-02,,24.065,24.75,23.495,,0.0,23.615,107525.0,63.39648271094892,64.60454611217386,66.44348706737183,63.074332470622274,65.30522288488434,51464.0,64.39514845596155,75885.0,67.73208802867845,74368.0,64.36561801726495,63.38114222331433,60.102880015799784,3.4041137387063864,-2.9227986516484616,3.0,2.0
2023-02-03,,21.085,21.1,20.76,,0.0,20.901,43625.0,56.110518108894496,56.6044818107287,56.64475059076953,55.73199157651068,63.39648271094892,107525.0,65.30522288488434,51464.0,64.39514845596155,75885.0,61.604074568242595,62.42159472176994,59.66069045973237,4.390104632299254,-11.492695320770697,4.0,2.0
2023-02-05,,25.245,25.765,24.82,,0.0,25.619,61113.0,68.776391724404,67.77235680871928,69.1683411834681,66.6314080408957,56.110518108894496,43625.0,63.39648271094892,107525.0,65.30522288488434,51464.0,62.76113084808247,63.19245422540871,59.6384467526622,5.01568749717755,22.573082627625453,6.0,2.0
2023-02-06,,23.98,24.12,23.66,,0.0,23.747,59741.0,63.75084797530824,64.37635635860916,64.75219830565692,63.517289051071415,68.776391724404,61113.0,56.110518108894496,43625.0,63.39648271094892,107525.0,62.87925260286892,64.20952855558286,60.20872938047854,4.102134950052227,-7.307076778953114,0.0,2.0
2023-02-08,,24.48,24.63,23.76,,0.0,23.872,71917.0,64.08642114231517,65.71864902663687,66.12133682704518,63.78574758467697,63.75084797530824,59741.0,68.776391724404,61113.0,56.110518108894496,43625.0,65.53788694734247,63.688719000388105,61.151018833434,3.800725784523942,0.5263822798669437,2.0,2.0
2023-03-01,,24.305,24.775,24.095,,0.0,24.236,67213.0,65.06361020463935,65.24884659282718,66.51060170077322,64.68508367225553,64.08642114231517,71917.0,63.75084797530824,59741.0,68.776391724404,61113.0,64.30029310742093,63.7842135359135,61.829451899074286,3.829720349635857,1.524798927613924,2.0,3.0
2023-03-02,,23.515,23.665,22.325,,0.0,22.405,106640.0,60.14813445432186,63.12802417734338,63.53071197775169,59.93336762743743,65.06361020463935,67213.0,64.08642114231517,71917.0,63.75084797530824,59741.0,63.09938860042547,63.04748661726171,62.31747116195008,3.981389697031231,-7.55487704241623,3.0,3.0
2023-03-03,,20.99,21.385,20.91,,0.0,21.238,52553.0,57.015223367145175,56.34944620380343,57.409857411545325,56.134679376919,60.14813445432186,106640.0,65.06361020463935,67213.0,64.08642114231517,71917.0,60.742322675368804,62.135878139575475,62.75851018144489,4.574530486780954,-5.208658781521991,4.0,3.0
2023-03-04,,24.285,24.335,23.725,,0.0,24.021,57723.0,64.48642435738743,65.19515488610607,65.32938415290884,63.69178709791503,57.015223367145175,52553.0,60.14813445432186,106640.0,65.06361020463935,67213.0,60.549927392951496,63.33243617507446,62.8770154484222,3.7584531646111197,13.103870420943608,5.0,3.0
2023-03-05,,25.65,25.91,25.355,,0.0,25.681,49165.0,68.94283601523944,68.85961386982173,69.55760605719614,68.06766119568537,64.48642435738743,57723.0,57.015223367145175,52553.0,60.14813445432186,106640.0,63.481494579924025,63.3562139309081,63.274334078158404,3.7989427874781168,6.910619874276658,6.0,3.0
2023-03-07,,22.995,23.29,22.91,,0.0,23.112,44809.0,62.04613628691304,61.73203980259456,62.52399247673091,61.50385004902985,68.94283601523944,49165.0,64.48642435738743,57723.0,57.015223367145175,52553.0,65.15846555317997,63.11268368970878,63.66110612264582,3.8239860610545713,-10.003504536427709,1.0,3.0
2023-03-08,,23.835,23.94,23.41,,0.0,23.697,58992.0,63.61661870850547,63.98709148488113,64.26897294516694,62.84614271705756,62.04613628691304,44809.0,68.94283601523944,49165.0,64.48642435738743,57723.0,64.868530336886,63.0455690563074,63.367144028347745,3.8081375944434868,2.5311526479750768,2.0,3.0
2023-04-01,,24.175,24.64,23.745,,0.0,23.964,59533.0,64.33340299323227,64.89985049913997,66.14818268040574,63.745478804636136,63.61661870850547,58992.0,62.04613628691304,44809.0,68.94283601523944,49165.0,63.3320526628836,62.9412537403921,63.362733638152804,3.753250280447511,1.1267249018863223,5.0,4.0
2023-04-04,,24.105,25.195,23.97,,0.0,25.101,75518.0,67.3857765203273,64.71192952561609,67.6381275419165,64.3495105052486,64.33340299323227,59533.0,63.61661870850547,58992.0,62.04613628691304,44809.0,65.11193274068836,63.97520260696431,63.51134461211301,3.8511955198011667,4.744616925388101,1.0,4.0
2023-04-05,,25.91,26.36,25.7,,0.0,26.227,70418.0,70.4086196087257,69.55760605719614,70.76566945842107,68.99384313662449,67.3857765203273,75518.0,64.33340299323227,59533.0,63.61661870850547,58992.0,67.37593304076177,65.8885449271901,64.01221153338278,3.0635391583833647,4.485877056690946,2.0,4.0
2023-04-08,,23.71,23.895,23.275,,0.0,23.716,56747.0,63.667625829890525,63.6515183178742,64.14816660504445,62.48372369669008,70.4086196087257,70418.0,67.3857765203273,75518.0,64.33340299323227,59533.0,67.15400731964785,65.77157370897625,64.55200494202536,3.1406580184451447,-9.574103023601632,5.0,4.0
2023-05-01,,23.94,24.06,23.26,,0.0,23.424,58390.0,62.88372691176234,64.26897294516694,64.59112318549359,62.44345491664925,63.667625829890525,56747.0,70.4086196087257,70418.0,67.3857765203273,75518.0,65.65332411679286,64.9059866941938,64.13110031255096,2.9501543767763447,-1.2312362961713674,0.0,5.0
2023-05-04,,25.175,25.295,24.785,,0.0,25.037,62709.0,67.21396305881974,67.5844358351954,67.90658607552206,66.53744755413378,62.88372691176234,58390.0,63.667625829890525,56747.0,70.4086196087257,70418.0,64.58843860015755,65.64424766160904,64.37846567565892,2.7553968509230993,6.886099726775963,3.0,5.0
2023-05-05,,26.33,26.435,25.41,,0.0,25.93,66745.0,69.61129776391725,70.6851318983394,70.96701335862522,68.21531338916843,67.21396305881974,62709.0,62.88372691176234,58390.0,63.667625829890525,56747.0,66.56966257816644,66.50063038381073,64.77309972005905,2.945214723666804,3.5667212525462455,4.0,5.0
2023-05-06,,23.69,23.785,23.32,,0.0,23.635,46347.0,63.450174417670034,63.59782661115309,63.85286221807835,62.60453003681258,69.61129776391725,66745.0,67.21396305881974,62709.0,62.88372691176234,58390.0,66.75847841346902,66.37445487301612,64.65785430670411,3.06981823113471,-8.850752024681851,5.0,5.0
2023-05-07,,23.12,23.535,22.97,,0.0,23.402,80611.0,62.82466603436912,62.06761296960149,63.18171588406449,61.664925169193175,63.450174417670034,46347.0,69.61129776391725,66745.0,67.21396305881974,62709.0,65.2953794053188,65.72286766073638,64.84903513385035,3.2951725268807857,-0.9858261053522277,6.0,5.0
2023-06-01,,23.385,24.055,23.345,,0.0,23.982,54445.0,64.38172552928127,62.77902808365618,64.57770025881331,62.67164467021396,62.82466603436912,80611.0,63.450174417670034,46347.0,69.61129776391725,66745.0,63.55218866044015,64.86188279224432,65.3752138597172,2.5756001948973455,2.4784206478078774,3.0,6.0
2023-06-02,,22.385,22.635,22.17,,0.0,22.237,64941.0,59.69712411786455,60.09444274760075,60.76558908161461,59.51725690034884,64.38172552928127,54445.0,62.82466603436912,80611.0,63.450174417670034,46347.0,62.30117189383832,64.2946682619549,65.03312098546557,3.235188155079023,-7.276290551246767,4.0,6.0
2023-06-03,,21.385,21.395,21.07,,0.0,21.135,56221.0,56.73871107753147,57.409857411545325,57.43670326490588,56.56421303068787,59.69712411786455,64941.0,64.38172552928127,54445.0,62.82466603436912,80611.0,60.27252024155911,63.41680885706478,64.1613977756293,4.330241100455797,-4.955704456536392,5.0,6.0
2023-06-04,,25.09,25.175,24.695,,0.0,25.093,48181.0,67.36429983763885,67.35624608163069,67.5844358351954,66.29583487388878,56.73871107753147,56221.0,59.69712411786455,64941.0,64.38172552928127,54445.0,61.2667116776783,63.438285539753224,64.54126660068114,4.352528081528653,18.727229713744965,6.0,6.0
2023-06-06,,23.665,23.87,23.41,,0.0,23.67,43603.0,63.54413490443199,63.53071197775169,64.08105197164306,62.84614271705756,67.36429983763885,48181.0,56.73871107753147,56221.0,59.69712411786455,64941.0,62.549048606534114,62.57154798839819,64.53608918610446,3.4232900960624213,-5.670904236241158,1.0,6.0
2023-06-07,,23.355,23.47,22.72,,0.0,22.89,59995.0,61.45015834230875,62.69849052357451,63.007217837220885,60.99377883517931,63.54413490443199,43603.0,67.36429983763885,48181.0,56.73871107753147,56221.0,64.11953102812653,62.28583140620372,64.33014313960992,3.42119820797601,-3.2953105196451338,2.0,6.0
2023-07-02,,22.305,22.485,22.065,,0.0,22.177,68426.0,59.536048997701215,59.87967592071632,60.36290128120629,59.23537544006302,61.45015834230875,59995.0,63.54413490443199,43603.0,67.36429983763885,48181.0,61.51011408148065,61.816028972394015,63.7694483165652,3.5579381510329444,-3.114897335080835,6.0,7.0
2023-07-03,,21.14,21.215,20.105,,0.0,20.199,67839.0,54.22593920298359,56.75213400421175,56.95347790441591,53.973588181394376,59.536048997701215,68426.0,61.45015834230875,59995.0,63.54413490443199,43603.0,58.40404884766452,60.36520235435148,62.61354257329791,4.325234523040228,-8.919150471208892,0.0,7.0
2023-07-06,,23.675,24.165,23.48,,0.0,23.529,70593.0,63.16560837204816,63.557557831112256,64.87300464577942,63.03406369058144,54.22593920298359,67839.0,59.536048997701215,68426.0,61.45015834230875,59995.0,58.97586552424432,60.860700104949146,62.57768418345203,4.433268945592844,16.485964651715435,3.0,7.0
2023-07-07,,22.905,23.365,22.8,,0.0,23.289,47682.0,62.52130789139486,61.49042712234958,62.72533637693507,61.20854566206376,63.16560837204816,70593.0,54.22593920298359,67839.0,59.536048997701215,68426.0,59.97095182214221,61.686785364072485,62.551797110568636,4.060237020064512,-1.0200178503123714,4.0,7.0
2023-07-08,,23.72,23.775,23.145,,0.0,23.232,55345.0,62.3682865272397,63.67836417123475,63.8260163647178,62.13472760300288,62.52130789139486,47682.0,63.16560837204816,70593.0,54.22593920298359,67839.0,62.68506759689424,60.97306917687261,62.20567735831291,3.255192918536944,-0.24475074069304492,5.0,7.0
2023-08-02,,22.21,22.56,22.205,,0.0,22.42,54749.0,60.188403234362696,59.624640313791055,60.56424518141045,59.61121738711077,62.3682865272397,55345.0,62.52130789139486,47682.0,63.16560837204816,70593.0,61.69266588433243,60.49367893829128,61.53261346334474,3.0543494201256993,-3.495179063360876,2.0,8.0
2023-08-03,,20.165,20.29,19.955,,0.0,20.151,59234.0,54.09707910685293,54.1346633015577,54.47023646856463,53.57090038098605,60.188403234362696,54749.0,62.3682865272397,55345.0,62.52130789139486,47682.0,58.88458962281845,59.443239047511874,60.864535226857804,3.835187328879681,-10.12042818911686,3.0,8.0
2023-08-05,,25.945,25.99,25.76,,0.0,25.834,33812.0,69.35357757165593,69.65156654395807,69.77237288408057,69.15491825678782,54.09707910685293,59234.0,60.188403234362696,54749.0,62.3682865272397,55345.0,61.21301997095719,60.84574312950541,61.33088605094971,5.3648399038215535,28.202074338742513,5.0,8.0
2023-08-06,,23.525,24.46,23.51,,0.0,24.348,80525.0,65.36428376227755,63.15487003070393,65.66495731991577,63.11460125066311,69.35357757165593,33812.0,54.09707910685293,59234.0,60.188403234362696,54749.0,62.93831348026214,62.43693520940455,61.40106878187802,4.682613282849299,-5.752109622977497,6.0,8.0
2023-08-08,,23.2,23.255,22.72,,0.0,22.807,73338.0,61.22733775941614,62.28237979648593,62.430031989968974,60.99377883517931,65.36428376227755,80525.0,69.35357757165593,33812.0,54.09707910685293,59234.0,65.31506636444988,62.16003940759997,61.51036975627456,4.689645781896581,-6.329061935271896,1.0,8.0
2023-09-01,,24.025,24.285,23.725,,0.0,23.871,47093.0,64.08373655697912,64.49716269873164,65.19515488610607,63.69178709791503,61.22733775941614,73338.0,65.36428376227755,80525.0,69.35357757165593,33812.0,63.55845269289094,62.38324350268344,62.03501443337796,4.7465429645633375,4.665234357872583,4.0,9.0
2023-09-02,,22.365,22.615,21.915,,0.0,22.143,64714.0,59.44477309627534,60.04075104087964,60.711897374893496,58.8326876396547,64.08373655697912,47093.0,61.22733775941614,73338.0,65.36428376227755,80525.0,61.585282470890206,61.96559872683139,61.469333951852,4.874960088611328,-7.238909136609273,5.0,9.0
2023-09-03,,20.125,20.355,20.025,,0.0,20.165,45902.0,54.1346633015577,54.02727988811549,54.64473451540823,53.75882135450994,59.44477309627534,64714.0,64.08373655697912,47093.0,61.22733775941614,73338.0,59.22105765160405,61.10077873643068,60.797228837360976,5.708489959395248,-8.932845594544558,6.0,9.0
2023-09-05,,25.79,25.93,25.57,,0.0,25.898,45094.0,69.52539103316347,69.23545581686949,69.61129776391725,68.64484704293729,54.1346633015577,45902.0,59.44477309627534,64714.0,64.08373655697912,47093.0,61.03494247699884,63.30482329733218,61.37403117242203,5.52929685950117,28.430448797421292,1.0,9.0
2023-09-06,,24.36,24.62,24.28,,0.0,24.41,61691.0,65.530728053113,65.39649878631022,66.09449097368463,65.18173195942579,69.52539103316347,45094.0,54.1346633015577,45902.0,59.44477309627534,64714.0,63.063594129278066,62.75870193754032,61.802222533522865,4.99530156741059,-5.745617422194771,2.0,9.0
2023-09-08,,22.82,22.99,22.68,,0.0,22.731,60561.0,61.02330927387593,61.26223736878487,61.718616875914286,60.8863954217371,65.530728053113,61691.0,69.52539103316347,45094.0,54.1346633015577,45902.0,65.35980945338413,62.13856272491153,62.28774896715804,4.886183736596282,-6.87832855387136,4.0,9.0
2023-10-01,,23.775,23.905,23.55,,0.0,23.665,41000.0,63.53071197775169,63.8260163647178,64.175012458405,63.22198466410532,61.02330927387593,60561.0,65.530728053113,61691.0,69.52539103316347,45094.0,63.36158310158021,62.46761618467376,62.31382779613686,4.8921461615436765,4.108926136113666,6.0,10.0
2023-10-02,,22.015,22.31,21.83,,0.0,22.075,65973.0,59.26222129342357,59.10114617326025,59.893098847396594,58.60449788608999,63.53071197775169,41000.0,61.02330927387593,60561.0,65.530728053113,61691.0,61.272080848350406,61.7788282898801,62.08103589628177,4.965552577481703,-6.718783012888219,0.0,10.0
2023-10-03,,20.145,20.875,19.945,,0.0,20.506,72112.0,55.0501069011526,54.0809715948366,56.04071889015705,53.54405452762551,59.26222129342357,65973.0,63.53071197775169,41000.0,61.02330927387593,60561.0,59.28101339077597,61.15101883343399,61.55830878013269,5.552914239140773,-7.107587768969426,1.0,10.0
2023-10-04,,24.91,25.24,24.775,,0.0,24.912,45594.0,66.87838989181282,66.8730207211407,67.758933882039,66.51060170077322,55.0501069011526,72112.0,59.26222129342357,65973.0,63.53071197775169,41000.0,60.39690602879633,62.97155120347044,62.03616496995056,4.922436842353018,21.486394226080165,2.0,10.0
2023-10-05,,25.84,26.2,25.455,,0.0,25.658,76799.0,68.88109055251017,69.36968508367225,70.3361358046522,68.33611972929091,66.87838989181282,45594.0,55.0501069011526,72112.0,59.26222129342357,65973.0,63.60319578182521,62.87950827766282,63.0921657874975,4.783528026902418,2.9945407835581417,3.0,10.0
2023-10-07,,23.34,23.37,22.94,,0.0,23.345,37091.0,62.67164467021396,62.65822174353369,62.73875930361535,61.58438760911152,68.88109055251017,76799.0,66.87838989181282,45594.0,55.0501069011526,72112.0,66.14370837151232,62.471067794391544,62.61488486596593,4.639312411121299,-9.014732247252333,5.0,10.0
2023-10-08,,22.73,23.06,22.665,,0.0,22.821,71226.0,61.26492195412092,61.02062468853987,61.906537849438166,60.846126641696266,62.67164467021396,37091.0,68.88109055251017,76799.0,66.87838989181282,45594.0,64.2725523922817,62.505583891569394,62.32207330824046,4.627630088490771,-2.2445919897194133,6.0,10.0
2023-11-01,,23.72,24.19,23.34,,0.0,23.481,54958.0,63.0367482759175,63.67836417123475,64.9401192791808,62.65822174353369,61.26492195412092,71226.0,62.67164467021396,37091.0,68.88109055251017,76799.0,62.32443830008413,62.43501764845022,62.451316916561986,4.613136175872747,2.892073090574465,2.0,11.0
2023-11-04,,25.015,25.275,24.97,,0.0,25.186,49488.0,67.613966273892,67.15490218142652,67.85289436880095,67.03409584130402,63.0367482759175,54958.0,61.26492195412092,71226.0,62.67164467021396,37091.0,63.97187883464348,63.62812407423142,62.70347618205576,4.734210666603391,7.261189898215581,5.0,11.0
2023-11-05,,25.545,25.7,24.325,,0.0,24.424,102692.0,65.56831224781777,68.57773240953591,68.99384313662449,65.30253829954829,67.613966273892,49488.0,63.0367482759175,54958.0,61.26492195412092,71226.0,65.40634226587576,65.13072483804073,63.140871835737364,2.8534713348883143,-3.0254903517827336,6.0,11.0
2023-11-07,,23.335,23.595,23.22,,0.0,23.281,34111.0,62.49983120870641,62.64479881685341,63.34279100422781,62.33607150320703,65.56831224781777,102692.0,67.613966273892,49488.0,63.0367482759175,54958.0,65.22736991013873,64.50521645473982,63.73838382910513,2.886238467273424,-4.67982312479529,1.0,11.0
2023-11-08,,22.76,22.91,22.61,,0.0,22.743,48043.0,61.05552429790859,61.10116224862154,61.50385004902985,60.69847444821322,62.49983120870641,34111.0,65.56831224781777,102692.0,67.613966273892,49488.0,63.04122258481093,63.38727841836817,63.133393348015495,2.3799803439318588,-2.3108972982260223,2.0,11.0
2023-12-01,,23.53,24.33,23.5,,0.0,24.004,71331.0,64.44078640667449,63.16829295738422,65.31596122622855,63.08775539730255,61.05552429790859,48043.0,62.49983120870641,34111.0,65.56831224781777,102692.0,62.66538063776318,63.64001295214824,63.05554037326989,2.385248513711762,5.544563162291705,4.0,12.0
2023-12-04,,25.185,25.825,25.175,,0.0,25.458,85287.0,68.34417348529908,67.61128168855595,69.32941630363142,67.5844358351954,64.44078640667449,71331.0,61.05552429790859,48043.0,62.49983120870641,34111.0,64.61349472996073,64.65133459945942,63.5784592455144,2.691503036888748,6.057323779370094,0.0,12.0
2023-12-05,,24.37,24.405,23.91,,0.0,24.154,71249.0,64.8434742070828,65.42334463967077,65.51730512643272,64.18843538508527,68.34417348529908,85287.0,64.44078640667449,71331.0,61.05552429790859,48043.0,65.87614469968547,64.9094383039116,63.672227976180906,2.595792671560841,-5.122161992301044,1.0,12.0
2023-12-06,,24.375,24.395,23.955,,0.0,24.059,54070.0,64.58843860015755,65.43676756635105,65.49045927307216,64.30924172520777,64.8434742070828,71249.0,68.34417348529908,85287.0,64.44078640667449,71331.0,65.92536209751316,64.47722006480667,64.05267206951905,2.3061410259086,-0.39330959675415444,2.0,12.0
2023-12-07,,23.325,24.375,23.31,,0.0,24.31,78832.0,65.26226951950746,62.61795296349285,65.43676756635105,62.57768418345202,64.58843860015755,54070.0,64.8434742070828,71249.0,68.34417348529908,85287.0,64.89806077558262,64.43349967504805,64.7821122565444,2.2848106695962844,1.0432686312814354,3.0,12.0
,,20.19,20.47,19.955,,0.0,20.385,34901.0,54.7252720754899,54.20177793495909,54.9534618290546,53.57090038098605,65.26226951950746,78832.0,64.58843860015755,54070.0,64.8434742070828,71249.0,61.525326731718316,63.322848370302836,63.91403241252133,4.343538187495273,-16.14561908679556,,
,,16.59,17.215,16.57,,0.0,17.156,57775.0,46.05674602536691,44.53727072515955,46.2151365601942,44.48357901843844,54.7252720754899,34901.0,65.26226951950746,78832.0,64.58843860015755,54070.0,55.34809587345476,61.18016575993975,62.283722089153954,7.895545730269415,-15.84007848908513,,
,,13.785,14.205,13.75,,0.0,14.156,47216.0,38.00299001720064,37.00700885752407,38.13453469866735,36.91304837076213,46.05674602536691,57775.0,54.7252720754899,34901.0,65.26226951950746,78832.0,46.26166937268582,57.40333770430062,60.52167532822443,11.552320629405395,-17.486593611564448,,
,,16.805,16.905,16.61,,0.0,16.765,5334.0,45.00707315896925,45.11445657241146,45.38291510601701,44.590962431880655,38.00299001720064,47216.0,46.05674602536691,57775.0,54.7252720754899,34901.0,43.02226973384561,54.06946622911064,59.36040041428503,11.231646254719864,18.430347555806726,,
,,18.13,18.13,17.935,,0.0,17.996,57954.0,48.31179770765348,48.67153214268491,48.67153214268491,48.148038002154095,45.00707315896925,5334.0,38.00299001720064,47216.0,46.05674602536691,57775.0,43.773953627941125,51.70779815776359,58.3086182308376,10.286953159917383,7.342678198628105,,
,,25.655,25.63,25.205,,0.0,25.572,57858.0,68.6502162136094,68.873036796502,68.80592216310062,67.66497339527706,48.31179770765348,57954.0,45.00707315896925,5334.0,38.00299001720064,47216.0,53.98969569341072,52.28805210254244,58.38263608367455,11.207930233959356,42.09824405423426,,
,,23.19,23.315,23.025,,0.0,23.162,50043.0,62.180365553715816,62.25553394312537,62.5911071101323,61.81257736267622,68.6502162136094,57858.0,48.31179770765348,57954.0,45.00707315896925,5334.0,59.71412649165958,51.847780107429344,58.1406398912387,10.660494614866785,-9.424370405130611,,
,,23.92,24.445,23.62,,0.0,24.372,57421.0,65.42871381034288,64.21528123844584,65.62468853987494,63.4099056376292,62.180365553715816,50043.0,68.6502162136094,57858.0,48.31179770765348,57954.0,65.41976519255604,53.37684321240834,58.349845791355584,11.843932588497562,5.224073914169769,,
,,20.39,20.67,20.125,,0.0,20.282,45927.0,54.44875978587618,54.738695002170175,55.490378896265696,54.02727988811549,65.42871381034288,57421.0,62.180365553715816,50043.0,68.6502162136094,57858.0,60.68594638331164,54.57570232105252,57.87793404049613,11.395735862895807,-16.781552601345815,,
,,16.988,16.988,16.988,,0.0,16.988,53604.0,45.60573568890961,45.60573568890961,45.60573568890961,45.60573568890961,54.44875978587618,45927.0,65.42871381034288,57421.0,62.180365553715816,50043.0,55.16106976170957,55.66180884558237,56.5325732749415,9.804122362034484,-16.241001873582462,,
,,14.175,14.185,13.74,,0.0,13.748,48364.0,36.907679200090016,38.053997138585686,38.08084299194624,36.88620251740158,45.60573568890961,53604.0,54.44875978587618,45927.0,65.42871381034288,57421.0,45.65405822495861,54.504752565742486,54.28710939742656,11.58697129900502,-19.07228631975514,,
,,15.59,15.615,15.59,,0.0,15.609,38.0,41.90369251048917,41.85268538910413,41.91980002250551,41.85268538910413,36.907679200090016,48364.0,45.60573568890961,53604.0,54.44875978587618,45927.0,41.47236913316294,53.58930896614758,52.64855356195559,12.383558919371639,13.536514402094868,,
,,17.975,17.985,17.69,,0.0,17.742,81365.0,47.629913032295406,48.25542141559632,48.28226726895687,47.49031459482052,41.90369251048917,38.0,36.907679200090016,48364.0,45.60573568890961,53604.0,42.147094914291536,50.58640851167416,51.437230307108294,10.53309691607617,13.665193157793599,,
,,25.29,25.885,25.525,,0.0,25.802,82618.0,69.26767084090216,67.89316314884178,69.49049142379475,68.5240407028148,47.629913032295406,81365.0,41.90369251048917,38.0,36.907679200090016,48364.0,52.93375879456226,51.598880695557924,51.723330401493634,12.062827244054894,45.42892571299741,,
,,23.115,23.345,22.845,,0.0,22.918,49788.0,61.525326731718295,62.05419004292121,62.67164467021396,61.32935200218625,69.26767084090216,82618.0,47.629913032295406,81365.0,41.90369251048917,38.0,59.474303534971966,51.041253970040124,52.20904859122423,11.388328972317792,-11.177428106348353,,
,,20.255,20.27,19.905,,0.0,20.134,28735.0,54.05144115613999,54.37627598180269,54.416544761843525,53.43667111418329,61.525326731718295,49788.0,69.26767084090216,82618.0,47.629913032295406,81365.0,61.61481290958682,50.98449416579209,52.78009824342231,11.369489874023607,-12.147656863600654,,
,,17.102,17.102,17.102,,0.0,17.102,53604.0,45.91177841721993,45.91177841721993,45.91177841721993,45.91177841721993,54.05144115613999,28735.0,61.525326731718295,49788.0,69.26767084090216,82618.0,53.82951543502608,51.02821455555071,53.345011700566545,11.345923070857983,-15.059104003178703,,
,,13.92,13.995,13.85,,0.0,13.896,2471.0,37.30499782982623,37.36942787789155,37.57077177809571,37.18150690436767,45.91177841721993,53604.0,54.05144115613999,28735.0,61.525326731718295,49788.0,45.75607246772872,51.08497435979874,52.79486346277061,11.264209018152032,-18.746345456671733,,
,,15.69,15.735,15.575,,0.0,15.62,59871.0,41.93322294918578,42.12114392270966,42.24195026283216,41.81241660906329,37.30499782982623,2471.0,45.91177841721993,53604.0,54.05144115613999,28735.0,41.71666639874399,51.08919299389826,52.33925098002292,11.260202201668678,12.406447898675864,,
,,17.8,18.055,17.755,,0.0,17.988,72239.0,48.29032102496504,47.78561898178661,48.470188242480745,47.66481264166412,41.93322294918578,59871.0,37.30499782982623,2471.0,45.91177841721993,53604.0,42.509513934659026,51.18353699285105,50.884972752262605,11.229111590337777,15.16005121638926,,
,,25.61,25.865,24.61,,0.0,24.866,102595.0,66.75489896635428,68.75223045637951,69.43679971707364,66.06764512032407,48.29032102496504,72239.0,41.93322294918578,59871.0,37.30499782982623,2471.0,52.32614764683505,50.82456958220137,51.211725138879636,10.575814358808053,38.236602179230594,,
,,20.21,20.25,19.97,,0.0,20.054,27091.0,53.83667432925554,54.2554696416802,54.362853055122415,53.61116916102689,66.75489896635428,102595.0,48.29032102496504,72239.0,41.93322294918578,59871.0,56.293964773524955,49.72619066756382,50.38372231880197,9.636809757947812,-19.35172524732569,,
,,16.965,17.865,16.89,,0.0,17.75,61985.0,47.65138971498384,45.543990226180334,47.960117028630215,45.342646325976176,53.83667432925554,27091.0,66.75489896635428,102595.0,48.29032102496504,72239.0,56.08098767019789,48.81189760454152,49.89819588516681,9.460039626709921,-11.488979754662388,,
,,17.37,17.45,16.8,,0.0,17.189,169463.0,46.14533734145675,46.63124728728278,46.84601411416722,45.10103364573119,47.65138971498384,61985.0,53.83667432925554,27091.0,66.75489896635428,102595.0,49.21113379523206,48.84526316514678,49.93673886034874,9.448510975678321,-3.160563380281678,,
,,15.62,15.685,15.52,,0.0,15.638,47307.0,41.981545485234776,41.93322294918578,42.107720996029386,41.66476441558024,46.14533734145675,169463.0,47.65138971498384,61985.0,53.83667432925554,27091.0,45.25942418055846,49.5133414016337,50.29915788071622,8.62607244167883,-9.023212519634672,,
,,18.01,18.055,17.875,,0.0,17.939,57366.0,48.15877634349832,48.34938190235825,48.470188242480745,47.98696288199077,41.981545485234776,47307.0,46.14533734145675,169463.0,47.65138971498384,61985.0,45.42855305672996,50.40270617224979,50.74594958307403,8.013474251655095,14.714157820693185,,
,,20.1,20.425,19.96,,0.0,20.304,31289.0,54.5078206632694,53.960165254714106,54.83265548893211,53.584323307666345,48.15877634349832,57366.0,41.981545485234776,47307.0,46.14533734145675,169463.0,48.21604749733418,51.29092040629327,51.23722869957216,8.084573167321448,13.183566531021796,,
,,16.82,17.245,16.805,,0.0,17.148,88094.0,46.03526934267848,45.154725352452296,46.295674120275855,45.11445657241146,54.5078206632694,31289.0,48.15877634349832,57366.0,41.981545485234776,47307.0,49.56728878314875,48.33097331719672,49.57777144969905,4.459450033194163,-15.543735224586264,,
,,17.21,17.31,16.98,,0.0,17.166,100083.0,46.08359187872748,46.20171363351392,46.47017216711946,45.58425900622116,46.03526934267848,88094.0,54.5078206632694,31289.0,48.15877634349832,57366.0,48.87556062822514,47.22339010997843,48.47479038877113,3.774276163733002,0.10496850944716751,,
,,15.625,15.645,15.48,,0.0,15.536,52213.0,41.707717780957125,41.94664587586606,42.00033758258717,41.55738100213802,46.08359187872748,100083.0,46.03526934267848,88094.0,54.5078206632694,31289.0,44.608859667454375,46.37429411940319,47.59309586197235,4.294641485454244,-9.495514388908322,,
,,18.013,18.013,18.013,,0.0,18.013,67.0,48.35743565836643,48.35743565836643,48.35743565836643,48.35743565836643,41.707717780957125,52213.0,46.08359187872748,100083.0,46.03526934267848,88094.0,45.38291510601703,46.690308164676004,47.767785664911386,4.35593556638973,15.943614830072118,,
,,24.45,24.67,23.975,,0.0,24.068,84128.0,64.61259986818204,65.63811146655522,66.2287202404874,64.36293343192888,48.35743565836643,67.0,41.707717780957125,52213.0,46.08359187872748,100083.0,51.55925110250188,49.92331593366846,49.718328667651086,7.524568284902244,33.61461166934991,,
,,17.23,17.36,17.06,,0.0,17.274,57319.0,46.373527095021466,46.25540534023502,46.60440143392223,45.7990258331056,64.61259986818204,84128.0,48.35743565836643,67.0,41.707717780957125,52213.0,53.11452087385666,49.66828032674321,50.0354932494965,7.623941084428783,-28.228352999833806,,
,,16.99,17.14,16.915,,0.0,16.954,89252.0,45.51445978748372,45.61110485958172,46.01379265999003,45.40976095937756,46.373527095021466,57319.0,64.61259986818204,84128.0,48.35743565836643,67.0,52.16686225022909,48.383514487345245,49.83721744681926,7.427713617728857,-1.852495079309957,,
,,15.375,15.385,15.205,,0.0,15.399,30561.0,41.33992958991753,41.275499541852206,41.30234539521276,40.81912003472278,45.51445978748372,89252.0,46.373527095021466,57319.0,64.61259986818204,84128.0,44.40930549080758,47.712751665522255,48.0218624913595,7.873732185012485,-9.171876843222837,,
,,22.995,23.68,22.82,,0.0,23.492,102213.0,63.066278714614114,61.73203980259456,63.57098075779253,61.26223736878487,41.33992958991753,30561.0,45.51445978748372,89252.0,46.373527095021466,57319.0,49.9735560306718,50.138849784934635,48.68111994745654,9.694061049331381,52.55536073771025,,
,,24.09,24.5,23.55,,0.0,23.647,80129.0,63.48238944170269,64.67166074557525,65.77234073335798,63.22198466410532,63.066278714614114,102213.0,41.33992958991753,30561.0,45.51445978748372,89252.0,55.96286591541146,53.24951716504115,49.811905642222165,10.025643957909661,0.6597990805380372,,
,,17.75,17.75,17.75,,0.0,17.75,53604.0,47.65138971498384,47.65138971498384,47.65138971498384,47.65138971498384,63.48238944170269,80129.0,63.066278714614114,102213.0,41.33992958991753,30561.0,58.066685957100226,53.148653458843626,49.91948081175981,10.086431279142323,-24.93762422294582,,
,,13.95,14.185,13.84,,0.0,14.121,45289.0,37.90902953043869,37.44996543797322,38.08084299194624,37.154661051007125,47.65138971498384,53604.0,63.48238944170269,80129.0,63.066278714614114,102213.0,49.680936229041755,49.33385769630887,49.62858681498867,10.077797204144842,-20.445070422535228,,
,,17.075,17.125,16.745,,0.0,17.002,75995.0,45.64331988361438,45.83929461314643,45.9735238799492,44.95338145224814,37.90902953043869,45289.0,47.65138971498384,53604.0,63.48238944170269,80129.0,43.73457970967899,49.22954238039357,49.44891135356839,10.117248631333233,20.402237801855417,,
,,16.96,17.13,16.96,,0.0,17.036,58152.0,45.73459578504027,45.530567299500056,45.98694680662948,45.530567299500056,45.64331988361438,75995.0,37.90902953043869,45289.0,47.65138971498384,53604.0,43.09564839969779,49.260990380044504,48.82225243369487,10.104109802490774,0.19997647335607827,,
,,24.835,25.48,24.04,,0.0,25.32,107669.0,67.97370070892343,66.67167682093654,68.4032343626923,64.53743147877248,45.73459578504027,58152.0,45.64331988361438,75995.0,37.90902953043869,45289.0,53.11720545919271,53.06581482561677,50.38928324556951,11.537213050133456,48.626438131016656,,
,,23.505,24.265,23.43,,0.0,24.231,70644.0,65.05018727795907,63.10117832398283,65.14146317938496,62.89983442377867,67.97370070892343,107669.0,45.73459578504027,58152.0,45.64331988361438,75995.0,59.586161257307616,53.34923033466605,51.74404005980034,11.84410784884867,-4.300947867298577,,
,,23.595,24.075,23.27,,0.0,23.87,64703.0,64.08105197164306,63.34279100422781,64.63139196553442,62.47030077000981,65.05018727795907,70644.0,67.97370070892343,107669.0,45.73459578504027,58152.0,65.70164665284187,53.43475355322896,53.34213535913506,11.931311935574723,-1.4898270810119185,,
,,20.304,20.304,20.304,,0.0,20.304,53604.0,54.5078206632694,54.5078206632694,54.5078206632694,54.5078206632694,64.08105197164306,64703.0,65.05018727795907,70644.0,67.97370070892343,107669.0,61.21301997095719,54.41424368869833,53.78144857377099,11.65565382323592,-14.939254294093018,,
,,18.075,17.956,17.956,,0.0,17.956,53604.0,48.20441429421126,48.523879949201856,48.20441429421126,48.20441429421126,54.5078206632694,53604.0,64.08105197164306,64703.0,65.05018727795907,70644.0,55.597762309707925,55.88501294066584,52.60943531848735,9.713593118525326,-11.564223798266337,,
,,14.035,14.22,13.995,,0.0,14.16,38094.0,38.01372835854485,37.678155191537925,38.174803478708185,37.57077177809571,48.20441429421126,53604.0,54.5078206632694,53604.0,64.08105197164306,64703.0,46.90865443867519,54.795071294227334,52.012306837310454,11.345322634059276,-21.140565827578538,,
,,17.025,17.195,16.84,,0.0,17.032,63722.0,45.72385744369605,45.70506534634365,46.161444853473085,45.20841705917341,38.01372835854485,38094.0,48.20441429421126,53604.0,54.5078206632694,53604.0,43.9806666988174,54.79353724546388,52.02726381275419,11.346752559078588,20.282485875706225,,
,,25.29,25.96,25.67,,0.0,25.766,79320.0,69.17102576880414,67.89316314884178,69.6918353239989,68.91330557654284,45.72385744369605,63722.0,38.01372835854485,38094.0,48.20441429421126,53604.0,50.96953719034837,54.96458368258969,54.01519925410323,11.585072514169774,51.2799436355096,,
,,24.185,24.755,24.125,,0.0,24.716,70806.0,66.35221116594596,64.92669635250053,66.45690999405211,64.7656212323372,69.17102576880414,79320.0,45.72385744369605,63722.0,38.01372835854485,38094.0,60.41569812614873,55.150587095159246,54.24990871491265,11.782755124062898,-4.07513777846773,,
,,24.005,24.225,23.83,,0.0,23.935,55908.0,64.25555001848666,64.44347099201055,65.03407976594275,63.97366855820084,66.35221116594596,70806.0,69.17102576880414,79320.0,45.72385744369605,63722.0,66.59292898441227,55.17551538756548,54.30513447039721,11.804961576024596,-3.1598964233694904,,
,,20.305,20.435,19.655,,0.0,19.87,44905.0,53.34271062742135,54.51050524860546,54.85950134229267,52.76552478016944,64.25555001848666,55908.0,66.35221116594596,70806.0,69.17102576880414,79320.0,61.316823937284674,55.00907109673004,54.71165739271419,11.824142942857737,-16.983496970963017,,
,,18.193,18.193,18.193,,0.0,18.193,53604.0,48.8406610188564,48.8406610188564,48.8406610188564,48.8406610188564,53.34271062742135,44905.0,64.25555001848666,55908.0,66.35221116594596,70806.0,55.47964055492148,55.09996348596506,55.49248821331545,11.765417096322288,-8.439859084046287,,
,,14.175,14.21,13.885,,0.0,14.094,47263.0,37.8365457263652,38.053997138585686,38.14795762534763,37.27546739112962,48.8406610188564,53604.0,53.34271062742135,44905.0,64.25555001848666,55908.0,46.67330579088101,55.07465168136797,54.934861487797654,11.808414470222866,-22.530643654152694,,
,,17.751,17.751,17.751,,0.0,17.751,175.0,47.65407430031991,47.65407430031991,47.65407430031991,47.65407430031991,37.8365457263652,47263.0,48.8406610188564,53604.0,53.34271062742135,44905.0,44.77709368184719,55.35039694659995,55.07196709603191,11.573873461646073,25.947211579395525,,
,,25.91,26.1,25.93,,0.0,25.854,58922.0,69.40726927837703,69.55760605719614,70.06767727104666,69.61129776391725,47.65407430031991,175.0,37.8365457263652,47263.0,48.8406610188564,53604.0,51.632629768354064,55.38414601939608,55.17436485099289,11.621138693120882,45.64813249957744,,
,,24.525,24.64,24.205,,0.0,24.32,59951.0,65.28911537286801,65.83945536675937,66.14818268040574,64.98038805922162,69.40726927837703,58922.0,47.65407430031991,175.0,37.8365457263652,47263.0,60.783486317188334,55.232275191813514,55.191431143486376,11.459738934961749,-5.933317861839549,,
,,19.875,19.94,19.735,,0.0,19.839,17078.0,53.25948848200363,53.356133554101625,53.53063160094523,52.98029160705386,65.28911537286801,59951.0,69.40726927837703,58922.0,47.65407430031991,175.0,62.65195771108291,53.66140925803022,54.41846232279784,10.748277064070558,-18.42516447368422,,
,,18.36,18.36,18.36,,0.0,18.36,53604.0,49.28898676997765,49.28898676997765,49.28898676997765,49.28898676997765,53.25948848200363,17078.0,65.28911537286801,59951.0,69.40726927837703,58922.0,55.94586354161644,53.082305849823975,54.045688473277,10.876746935329932,-7.455012853470455,,
,,14.115,14.36,14.02,,0.0,14.057,43954.0,37.737216068931154,37.89292201842236,38.55064542575594,37.6378864114971,49.28898676997765,53604.0,53.25948848200363,17078.0,65.28911537286801,59951.0,46.76189710697082,51.49609942840608,53.29803145718557,12.313201703885474,-23.436819172113267,,
,,17.045,17.105,16.945,,0.0,16.989,53882.0,45.60842027424567,45.75875705306477,45.91983217322809,45.49029851945922,37.737216068931154,43954.0,49.28898676997765,53604.0,53.25948848200363,17078.0,44.21154103771817,52.60636722096044,53.8405094511642,11.173943750891487,20.85793554812547,,
,,15.28,15.385,15.195,,0.0,15.325,80604.0,41.14127027504944,41.02046393492693,41.30234539521276,40.792274181362224,45.60842027424567,53882.0,37.737216068931154,43954.0,49.28898676997765,53604.0,41.495635539408774,51.6759666459218,53.513181796260874,11.902421601545393,-9.794572958973436,,
,,17.85,17.855,17.795,,0.0,17.828,56750.0,47.86078737119617,47.91984824858939,47.93327117526966,47.77219605510634,41.14127027504944,80604.0,45.60842027424567,53882.0,37.737216068931154,43954.0,44.87015930683044,48.597897802038815,51.99102191071744,8.979985013781151,16.332789559543205,,
,,26.025,26.045,25.05,,0.0,25.556,73295.0,68.60726284823251,69.86633337084251,69.92002507756362,67.24886266818848,47.86078737119617,56750.0,41.14127027504944,80604.0,45.60842027424567,53882.0,52.53644016482605,49.07191886994803,52.15209703088077,10.03365884437421,43.34754319048686,,
,,19.775,20.31,19.645,,0.0,20.01,48293.0,53.71855257446912,53.08767502049608,54.52392817528574,52.73867892680888,68.60726284823251,73295.0,47.86078737119617,56750.0,41.14127027504944,80604.0,56.728867597965944,49.13749945458596,51.39945435630809,10.067035467871882,-21.701361715448407,,
,,18.335,18.415,18.12,,0.0,18.3,30665.0,49.12791164981433,49.22187213657627,49.4366389634607,48.64468628932436,53.71855257446912,48293.0,68.60726284823251,73295.0,47.86078737119617,56750.0,57.15124235750534,49.11448872313406,51.09839728647902,10.066815581663056,-8.545727136431802,,
,,17.12,17.285,17.075,,0.0,17.186,50885.0,46.13728358544858,45.96010095326892,46.40305753371807,45.83929461314643,49.12791164981433,30665.0,53.71855257446912,48293.0,68.60726284823251,73295.0,49.66124926991069,50.31449836835083,50.905298898378454,8.919883323926571,-6.0874316939890765,,
,,16.99,17.09,16.735,,0.0,16.913,86519.0,45.40439178870545,45.61110485958172,45.87956339318726,44.92653559888758,46.13728358544858,50885.0,49.12791164981433,30665.0,53.71855257446912,48293.0,46.889862341322804,50.28535144184508,51.44585933140276,8.938138693888932,-1.5885022692889383,,
,,15.345,15.445,15.275,,0.0,15.38,53973.0,41.28892246853248,41.19496198177055,41.463420515376086,41.00704100824666,45.40439178870545,86519.0,46.13728358544858,50885.0,49.12791164981433,30665.0,44.276865947562186,50.306444612342666,50.99120562913223,8.913102147037879,-9.06403358363389,,
,,17.835,17.91,17.59,,0.0,17.829,67947.0,47.86347195653222,47.87957946854856,48.08092336875271,47.22185606121498,41.28892246853248,53973.0,45.40439178870545,86519.0,46.13728358544858,50885.0,44.852262071256725,50.30682812453353,49.45236296328618,8.912979433832078,15.923276983094926,,
,,24.055,24.295,22.845,,0.0,23.554,88658.0,63.23272300544954,64.57770025881331,65.22200073946662,61.32935200218625,47.86347195653222,67947.0,41.28892246853248,53973.0,45.40439178870545,86519.0,50.795039143504766,49.539036718421684,49.30547779418486,7.126166994728068,32.11060631555331,,
,,20.0,20.285,19.715,,0.0,19.765,41267.0,53.06082916713553,53.69170672110856,54.45681354188435,52.92659990033276,63.23272300544954,88658.0,47.86347195653222,67947.0,41.28892246853248,53973.0,54.71900804303911,49.44507623165974,49.291287843122845,7.065956003611827,-16.086439670544273,,
,,17.25,17.31,17.025,,0.0,17.185,50633.0,46.13459900011253,46.30909704695613,46.47017216711946,45.70506534634365,53.06082916713553,41267.0,63.23272300544954,88658.0,47.86347195653222,67947.0,54.14271705756588,49.017460138845195,49.06597443098962,7.17803458404696,-13.053377181887171,,
,,17.04,17.625,16.985,,0.0,17.489,118268.0,46.95071294227338,45.745334126384485,47.31581654797692,45.59768193290144,46.13459900011253,50633.0,53.06082916713553,41267.0,63.23272300544954,88658.0,48.71538036984049,49.133664332677306,49.72408135051406,7.130060612549729,1.7689845795751946,,
,,15.37,15.405,15.245,,0.0,15.3,46770.0,41.07415564164804,41.26207661517193,41.356037101933865,40.92650344816499,46.95071294227338,118268.0,46.13459900011253,50633.0,53.06082916713553,41267.0,44.71982252801133,48.51505916881196,49.40020530532853,7.674591044740055,-12.51643890445424,,
,,18.05,18.05,18.05,,0.0,18.057,280.0,48.475557413152856,48.45676531580047,48.45676531580047,48.45676531580047,41.07415564164804,46770.0,46.95071294227338,118268.0,46.13459900011253,50633.0,45.50014199902478,49.54172130375773,49.92408295805019,6.997646616616672,18.01960784313725,,
,,24.305,24.36,23.595,,0.0,23.8,70723.0,63.89313099811918,65.24884659282718,65.39649878631022,63.34279100422781,48.475557413152856,280.0,41.07415564164804,46770.0,46.95071294227338,118268.0,51.14761468430671,51.831672595413,51.069250359973275,8.75824991977236,31.804840228166363,,
,,23.565,23.855,23.31,,0.0,23.749,50850.0,63.75621714598035,63.26225344414616,64.04078319160223,62.57768418345202,63.89313099811918,70723.0,48.475557413152856,280.0,41.07415564164804,46770.0,58.70830185241747,51.9064574726317,50.722747095526685,8.873305592096651,-0.2142857142857224,,
,,14.065,14.31,14.025,,0.0,14.254,36178.0,38.26607938013407,37.75869275161959,38.41641615895317,37.65130933817738,63.75621714598035,50850.0,63.89313099811918,70723.0,48.475557413152856,280.0,55.305142508077886,49.792921788774336,49.61899901021703,10.213319911379205,-39.98063076340055,,
,,17.11,17.13,16.78,,0.0,16.98,61928.0,45.58425900622116,45.933255099908365,45.98694680662948,45.04734193901008,38.26607938013407,36178.0,63.75621714598035,50850.0,63.89313099811918,70723.0,49.20218517744521,49.714301789647,49.3658809642461,10.248232943085165,19.124456292970372,,
,,17.555,17.705,17.125,,0.0,17.615,129547.0,47.28897069461636,47.12789557445304,47.530583374861344,45.9735238799492,45.58425900622116,61928.0,38.26607938013407,36178.0,63.75621714598035,50850.0,43.71310302699055,49.762624325696,49.44814432918666,10.233817574307086,3.7396937573616063,,
,,15.32,15.765,15.3,,0.0,15.699,78484.0,42.14530519073416,41.12784734836916,42.32248782291382,41.07415564164804,47.28897069461636,129547.0,45.58425900622116,61928.0,38.26607938013407,36178.0,45.00617829719058,49.91564568985117,49.21535242933156,10.089237556509888,-10.877093386318471,,
,,25.535,25.835,25.205,,0.0,25.484,72512.0,68.41397270403652,68.55088655617536,69.35626215699197,67.66497339527706,42.14530519073416,78484.0,47.28897069461636,129547.0,45.58425900622116,61928.0,52.61608286312903,52.76399073140597,51.15285601758186,12.207095263131102,62.32881075227721,,
,,24.045,24.045,23.635,,0.0,23.896,52467.0,64.15085119038051,64.55085440545277,64.55085440545277,63.450174417670034,68.41397270403652,72512.0,42.14530519073416,78484.0,47.28897069461636,129547.0,58.236709695050415,52.80080790172902,52.31624024857101,12.246580394044106,-6.231360853869095,,
,,23.765,24.065,23.44,,0.0,23.941,55830.0,64.27165753050299,63.79917051135725,64.60454611217386,62.926680277139226,64.15085119038051,52467.0,68.41397270403652,72512.0,42.14530519073416,78484.0,65.61216047497335,52.87444224237511,52.390449857503405,12.324730108409222,0.18831603615665493,,
,,17.9,17.983,17.983,,0.0,17.983,53604.0,48.27689809828476,48.05407751539215,48.27689809828476,48.27689809828476,64.27165753050299,55830.0,64.15085119038051,52467.0,68.41397270403652,72512.0,58.8998022730561,54.30455920211092,52.04874049544264,10.838283524026163,-24.886178522200396,,
,,14.255,14.58,14.22,,0.0,14.564,52989.0,39.09830083431125,38.26876396547012,39.14125419968814,38.174803478708185,48.27689809828476,53604.0,64.27165753050299,55830.0,64.15085119038051,52467.0,50.548952154366354,53.377993748980934,51.546147769313976,11.930264957607925,-19.012400600567204,,
,,17.01,17.05,16.68,,0.0,16.85,52373.0,45.23526291253396,45.664796566302826,45.77217997974504,44.778883405404535,39.09830083431125,52989.0,48.27689809828476,53604.0,64.27165753050299,55830.0,44.20348728171001,53.084606922969165,51.423615624332584,12.128565899443524,15.696237297445759,,
,,17.29,17.53,17.235,,0.0,17.441,78908.0,46.82185284614272,46.41648046039835,47.06078094105165,46.2688282669153,45.23526291253396,52373.0,39.09830083431125,52989.0,48.27689809828476,53604.0,43.71847219766266,53.75268515945611,51.834165424653634,11.540090490620951,3.5074183976261164,,
,,25.395,25.72,25.23,,0.0,25.538,51039.0,68.55894031218352,68.1750446091276,69.0475348433456,67.73208802867845,46.82185284614272,78908.0,45.23526291253396,52373.0,39.09830083431125,52989.0,53.53868535695341,53.77339481776282,53.268692774584395,11.570875565714466,46.42509030445503,,
,,23.85,24.025,23.46,,0.0,23.807,54823.0,63.911923095471565,64.02736026492195,64.49716269873164,62.98037198386034,68.55894031218352,51039.0,46.82185284614272,78908.0,45.23526291253396,52373.0,59.76423875126594,53.73926223277583,53.27003506725242,11.535459590485184,-6.778134544600222,,
,,24.055,24.415,23.69,,0.0,24.02,84214.0,64.48373977205138,64.57770025881331,65.54415097979327,63.59782661115309,63.911923095471565,54823.0,68.55894031218352,51039.0,46.82185284614272,78908.0,65.65153439323551,53.76955969585416,53.32200096911464,11.56796574678559,0.8946948376528097,,
,,19.97,20.09,19.55,,0.0,19.793,35349.0,53.135997556545085,53.61116916102689,53.93331940135355,52.48364331988361,64.48373977205138,84214.0,63.911923095471565,54823.0,68.55894031218352,51039.0,60.51055347468935,54.46371676131993,54.384137981715426,11.326709440161256,-17.59783513738551,,
,,18.08,18.084,18.084,,0.0,18.084,53604.0,48.54804121722636,48.537302875882126,48.54804121722636,48.54804121722636,53.135997556545085,35349.0,64.48373977205138,84214.0,63.911923095471565,54823.0,55.38925951527429,55.81367967316494,54.59583671107294,9.6255605199606,-8.634365684838063,,
,,14.515,14.585,14.36,,0.0,14.459,36968.0,38.81641937402543,38.96675615284454,39.15467712636842,38.55064542575594,48.54804121722636,53604.0,53.135997556545085,35349.0,64.48373977205138,84214.0,46.83348604926564,54.89670202480658,53.99065447388788,11.00777386215857,-20.045343950453454,,
,,16.8,17.26,16.635,,0.0,17.136,62626.0,46.00305431864581,45.10103364573119,46.33594290031669,44.65807706528204,38.81641937402543,36968.0,48.54804121722636,53604.0,53.135997556545085,35349.0,44.45583830329921,54.77973080659274,54.266207983024415,11.111739413824354,18.514420084376514,,
,,18.26,18.375,18.04,,0.0,18.056,66431.0,48.47287282781681,49.02052823637212,49.32925555001849,48.42991946243991,46.00305431864581,62626.0,38.81641937402543,36968.0,48.54804121722636,53604.0,44.43078217349603,51.910292594540344,52.841843706151586,9.426015685328956,5.368814192343607,,
,,25.53,25.34,25.13,,0.0,25.389,94884.0,68.15893709711125,68.53746362949508,68.02739241564454,67.46362949507291,48.47287282781681,66431.0,46.00305431864581,62626.0,38.81641937402543,36968.0,54.211621414524636,52.51700888048888,53.12813555663235,10.412342124685527,40.61253876827644,,
,,23.565,23.625,22.585,,0.0,22.676,79283.0,60.87565708039288,63.26225344414616,63.42332856430948,60.63135981481184,68.15893709711125,94884.0,48.47287282781681,66431.0,46.00305431864581,62626.0,59.16915566844032,52.00156849596624,52.8855640959102,9.792052994628758,-10.685730040568743,,
,,24.025,24.12,23.39,,0.0,23.622,64466.0,63.41527480830131,64.49716269873164,64.75219830565692,62.79245101033646,60.87565708039288,79283.0,68.15893709711125,94884.0,48.47287282781681,66431.0,64.14995632860182,53.47003667478855,53.966876718054245,10.717561772180002,4.171811606985365,,
,,19.665,19.84,19.455,,0.0,19.503,33853.0,52.35746780908901,52.792370633529984,53.26217306733969,52.22860771295834,63.41527480830131,64466.0,60.87565708039288,79283.0,68.15893709711125,94884.0,58.88279989926107,54.01424047362607,54.91396007339551,10.520895461072868,-17.437134874269745,,
,,18.02,18.088,18.088,,0.0,18.088,53604.0,48.558779558570585,48.37622775571881,48.558779558570585,48.558779558570585,52.35746780908901,33853.0,63.41527480830131,64466.0,60.87565708039288,79283.0,54.77717405865365,55.40600621427537,55.15135411954098,8.654138242282885,-7.255294057324502,,
,,14.51,14.54,14.07,,0.0,14.232,42191.0,38.20701850274085,38.95333322616426,39.03387078624592,37.77211567829987,48.558779558570585,53604.0,52.35746780908901,33853.0,63.41527480830131,64466.0,46.374421956800155,54.29228681200324,54.53600880929798,10.39288001390269,-21.31800088456436,,
,,15.755,15.83,15.61,,0.0,15.765,56980.0,42.32248782291382,42.29564196955327,42.496985869757424,41.90637709582523,38.20701850274085,42191.0,48.558779558570585,53604.0,52.35746780908901,33853.0,43.029428628075095,53.41366038273139,52.661976488635865,11.195820260292258,10.771500843170312,,
,,18.095,18.115,17.42,,0.0,17.458,103394.0,46.867490796855655,48.57757165592296,48.63126336264408,46.76547655408556,42.32248782291382,56980.0,38.20701850274085,42191.0,48.558779558570585,53604.0,42.465665707503454,50.37202519698059,51.44451703873473,9.244337784518441,10.738978750396445,,
,,25.33,26.73,26.42,,0.0,25.922,184884.0,69.5898210812288,68.00054656228399,71.75896603276158,70.9267445785844,46.867490796855655,103394.0,42.32248782291382,56980.0,38.20701850274085,42191.0,52.92659990033277,51.616905768528575,51.809237132247404,11.26126094841753,48.48207125673045,,
,,22.79,22.83,22.15,,0.0,22.301,61854.0,59.868937579372094,61.1816998087032,61.289083222145415,59.46356519362772,69.5898210812288,184884.0,46.867490796855655,103394.0,42.32248782291382,56980.0,58.77541648581886,51.11028616439584,52.290161419592195,10.708204501966284,-13.968829565619945,,
,,19.57,19.965,19.45,,0.0,19.552,42280.0,52.48901249055572,52.53733502660472,53.59774623434662,52.21518478627807,59.868937579372094,61854.0,69.5898210812288,184884.0,46.867490796855655,103394.0,60.64925705038555,51.12907826174823,52.57165936768714,10.710873090483897,-12.326801488722483,,
,,18.0,18.05,16.74,,0.0,16.773,72817.0,45.028549841657686,48.3225360489977,48.45676531580047,44.93995852556786,52.48901249055572,42280.0,59.868937579372094,61854.0,69.5898210812288,184884.0,52.462166637195175,50.624759730760665,53.015382972518026,10.932874473185642,-14.213379705400985,,
,,14.25,14.31,14.16,,0.0,14.243,31162.0,38.23654894143746,38.25534103878984,38.41641615895317,38.01372835854485,45.028549841657686,72817.0,52.48901249055572,42280.0,59.868937579372094,61854.0,45.251370424550295,50.62897836486018,52.4606325884317,10.927288549430815,-15.083765575627483,,
,,17.42,17.47,17.085,,0.0,17.127,83769.0,45.97889305062131,46.76547655408556,46.89970582088832,45.86614046650698,38.23654894143746,31162.0,45.028549841657686,72817.0,52.48901249055572,42280.0,43.081330611238826,51.15132196881839,52.28249117577489,10.544741332983742,20.248543144000553,,
,,15.755,15.925,15.725,,0.0,15.839,57130.0,42.52114713778192,42.29564196955327,42.752021476682685,42.2151044094716,45.97889305062131,83769.0,38.23654894143746,31162.0,45.028549841657686,72817.0,42.24552970994691,50.53041573180786,50.451220464394225,10.958858326299929,-7.520289601214458,,
,,17.44,17.575,17.28,,0.0,17.487,57355.0,46.94534377160126,46.81916826080666,47.18158728117415,46.3896346070378,42.52114713778192,57130.0,45.97889305062131,83769.0,38.23654894143746,31162.0,45.1484613200015,47.29549040186106,49.45619808519482,7.034653158347384,10.404697266241559,,
,,26.625,27.14,26.91,,0.0,26.914,181322.0,72.25292973459578,71.47708457247576,72.85964602054432,72.24219139325157,46.94534377160126,57355.0,42.52114713778192,57130.0,45.97889305062131,83769.0,53.906473547992995,49.06463213832159,50.08745915135871,11.103987550163756,53.908617830388316,,
,,19.725,19.73,18.97,,0.0,19.126,43263.0,51.34537913739612,52.95344575369332,52.96686868037359,50.92658382497146,72.25292973459578,181322.0,46.94534377160126,57355.0,42.52114713778192,57130.0,56.847884214531064,48.90125594501308,50.01516710338064,11.053504879285954,-28.936612915211402,,
,,16.94,17.32,16.815,,0.0,17.208,43267.0,46.1963444628418,45.47687559277895,46.49701802048001,45.14130242577202,51.34537913739612,43263.0,72.25292973459578,181322.0,46.94534377160126,57355.0,56.59821777827792,49.06808374803938,49.846421739400014,10.993965721027516,-10.028233817839617,,
,,17.17,17.295,17.08,,0.0,17.152,55076.0,46.0460076840227,46.0943302200717,46.42990338707863,45.8527175398267,46.1963444628418,43267.0,51.34537913739612,43263.0,72.25292973459578,181322.0,47.862577094753554,50.183720711265835,50.406349538063004,10.068945412213594,-0.32543003254300595,,
,,17.14,17.31,17.04,,0.0,17.058,79124.0,45.79365666243349,46.01379265999003,46.47017216711946,45.745334126384485,46.0460076840227,55076.0,46.1963444628418,43267.0,51.34537913739612,43263.0,46.01200293643267,50.15725837009615,50.65429016945727,10.082072829147872,-0.5480410447761153,,
,,15.845,16.12,15.825,,0.0,15.927,79262.0,42.7573906473548,42.53725464979826,43.27551561721349,42.483562943077146,45.79365666243349,79124.0,46.0460076840227,55076.0,46.1963444628418,43267.0,44.865684997937,50.19100744289228,50.360711587350075,10.052603557916743,-6.630320084417862,,
,,17.54,18.04,17.52,,0.0,17.992,91784.0,48.30105936630926,47.0876267944122,48.42991946243991,47.0339350876911,42.7573906473548,79262.0,45.79365666243349,79124.0,46.0460076840227,55076.0,45.61736889203252,50.38468109927914,48.840085750570104,9.99253083078086,12.965404658755574,,
,,23.675,23.92,23.63,,0.0,23.733,55497.0,63.71326378060347,63.557557831112256,64.21528123844584,63.43675149098976,48.30105936630926,91784.0,42.7573906473548,79262.0,45.79365666243349,79124.0,51.59057126475585,49.16472882013738,49.114680479229484,6.929608784025059,31.908626056024893,,
,,19.13,19.465,19.065,,0.0,19.12,30269.0,51.32927162537978,51.35611747874034,52.255453566318906,51.181619431896735,63.71326378060347,55497.0,48.30105936630926,91784.0,42.7573906473548,79262.0,54.44786492409751,49.162427746992186,49.031841846002635,6.928766606003627,-19.43707074537564,,
,,17.13,17.635,17.105,,0.0,17.543,70354.0,47.09568055042037,45.98694680662948,47.34266240133747,45.91983217322809,51.32927162537978,30269.0,63.71326378060347,55497.0,48.30105936630926,91784.0,54.04607198546788,49.29090433093199,49.179494039485675,6.872712836288419,-8.2479079497908,,
,,17.105,17.375,17.065,,0.0,17.241,99361.0,46.284935778931626,45.91983217322809,46.64467021396306,45.81244875978587,47.09568055042037,70354.0,51.32927162537978,30269.0,63.71326378060347,55497.0,48.236629318243935,49.32503691591898,49.7543788135924,6.854480625030223,-1.7214843527332935,,
,,16.105,16.2,16.005,,0.0,16.072,76945.0,43.14665552108284,43.23524683717266,43.49028244409793,42.96678830356712,46.284935778931626,99361.0,47.09568055042037,70354.0,51.32927162537978,30269.0,45.50909061681162,48.94689389572602,49.55207613291109,7.148475746534986,-6.780349167681665,,
,,17.972,17.972,17.972,,0.0,17.972,1.0,48.24736765958815,48.24736765958815,48.24736765958815,48.24736765958815,43.14665552108284,76945.0,46.284935778931626,99361.0,47.09568055042037,70354.0,45.89298631986755,49.731176326045066,49.96109188446867,6.63925104928625,11.821801891488292,,
,,22.475,22.655,22.25,,0.0,22.393,37266.0,60.1159194302892,60.33605542784574,60.81928078833572,59.73202372723327,48.24736765958815,1.0,43.14665552108284,76945.0,46.284935778931626,99361.0,50.50331420365341,51.41901347804221,50.901847288660676,7.641269768322565,24.59937680836859,,
,,23.695,23.865,23.05,,0.0,23.836,65290.0,63.98977607021717,63.611249537833366,64.06762904496279,61.87969199607761,60.1159194302892,37266.0,48.24736765958815,1.0,43.14665552108284,76945.0,57.451021053364855,51.458515233701306,50.311622026919345,7.715769360640356,6.443978028848263,,
,,20.22,20.52,20.125,,0.0,20.395,41582.0,54.75211792885045,54.28231549504075,55.08769109585738,54.02727988811549,63.98977607021717,65290.0,60.1159194302892,37266.0,48.24736765958815,1.0,59.619271143118944,51.94749327705426,50.55496051202322,7.814047170263437,-14.436147004530941,,
,,16.84,17.43,16.835,,0.0,17.294,48520.0,46.42721880174257,45.20841705917341,46.79232240744611,45.19499413249313,54.75211792885045,41582.0,63.98977607021717,65290.0,60.1159194302892,37266.0,55.056370933603404,51.85199874152886,50.57145153623042,7.886967184104596,-15.204707036038245,,
,,17.94,18.015,17.755,,0.0,17.821,58146.0,47.841995273843786,48.16146092883437,48.36280482903853,47.66481264166412,46.42721880174257,48520.0,54.75211792885045,41582.0,63.98977607021717,65290.0,49.67377733481228,52.0744358122306,50.69973636407479,7.7240651883925375,3.047299641494172,,
,,16.515,16.645,16.41,,0.0,16.528,68898.0,44.37082643432411,44.33592682495539,44.6849229186426,44.05404536466957,47.841995273843786,58146.0,46.42721880174257,48520.0,54.75211792885045,41582.0,46.21334683663682,52.249317371265064,50.59810563349554,7.498814904256039,-7.25548510184616,,
,,15.71,15.755,15.605,,0.0,15.624,30.0,41.943961290530005,42.17483562943077,42.29564196955327,41.89295416914495,44.37082643432411,68898.0,47.841995273843786,58146.0,46.42721880174257,48520.0,44.718927666232645,51.3488307471139,50.54000353657948,8.38552303222425,-5.469506292352366,,
,,17.455,17.715,17.44,,0.0,17.619,65730.0,47.29970903596058,46.85943704084749,47.55742922822191,46.81916826080666,41.943961290530005,30.0,44.37082643432411,68898.0,47.841995273843786,58146.0,44.53816558693824,49.5179435479241,50.46847851298315,7.505225804328517,12.768817204301076,,
,,22.03,22.085,21.785,,0.0,21.852,45962.0,58.66355876348321,59.14141495330108,59.28906714678413,58.48369154596749,47.29970903596058,65730.0,41.943961290530005,30.0,44.37082643432411,68898.0,49.302409696657946,48.757055361247815,50.10778529747456,5.889626070942498,24.025200068108287,,
,,20.48,21.49,20.445,,0.0,21.421,71530.0,57.50650248364332,54.98030768241516,57.69173887183114,54.88634719565322,58.66355876348321,45962.0,47.29970903596058,65730.0,41.943961290530005,30.0,54.489923427695715,49.15053886907537,50.54901607306481,6.424619526928583,-1.9723595094270574,,
,,17.81,18.09,17.73,,0.0,17.889,77016.0,48.02454707669554,47.81246483514717,48.564148729242696,47.59769800826273,57.50650248364332,71530.0,58.66355876348321,45962.0,47.29970903596058,65730.0,54.73153610794069,49.37872862264008,50.61536368208447,6.339575534906343,-16.488492600718928,,
,,16.525,16.905,16.325,,0.0,16.878,102811.0,45.31043130194352,44.36277267831594,45.38291510601701,43.82585561110486,48.02454707669554,77016.0,57.50650248364332,71530.0,58.66355876348321,45962.0,50.2804936207608,49.01707662665432,50.54575621944247,6.5117234830416795,-5.65151769243667,,
,,15.555,15.65,15.445,,0.0,15.528,76783.0,41.68624109826868,41.75872490234218,42.01376050926745,41.463420515376086,45.31043130194352,102811.0,48.02454707669554,77016.0,57.50650248364332,71530.0,45.007073158969256,48.63356443578926,50.441440903527166,6.898540833735496,-7.998578030572356,,
,,17.715,17.715,17.715,,0.0,17.715,53604.0,47.55742922822191,47.55742922822191,47.55742922822191,47.55742922822191,41.68624109826868,76783.0,45.31043130194352,102811.0,48.02454707669554,77016.0,44.85136720947804,49.43548842688811,50.392159587001004,6.290798782609687,14.084234930448257,,
,,23.65,24.015,23.605,,0.0,23.897,9286.0,64.15353577571655,63.49044319771086,64.4703168453711,63.36963685758837,47.55742922822191,53604.0,41.68624109826868,76783.0,45.31043130194352,102811.0,51.13240203406906,51.84317796113896,50.68056075453153,8.255558509694753,34.89697996048542,,
,,21.995,22.04,21.585,,0.0,21.873,72485.0,58.719935055540375,59.047454466539136,59.16826080666163,57.94677447875641,64.15353577571655,9286.0,47.55742922822191,53604.0,41.68624109826868,76783.0,56.810300019826286,51.85123171714713,50.304143539197476,8.263344940634655,-8.46968238691047,,
,,17.955,17.99,17.755,,0.0,17.963,69973.0,48.22320639156366,48.2017297088752,48.29569019563714,47.66481264166412,58.719935055540375,72485.0,64.15353577571655,9286.0,47.55742922822191,53604.0,57.0322257409402,50.525046561135746,49.83779271510555,7.943197598070808,-17.875920084121965,,
,,16.83,16.95,16.605,,0.0,16.796,79088.0,45.09029530438696,45.18157120581285,45.5037214461395,44.57753950520038,48.22320639156366,69973.0,58.719935055540375,72485.0,64.15353577571655,9286.0,50.677812250497006,50.10586773652024,49.74229817958015,8.171295040506035,-6.496687635695619,,
,,15.76,15.83,15.735,,0.0,15.743,29695.0,42.2634269455206,42.30906489623354,42.496985869757424,42.24195026283216,45.09029530438696,79088.0,48.22320639156366,69973.0,58.719935055540375,72485.0,45.19230954715709,49.6705813998884,49.34382901327136,8.542069649995556,-6.2693498452012335,,
,,23.935,24.06,23.125,,0.0,23.39,13459.0,62.79245101033646,64.25555001848666,64.59112318549359,62.08103589628177,42.2634269455206,29695.0,45.09029530438696,79088.0,48.22320639156366,69973.0,50.04872442008135,52.6857542444695,50.65965934012939,8.968431900048921,48.57396938321794,,
,,21.865,21.875,21.385,,0.0,21.572,54284.0,57.91187486938769,58.69845837285193,58.72530422621249,57.409857411545325,62.79245101033646,13459.0,42.2634269455206,29695.0,45.09029530438696,79088.0,54.32258427508159,54.16496076463604,51.800224595762074,8.834523947594215,-7.772552372808894,,
,,17.294,17.294,17.294,,0.0,17.294,53604.0,46.42721880174257,46.42721880174257,46.42721880174257,46.42721880174257,57.91187486938769,54284.0,62.79245101033646,13459.0,42.2634269455206,29695.0,55.71051489382225,51.63262976835405,51.73790386474651,7.994842069452427,-19.831262748006672,,
,,15.385,15.74,15.155,,0.0,15.334,84033.0,41.16543154307393,41.30234539521276,42.25537318951243,40.68489076792,46.42721880174257,53604.0,57.91187486938769,54284.0,62.79245101033646,13459.0,48.50150840473474,49.12484355228741,50.488037634717266,8.152856337995773,-11.333410431363477,,
,,17.97,18.14,17.935,,0.0,18.074,69511.0,48.52119536386581,48.24199848891603,48.698377996045465,48.148038002154095,41.16543154307393,84033.0,46.42721880174257,53604.0,57.91187486938769,54284.0,45.37128190289411,49.16741340547343,49.84622998330459,8.148140432300815,17.868788313551608,,
,,16.6,16.69,16.59,,0.0,16.796,3725.0,45.09029530438696,44.56411657852011,44.80572925876509,44.53727072515955,48.52119536386581,69511.0,41.16543154307393,84033.0,46.42721880174257,53604.0,44.925640737108914,49.16741340547343,49.63664057099684,8.148140432300815,-7.070930618568127,,
,,27.355,27.385,27.28,,0.0,27.325,127726.0,73.35629430771456,73.43683186779623,73.5173694278779,73.23548796759208,45.09029530438696,3725.0,48.52119536386581,69511.0,41.16543154307393,84033.0,55.655928325322456,53.60925160007257,51.63991649998047,11.530254402090552,62.687544653488935,,
,,23.45,23.71,23.34,,0.0,23.654,15640.0,63.50118153905509,62.95352613049978,63.6515183178742,62.65822174353369,73.35629430771456,127726.0,45.09029530438696,3725.0,48.52119536386581,69511.0,60.64925705038555,53.71049881846095,53.19812653146522,11.627037233506075,-13.434583714547122,,
,,21.64,21.79,21.4,,0.0,21.71,54574.0,58.28234764576334,58.09442667223946,58.497114472647766,57.45012619158615,63.50118153905509,15640.0,73.35629430771456,127726.0,45.09029530438696,3725.0,65.04660783084434,53.76342350080032,53.964192132718175,11.65016883139768,-8.218483131817035,,
,,21.421,21.421,21.421,,0.0,21.421,53604.0,57.50650248364332,57.50650248364332,57.50650248364332,57.50650248364332,58.28234764576334,54574.0,63.50118153905509,15640.0,73.35629430771456,127726.0,59.76334388948726,55.34617831250042,53.48940404042724,11.232494188202564,-1.3311837862736153,,
,,17.27,17.4,16.26,,0.0,16.378,78581.0,43.9681386339158,46.36278875367724,46.71178484736444,43.65135756426126,57.50650248364332,53604.0,58.28234764576334,54574.0,63.50118153905509,15640.0,53.25232958777416,55.74656503976355,52.435704296025484,10.6790885643961,-23.542318285794305,,
,,15.275,15.415,15.19,,0.0,15.377,51830.0,41.28086871252432,41.00704100824666,41.38288295529442,40.778851254681946,43.9681386339158,78581.0,57.50650248364332,53604.0,58.28234764576334,54574.0,47.58516994336116,54.712232661000485,51.93982303323696,11.788547368721256,-6.111857369642204,,
,,18.17,18.17,17.98,,0.0,18.103,2228.0,48.59904833861142,48.77891555612713,48.77891555612713,48.26884434227659,41.28086871252432,51830.0,43.9681386339158,78581.0,57.50650248364332,53604.0,44.61601856168386,55.213483094461125,52.19044824996728,11.378705802749176,17.727775248748134,,
,,27.31,27.49,27.165,,0.0,27.315,71766.0,73.32944845435402,73.31602552767373,73.79925088816371,72.9267606539457,48.59904833861142,2228.0,41.28086871252432,51830.0,43.9681386339158,78581.0,54.40312183516326,55.209647972552474,54.40944978631252,11.371574016797842,50.88659338231232,,
,,23.675,23.975,23.48,,0.0,23.922,14657.0,64.22065040911795,63.557557831112256,64.36293343192888,63.03406369058144,73.32944845435402,71766.0,48.59904833861142,2228.0,41.28086871252432,51830.0,62.049715734027814,55.312429239704315,54.511464029082624,11.461899652197557,-12.421746293245473,,
,,21.585,21.8,21.155,,0.0,21.715,65470.0,58.295770572443615,57.94677447875641,58.52396032600832,56.79240278425258,64.22065040911795,14657.0,73.32944845435402,71766.0,48.59904833861142,2228.0,65.28195647863855,55.31434680065864,54.53888515072948,11.462480434385203,-9.225817239361266,,
,,21.8,21.98,21.315,,0.0,21.898,93757.0,58.78704968894176,58.52396032600832,59.0071856864983,57.22193643802144,58.295770572443615,65470.0,64.22065040911795,14657.0,73.32944845435402,71766.0,60.43449022350112,55.497282115701275,55.421730214100855,11.513402391397321,0.8427354363343298,,
,,16.48,16.575,16.23,,0.0,16.265,48903.0,43.66478049094154,44.24196633819345,44.49700194511872,43.57082000417959,58.78704968894176,93757.0,58.295770572443615,65470.0,64.22065040911795,14657.0,53.58253358410898,55.45394523813352,55.60025513894853,11.564488794286335,-25.72381039364324,,
,,15.315,15.57,15.225,,0.0,15.432,56285.0,41.42852090600736,41.11442442168888,41.79899368238301,40.87281174144388,43.66478049094154,48903.0,58.78704968894176,93757.0,58.295770572443615,65470.0,47.960117028630236,55.4750384086311,55.09363553481579,11.534424718219052,-5.121426375653271,,
,,18.131,18.131,18.131,,0.0,18.131,53604.0,48.67421672802096,48.67421672802096,48.67421672802096,48.67421672802096,41.42852090600736,56285.0,43.66478049094154,48903.0,58.78704968894176,93757.0,44.589172708323304,55.48577674997531,55.34962992221822,11.526988985175905,17.48963193364439,,
,,27.49,27.17,27.065,,0.0,27.118,21148.0,72.8005851431511,73.79925088816371,72.94018358062598,72.65830212034017,48.67421672802096,53604.0,41.42852090600736,56285.0,43.66478049094154,48903.0,54.30110759239315,55.41022484837489,55.309936410463685,11.391479736745477,49.5670398764547,,
,,23.9,24.165,23.745,,0.0,24.038,17562.0,64.53206230810038,64.16158953172472,64.87300464577942,63.745478804636136,72.8005851431511,21148.0,48.67421672802096,53604.0,41.42852090600736,56285.0,62.0022880597575,55.45471226251524,55.38357075110978,11.432157347633,-11.357769747031487,,
,,21.955,21.96,21.375,,0.0,21.85,54924.0,58.65818959281111,58.94007105309692,58.9534939797772,57.38301155818477,64.53206230810038,17562.0,72.8005851431511,21148.0,48.67421672802096,53604.0,65.33027901468755,55.50648640828202,55.410416604470335,11.447978136453852,-9.10225476329144,,
,,16.445,16.77,16.32,,0.0,16.381,38470.0,43.97619238992396,44.14800585143151,45.020496085649526,43.812432684424586,58.65818959281111,54924.0,64.53206230810038,17562.0,72.8005851431511,21148.0,55.72214809694517,53.39064965127949,54.44396588349038,12.09121891368374,-25.029748283752884,,
,,15.42,15.495,15.29,,0.0,15.373,48449.0,41.27013037118009,41.3963058819747,41.597649782178856,41.047309788287485,43.97619238992396,38470.0,58.65818959281111,54924.0,64.53206230810038,17562.0,47.9681707846384,53.04855677702785,54.25125100758068,12.441065822942264,-6.153470484097435,,
,,15.785,15.98,15.715,,0.0,15.967,111295.0,42.86477406079702,42.376179529634925,42.89967367016573,42.18825855611105,41.27013037118009,48449.0,43.97619238992396,38470.0,58.65818959281111,54924.0,42.70369894063371,53.25373579914066,54.364387103885875,12.227497840349331,3.863917257529459,,
,,18.155,18.45,18.135,,0.0,18.311,91746.0,49.15744208851094,48.7386467760863,49.530599450222645,48.68495506936519,42.86477406079702,111295.0,41.27013037118009,48449.0,43.97619238992396,38470.0,44.43078217349603,53.32276799349637,54.40427237173584,12.198664474362742,14.680278073526654,,
,,27.145,27.74,26.155,,0.0,27.293,27253.0,73.27038757696079,72.8730689472246,74.47039722217757,70.21532946452972,49.15744208851094,91746.0,42.86477406079702,111295.0,41.27013037118009,48449.0,55.097534575422934,53.38988262689776,54.40005373763633,12.324333148028678,49.05248211457591,,
,,21.555,21.9,21.4,,0.0,21.684,57130.0,58.2125484270259,57.86623691867474,58.79241885961387,57.45012619158615,73.27038757696079,27253.0,49.15744208851094,91746.0,42.86477406079702,111295.0,60.21345936416589,52.487094929601405,53.97090359605833,11.58116202609784,-20.55105704759461,,
,,16.345,16.555,16.16,,0.0,16.273,44160.0,43.686257173629976,43.87954731782597,44.44331023839761,43.38289903065571,58.2125484270259,57130.0,73.27038757696079,27253.0,49.15744208851094,91746.0,58.38973105920558,50.34824744114695,52.92736692471449,11.633926959980332,-24.953883047408233,,
,,16.725,16.765,16.46,,0.0,16.513,35343.0,44.33055765428328,44.89968974552704,45.00707315896925,44.188274631472346,43.686257173629976,44160.0,58.2125484270259,57130.0,73.27038757696079,27253.0,48.74312108497974,50.398871050341135,51.89476035081031,11.602306556653547,1.474835617280168,,
,,16.07,16.295,16.035,,0.0,16.281,40827.0,43.70773385631841,43.14128635041072,43.7453180510232,43.04732586364878,44.33055765428328,35343.0,43.686257173629976,44160.0,58.2125484270259,57130.0,43.90818289474391,50.74710011964662,51.897828448337236,11.315694637510436,-1.404953672863829,,
,,18.425,18.44,18.205,,0.0,18.319,96518.0,49.17891877119938,49.46348481682126,49.50375359686209,48.87287604288906,43.70773385631841,40827.0,44.33055765428328,35343.0,43.686257173629976,44160.0,45.73907009393371,51.64912079256124,52.45142829585095,10.823603145897827,12.517658620477867,,
,,21.84,22.01,21.615,,0.0,21.815,23443.0,58.56422910604916,58.63134373945055,59.08772324657997,58.02731203883807,49.17891877119938,96518.0,43.70773385631841,40827.0,44.33055765428328,35343.0,50.48362724452233,52.99294750935241,53.157857751424395,11.044391328249352,19.08401113597906,,
,,18.135,18.145,17.885,,0.0,18.074,45451.0,48.52119536386581,48.68495506936519,48.71180092272574,48.013808735351326,58.56422910604916,23443.0,49.17891877119938,96518.0,43.70773385631841,40827.0,52.0881144137048,49.45734862176742,51.423615624332584,6.496027683220765,-17.14875085950034,,
,,16.485,16.81,16.415,,0.0,16.678,36389.0,44.77351423473242,44.25538926487373,45.12787949909174,44.06746829134985,48.52119536386581,45451.0,58.56422910604916,23443.0,49.17891877119938,96518.0,50.61964623488248,47.537486594296915,50.01229076194916,5.36460535160064,-7.723802146730141,,
,,16.16,16.175,15.85,,0.0,15.906,40574.0,42.70101435529764,43.38289903065571,43.42316781069654,42.55067757647853,44.77351423473242,36389.0,48.52119536386581,45451.0,58.56422910604916,23443.0,45.331907984631975,47.396737620249446,48.872492530698196,5.493856678488944,-4.628852380381321,,
,,18.565,18.565,18.48,,0.0,18.521,11.0,49.72120500908258,49.83932676386902,49.83932676386902,49.611137010304304,42.70101435529764,40574.0,44.77351423473242,36389.0,48.52119536386581,45451.0,45.73191119970423,48.16683009950648,49.28285057492381,5.368816742611365,16.440336979756065,,
,,21.815,22.135,21.71,,0.0,22.027,27845.0,59.133361197292906,58.56422910604916,59.4232964135869,58.28234764576334,49.72120500908258,11.0,42.70101435529764,40574.0,44.77351423473242,36389.0,50.51852685389107,50.37049114821713,50.55879563393187,6.3157682322888915,18.929863398304626,,
,,15.4,15.4,14.975,,0.0,15.221,29459.0,40.86207340009967,41.3426141752536,41.3426141752536,40.20166540743003,59.133361197292906,27845.0,49.72120500908258,11.0,42.70101435529764,40574.0,49.90554653549174,49.18237038091717,50.4157455867392,7.285171203926895,-30.89844282017523,,
,,18.025,18.115,17.975,,0.0,18.022,30298.0,48.38159692639091,48.38965068239908,48.63126336264408,48.25542141559632,40.86207340009967,29459.0,59.133361197292906,27845.0,49.72120500908258,11.0,49.45901050792784,47.72770864096599,50.3603280751592,6.003498929326504,18.40220747651269,,
,,16.51,16.71,16.42,,0.0,16.638,34042.0,44.66613082129021,44.32250389827512,44.8594209654862,44.08089121803013,48.38159692639091,30298.0,40.86207340009967,29459.0,59.133361197292906,27845.0,44.63660038259362,47.176985134883765,48.31716687832559,6.094704795585516,-7.679502829874574,,
,,15.86,16.035,15.855,,0.0,16.012,31274.0,42.98558040091951,42.57752342983908,43.04732586364878,42.564100503158805,44.66613082129021,34042.0,48.38159692639091,30298.0,40.86207340009967,29459.0,45.34443604953356,46.92156601576763,47.22952630503227,6.247760773044366,-3.7624714508955437,,
,,27.59,28.39,27.37,,0.0,28.131,47738.0,75.52007008857525,74.06770942176925,76.2153776906136,73.47710064783706,42.98558040091951,31274.0,44.66613082129021,34042.0,48.38159692639091,30298.0,54.39059377026168,51.610002549093004,49.503370084671225,12.113342554512029,75.68698476142896,,
,,24.095,24.425,23.755,,0.0,24.356,41701.0,65.38576044496601,64.68508367225553,65.57099683315383,63.77232465799669,75.52007008857525,47738.0,42.98558040091951,31274.0,44.66613082129021,34042.0,61.29713697815361,53.84779618279064,51.007313141148565,13.112006673828558,-13.419359425544775,,
,,22.02,22.125,21.58,,0.0,21.816,24798.0,58.56691369138521,59.114569099940525,59.39645056022634,57.933351552076125,65.38576044496601,41701.0,75.52007008857525,47738.0,42.98558040091951,31274.0,66.49091474164219,53.766875110518114,52.06868312936762,13.07564752434194,-10.42864181310562,,
,,16.33,16.635,16.115,,0.0,16.299,18201.0,43.75605639236742,43.839278537785134,44.65807706528204,43.262092690533215,58.56691369138521,24798.0,65.38576044496601,41701.0,75.52007008857525,47738.0,55.902910176239565,54.18030125227064,51.68133581659391,12.63804761480615,-25.288778877887786,,
,,15.225,15.36,15.215,,0.0,15.28,32039.0,41.02046393492693,40.87281174144388,41.23523076181137,40.845965888083335,43.75605639236742,18201.0,58.56691369138521,24798.0,65.38576044496601,41701.0,47.7811446728932,53.12871082491865,50.428209732942314,13.479224349941475,-6.251917295539622,,
,,18.07,18.28,17.995,,0.0,18.185,56609.0,48.81918433616796,48.51045702252158,49.074219943093226,48.30911312231742,41.02046393492693,32039.0,43.75605639236742,18201.0,58.56691369138521,24798.0,44.531901554487455,53.7220041841869,50.449494659535326,13.131575899491912,19.011780104712074,,
,,16.655,16.665,16.525,,0.0,16.549,30525.0,44.42720272638128,44.711768772003154,44.7386146253637,44.36277267831594,48.81918433616796,56609.0,41.02046393492693,32039.0,43.75605639236742,18201.0,44.75561699915875,53.92795023068144,50.424758123224535,12.945110761032199,-8.996425625515524,,
,,28.31,28.47,27.335,,0.0,27.742,60669.0,74.47576639284968,76.00061086372915,76.43014451749802,73.38314016107512,44.42720272638128,30525.0,48.81918433616796,56609.0,41.02046393492693,32039.0,55.90738448513299,53.778763988434925,52.694383268763964,12.657623980726859,67.63550667714058,,
,,24.2,24.66,24.095,,0.0,24.598,36607.0,66.0354300962914,64.96696513254136,66.20187438712685,64.68508367225553,74.47576639284968,60669.0,44.42720272638128,30525.0,48.81918433616796,56609.0,61.64613307184081,53.87157393862427,53.859685060707456,12.758891478457965,-11.33299690000722,,
,,21.655,21.81,21.395,,0.0,21.438,34025.0,57.552140434356254,58.13469545228029,58.55080617936888,57.43670326490588,66.0354300962914,36607.0,74.47576639284968,60669.0,44.42720272638128,30525.0,66.02111230783247,53.726606330477274,53.74674072049769,12.702290578462401,-12.846572892105057,,
,,21.88,22.215,21.55,,0.0,22.089,31290.0,59.29980548812834,58.73872715289277,59.63806324047133,57.85281399199447,57.552140434356254,34025.0,66.0354300962914,36607.0,74.47576639284968,60669.0,60.96245867292535,55.94714191558598,55.06372158392832,12.008485544449607,3.0366638678981372,,
,,16.34,16.505,16.085,,0.0,16.233,21641.0,43.57887376018776,43.866124391145696,44.30908097159484,43.18155513045156,59.29980548812834,31290.0,57.552140434356254,34025.0,66.0354300962914,36607.0,53.47693989422414,56.312629033480384,54.720669929199516,11.506922744009726,-26.510933043596353,,
,,15.335,15.63,15.22,,0.0,15.332,45952.0,41.16006237240182,41.16811612840999,41.96006880254634,40.85938881476361,43.57887376018776,21641.0,59.29980548812834,31290.0,57.552140434356254,34025.0,48.012913873572664,55.218468752942364,54.47023646856463,12.645973550039884,-5.550421979917464,,
,,18.225,18.46,18.21,,0.0,18.406,57550.0,49.4124776954362,48.92656774961018,49.5574453035832,48.88629896956935,41.16006237240182,45952.0,43.57887376018776,21641.0,59.29980548812834,31290.0,44.717137942675286,55.93065089137878,54.92930056103011,12.063937776734464,20.049569527785028,,
,,18.955,18.955,18.595,,0.0,18.96,66356.0,50.89973797161091,50.88631504493063,50.88631504493063,49.91986432395068,49.4124776954362,57550.0,41.16006237240182,45952.0,43.57887376018776,21641.0,47.15742601314966,52.56264683120181,53.17070540981837,8.89958973289719,3.0098880799739325,,
,,27.785,28.15,27.415,,0.0,27.928,61339.0,74.975099265356,74.59120356230007,75.5710772099603,73.59790698795956,50.89973797161091,66356.0,49.4124776954362,57550.0,41.16006237240182,45952.0,58.429104977467716,53.83974242678247,53.85565818270337,11.435336371431612,47.29957805907175,,
,,24.65,25.705,23.88,,0.0,24.71,89079.0,66.33610365392961,66.1750285337663,69.00726606330477,64.10789782500362,74.975099265356,61339.0,50.89973797161091,66356.0,49.4124776954362,57550.0,64.07031363029886,55.09459431529295,54.41060032288511,12.355539106575788,-11.52248639358352,,
,,21.465,21.52,20.835,,0.0,20.936,53148.0,56.20447859565643,57.62462423842976,57.77227643191281,55.93333547671484,66.33610365392961,89079.0,74.975099265356,61339.0,50.89973797161091,66356.0,65.8385605049807,54.65240475922553,55.29977333740576,12.234755143769286,-15.273168757588017,,
,,21.95,22.055,21.71,,0.0,22.001,37959.0,59.06356197855548,58.92664812641664,59.20852958670246,58.28234764576334,56.20447859565643,53148.0,66.33610365392961,89079.0,74.975099265356,61339.0,60.53471474271387,56.8645030761352,56.5885660548078,11.259936108827093,5.086931601069944,,
,,16.295,16.75,16.295,,0.0,16.474,39629.0,44.22585882617712,43.7453180510232,44.966804378928416,43.7453180510232,59.06356197855548,37959.0,56.20447859565643,53148.0,66.33610365392961,89079.0,53.16463313346302,57.30247399810311,56.26047137552274,10.586785064485696,-25.121585382482625,,
,,15.29,15.36,15.06,,0.0,15.199,52464.0,40.80301252270645,41.047309788287485,41.23523076181137,40.42985516099474,44.22585882617712,39629.0,59.06356197855548,37959.0,56.20447859565643,53148.0,48.03081110914636,56.07255040199885,56.00160064668882,12.05453794887999,-7.739468253004722,,
,,15.98,16.06,15.905,,0.0,15.928,33978.0,42.76007523269086,42.89967367016573,43.11444049705017,42.698329769961575,40.80301252270645,52464.0,44.22585882617712,39629.0,59.06356197855548,37959.0,42.5963155271915,54.90974143929599,53.73619413524891,12.992757244411193,4.796368182117239,,
,,18.24,18.315,17.9,,0.0,18.268,109636.0,49.04200491906056,48.966836529651005,49.16818042985516,48.05407751539215,42.76007523269086,33978.0,40.80301252270645,52464.0,44.22585882617712,39629.0,44.20169755815264,51.20501367553951,52.52237805116099,9.562140079774984,14.691109994977403,,
,,28.08,27.9,27.345,,0.0,27.685,107568.0,74.32274502869451,75.3831562364364,74.89993087594644,73.40998601443567,49.04200491906056,109636.0,42.76007523269086,33978.0,40.80301252270645,52464.0,55.37494172681534,52.345962443363064,53.72027837932801,11.867142367185943,51.54915699583968,,
,,24.33,24.55,23.92,,0.0,24.017,65754.0,64.47568601604321,65.31596122622855,65.90657000016076,64.21528123844584,74.32274502869451,107568.0,49.04200491906056,109636.0,42.76007523269086,33978.0,62.61347865459945,53.527563503418314,54.08998413132192,12.698052261236866,-13.249051833122616,,
,,21.905,22.07,21.12,,0.0,21.289,63432.0,57.15213721928401,58.80584178629415,59.248798366743294,56.69844229749064,64.47568601604321,65754.0,74.32274502869451,107568.0,49.04200491906056,109636.0,65.31685608800727,53.254502823522394,55.059502949828804,12.579159404449507,-11.358620976808087,,
,,16.535,16.905,16.52,,0.0,16.624,40071.0,44.62854662658543,44.3896185316765,45.38291510601701,44.34934975163567,57.15213721928401,63432.0,64.47568601604321,65754.0,74.32274502869451,107568.0,55.41878995397091,53.31202965215215,55.30725182512763,12.531819836346555,-21.91272488139415,,
,,15.175,15.26,14.695,,0.0,14.714,69560.0,39.50098863471957,40.73858247464111,40.96677222820583,39.449981513334514,44.62854662658543,40071.0,57.15213721928401,63432.0,64.47568601604321,65754.0,47.093890826863024,53.12602623958259,54.59928832079073,12.756084914123145,-11.489412897016349,,
,,16.5,16.785,16.5,,0.0,16.622,56965.0,44.623177455913314,44.29565804491456,45.06076486569035,44.29565804491456,39.50098863471957,69560.0,44.62854662658543,40071.0,57.15213721928401,63432.0,42.91757090573946,53.39218370004294,54.15096256966947,12.521021208500235,12.9672420823705,,
,,15.94,15.99,15.835,,0.0,15.926,37318.0,42.75470606201874,42.79229025672352,42.92651952352629,42.5104087964377,44.623177455913314,56965.0,39.50098863471957,69560.0,44.62854662658543,40071.0,42.29295738421723,52.49399814903696,51.84950591228824,13.097331450254666,-4.187221754301518,,
,,17.93,17.965,17.915,,0.0,17.914,120846.0,48.09166171009694,48.13461507547382,48.22857556223576,48.094346295432985,42.75470606201874,37318.0,44.623177455913314,56965.0,39.50098863471957,69560.0,45.15651507600969,48.74670053209446,50.546331487728764,8.886612088631193,12.482732638452877,,
,,27.53,26.72,26.545,,0.0,26.44,111818.0,70.98043628530552,73.90663430160593,71.73212017940102,71.26231774559133,48.09166171009694,120846.0,42.75470606201874,37318.0,44.623177455913314,56965.0,53.94226801914042,49.67595057056051,51.601757036989405,10.914247021166554,47.594060511331904,,
,,21.275,21.515,21.025,,0.0,21.352,51850.0,57.3212660954555,57.11455302457922,57.75885350523253,56.44340669056537,70.98043628530552,111818.0,48.09166171009694,120846.0,42.75470606201874,37318.0,58.79778803028601,49.700111838584995,51.477307331053694,10.933725535659525,-19.24357034795764,,
,,16.565,16.7,16.425,,0.0,16.558,27257.0,44.451363994405774,44.47015609175816,44.832575112125646,44.0943141447104,57.3212660954555,51850.0,70.98043628530552,111818.0,48.09166171009694,120846.0,57.584355458388956,49.6748000339879,51.49341484307003,10.947619375575428,-22.452229299363058,,
,,18.42,18.54,18.265,,0.0,18.417,69752.0,49.44200813413281,49.45006189014099,49.77221213046763,49.03395116305239,44.451363994405774,27257.0,57.3212660954555,51850.0,70.98043628530552,111818.0,50.40487940799806,51.094945676761235,52.11048595817191,10.012760842285104,11.227201352820382,,
,,16.61,16.65,16.26,,0.0,16.346,23576.0,43.88223190316202,44.590962431880655,44.69834584532287,43.65135756426126,49.44200813413281,69752.0,44.451363994405774,27257.0,57.3212660954555,51850.0,45.925201343900234,50.989096312082474,52.19064000606271,10.096148651575493,-11.24504533854591,,
,,15.89,15.92,15.645,,0.0,15.672,16847.0,42.07282138666066,42.65806098992075,42.73859855000241,42.00033758258717,43.88223190316202,23576.0,49.44200813413281,69752.0,44.451363994405774,27257.0,45.1323538079852,50.89168421560275,51.69284118231986,10.19167681254198,-4.123332925486379,,
,,18.04,18.05,17.63,,0.0,17.735,116172.0,47.61112093494301,48.42991946243991,48.45676531580047,47.32923947465719,42.07282138666066,16847.0,43.88223190316202,23576.0,49.44200813413281,69752.0,44.52205807492192,50.8230355334379,49.78486803276618,10.215271561278307,13.163603879530395,,
,,20.915,20.945,20.64,,0.0,20.793,64886.0,55.82058289260051,56.14810230359927,56.22863986368094,55.40984133618403,47.61112093494301,116172.0,42.07282138666066,16847.0,43.88223190316202,23576.0,48.50150840473475,48.657342191622895,49.1666463810917,5.943255552924028,17.242740343952654,,
,,21.295,21.43,21.105,,0.0,21.241,36018.0,57.02327712315334,57.16824473130034,57.53066375166782,56.65817351744981,55.82058289260051,64886.0,47.61112093494301,116172.0,42.07282138666066,16847.0,53.48499365023232,48.61477233843688,49.15744208851094,5.871489361376878,2.154571249939874,,
,,18.315,18.51,18.28,,0.0,18.469,61238.0,49.5816065716077,49.16818042985516,49.69167457038597,49.074219943093226,57.02327712315334,36018.0,55.82058289260051,64886.0,47.61112093494301,116172.0,54.14182219578722,49.34766413518001,49.511232084583966,5.578040435788081,-13.050233039875703,,
,,16.44,16.52,16.36,,0.0,16.407,56441.0,44.0459916086614,44.13458292475124,44.34934975163567,43.9198160978668,49.5816065716077,61238.0,57.02327712315334,36018.0,55.82058289260051,64886.0,50.21695843447418,48.576804631541236,49.835875154151225,5.924897619193839,-11.164654285559594,,
,,15.77,15.86,15.605,,0.0,15.634,62988.0,41.97080714389056,42.3359107495941,42.57752342983908,41.89295416914495,44.0459916086614,56441.0,49.5816065716077,61238.0,57.02327712315334,36018.0,45.19946844138658,48.3037439516453,49.6464201318639,6.214294349160401,-4.711403669165593,,
,,17.69,17.795,16.34,,0.0,16.387,709.0,43.99229990194029,47.49031459482052,47.77219605510634,43.866124391145696,41.97080714389056,62988.0,44.0459916086614,56441.0,49.5816065716077,61238.0,43.33636621816411,48.57795516811383,49.734819691858284,5.929341402329653,4.816425738774455,,
,,24.62,24.88,24.155,,0.0,24.366,53160.0,65.41260629832655,66.09449097368463,66.79248316105904,64.84615879241886,43.99229990194029,709.0,41.97080714389056,62988.0,44.0459916086614,56441.0,50.458571114719156,51.12102450574006,50.97203001958898,8.642364987297597,48.691035576981754,,
,,20.74,21.125,20.505,,0.0,21.071,59677.0,56.56689761602393,55.67829986978957,56.711865224170914,55.04742231581655,65.41260629832655,53160.0,43.99229990194029,709.0,41.97080714389056,62988.0,55.32393460543028,51.22764089480054,49.942491543211716,8.714307688727516,-13.52294180415331,,
,,14.755,14.945,14.61,,0.0,14.918,49786.0,40.04864404327487,39.61105663349784,40.12112784734837,39.2217917597698,56.56689761602393,59677.0,65.41260629832655,53160.0,43.99229990194029,709.0,54.00938265254181,48.80269331196075,48.708732825198815,9.18198350776556,-29.20127189027575,,
,,21.33,21.48,21.105,,0.0,21.198,39900.0,56.90783995370296,57.26220521806227,57.664893018470586,56.65817351744981,40.04864404327487,49786.0,56.56689761602393,59677.0,65.41260629832655,53160.0,51.17446053766728,49.84929808083151,49.59848110800575,9.68909999470026,42.09679581713368,,
,,15.565,15.66,15.455,,0.0,15.494,22232.0,41.5949651968428,41.785570755702736,42.040606362628,41.49026636873664,56.90783995370296,39900.0,40.04864404327487,49786.0,56.56689761602393,59677.0,46.183816397940234,49.49915145057171,49.037978041056476,9.97387737170449,-26.90819888668743,,
,,17.05,17.16,16.965,,0.0,16.972,47610.0,45.56278232353272,45.77217997974504,46.067484366711135,45.543990226180334,41.5949651968428,22232.0,56.90783995370296,39900.0,40.04864404327487,49786.0,48.021862491359514,50.01229076194915,49.15801735679724,9.607681208187838,9.5391764554021,,
,,16.535,16.69,16.465,,0.0,16.627,68897.0,44.6366003825936,44.3896185316765,44.80572925876509,44.201697558152624,45.56278232353272,47610.0,41.5949651968428,22232.0,56.90783995370296,39900.0,43.93144930098973,50.10433368775677,49.341144427935305,9.5432671116671,-2.0327598397360425,,
,,15.44,15.55,15.435,,0.0,15.456,44770.0,41.49295095407269,41.44999758869581,41.7453019756619,41.43657466201553,44.6366003825936,68897.0,45.56278232353272,47610.0,41.5949651968428,22232.0,43.8974445533997,46.68724006714909,48.904132286444565,7.124145370618679,-7.04276177301979,,
,,15.825,15.89,14.425,,0.0,14.5,153960.0,38.926487372803706,42.483562943077146,42.65806098992075,38.72514347259955,41.49295095407269,44770.0,44.6366003825936,68897.0,45.56278232353272,47610.0,41.68534623649003,44.16718146097477,47.69741117788765,6.092173463005895,-6.185300207039324,,
,,20.72,22.045,20.645,,0.0,21.923,117304.0,58.85416432234314,55.62460816306846,59.18168373334191,55.42326426286431,38.926487372803706,153960.0,41.49295095407269,44770.0,44.6366003825936,68897.0,46.424534216406535,46.85368435798453,47.828188834972636,7.862479416186768,51.193103448275835,,
,,21.2,21.795,21.14,,0.0,21.413,47965.0,57.48502580095487,56.91320912437507,58.51053739932806,56.75213400421175,58.85416432234314,117304.0,38.926487372803706,153960.0,41.49295095407269,44770.0,51.755225832033936,46.936139479020504,48.392718779926,7.987524435277917,-2.3263239520138645,,
,,15.52,15.85,15.31,,0.0,15.521,56918.0,41.6674490009163,41.66476441558024,42.55067757647853,41.1010014950086,57.48502580095487,47965.0,58.85416432234314,117304.0,38.926487372803706,153960.0,52.668879708071465,46.94649430817386,48.22282287937279,7.97948918278433,-27.51599495633492,,
,,16.985,17.065,16.875,,0.0,16.923,47092.0,45.431237642066,45.59768193290144,45.81244875978587,45.30237754593534,41.6674490009163,56918.0,57.48502580095487,47965.0,58.85416432234314,117304.0,48.19457081464575,46.92770221082147,48.46999648638531,7.983444929105033,9.032923136395832,,
,,16.595,16.67,16.515,,0.0,16.537,58711.0,44.3949877023486,44.55069365183982,44.75203755204399,44.33592682495539,45.431237642066,47092.0,41.6674490009163,56918.0,57.48502580095487,47965.0,43.831224781776996,46.89318611364361,48.4987599007002,7.995514505893146,-2.2809194587248283,,
,,15.185,15.185,15.09,,0.0,15.101,20.0,40.53992315977302,40.76542832800167,40.76542832800167,40.51039272107641,44.3949877023486,58711.0,45.431237642066,47092.0,41.6674490009163,56918.0,43.45538283472923,46.75703928588651,46.72213967651779,8.110088079619178,-8.683558081876974,,
,,26.28,26.29,25.16,,0.0,25.298,50948.0,67.91463983153021,70.55090263153664,70.5777484848972,67.54416705515457,40.53992315977302,20.0,44.3949877023486,58711.0,45.431237642066,47092.0,50.949850231217304,50.89820392284745,47.53269269191111,10.495419458726726,67.52532944838087,,
,,21.92,22.09,21.465,,0.0,22.04,71860.0,59.16826080666163,58.846110566334985,59.302490073464405,57.62462423842976,67.91463983153021,50948.0,40.53992315977302,20.0,44.3949877023486,58711.0,55.87427459932164,50.943074849178664,48.89837960358159,10.535696614135896,-12.878488418056754,,
,,15.375,15.42,15.2,,0.0,15.261,37019.0,40.96945681354188,41.275499541852206,41.3963058819747,40.8056971080425,59.16826080666163,71860.0,67.91463983153021,50948.0,40.53992315977302,20.0,56.01745248391126,48.5837078509768,47.75992366499866,10.674854135698144,-30.75771324863884,,
,,16.89,17.37,16.825,,0.0,16.923,71231.0,45.431237642066,45.342646325976176,46.63124728728278,45.16814827913257,40.96945681354188,37019.0,59.16826080666163,71860.0,67.91463983153021,50948.0,48.522985087423194,49.121391942569616,48.03394312537174,10.35852923578083,10.890505209357194,,
,,16.53,16.58,16.37,,0.0,16.422,68576.0,44.08626038870224,44.37619560499623,44.51042487179899,43.94666195122736,45.431237642066,71231.0,40.96945681354188,37019.0,59.16826080666163,71860.0,43.49565161477006,48.92925233494623,47.92847727288385,10.450451785869188,-2.960468002127259,,
,,15.185,15.39,15.165,,0.0,15.324,55806.0,41.13858568971338,40.76542832800167,41.31576832189304,40.71173662128056,44.08626038870224,68576.0,45.431237642066,71231.0,40.96945681354188,37019.0,43.55202790682723,48.464052047426904,47.67861908053526,10.754004734972145,-6.686152721958349,,
,,26.07,26.39,25.845,,0.0,26.288,47263.0,70.57237931422509,69.987139710965,70.84620701850274,69.38310801035253,41.13858568971338,55806.0,44.08626038870224,68576.0,45.431237642066,71231.0,51.93240846421359,52.75440292663435,49.75572110626043,12.851901599111784,71.54789872096057,,
,,25.26,25.315,24.75,,0.0,25.158,45952.0,67.53879788448246,67.81262558876011,67.96027778224317,66.44348706737183,70.57237931422509,47263.0,41.13858568971338,55806.0,44.08626038870224,68576.0,59.749920962807,52.70071121991324,51.799457571380344,12.77858638465797,-4.298539257455857,,
,,21.795,22.525,21.605,,0.0,21.882,87028.0,58.74409632356488,58.51053739932806,60.470284694648505,58.00046618547752,67.53879788448246,45952.0,70.57237931422509,47263.0,41.13858568971338,55806.0,65.61842450742417,52.640116293756556,51.79159557146762,12.743764642492513,-13.021702838063431,,
,,15.63,15.755,15.49,,0.0,15.617,25648.0,41.92516919317762,41.96006880254634,42.29564196955327,41.58422685549858,58.74409632356488,87028.0,67.53879788448246,45952.0,70.57237931422509,47263.0,56.069354467075016,52.77664663370452,50.68017724234067,12.602225587228963,-28.63083813179784,,
,,15.29,15.675,15.21,,0.0,16.033,45873.0,43.04195669297668,41.047309788287485,42.08087514266883,40.83254296140306,41.92516919317762,25648.0,58.74409632356488,87028.0,67.53879788448246,45952.0,47.90374073657309,52.43532078383463,50.77835636320212,12.863968867509929,2.6637638470897285,,
,,17.345,17.585,17.255,,0.0,17.33,76004.0,46.52386387384056,46.564132653881394,47.2084331345347,46.32251997363641,43.04195669297668,45873.0,41.92516919317762,25648.0,58.74409632356488,87028.0,43.83032991999831,52.783549853140094,50.856401094043164,12.631177294494835,8.08956527162723,,
,,16.385,16.495,16.205,,0.0,16.272,68691.0,43.68357258829391,43.98693073126819,44.28223511823428,43.5037053707782,46.52386387384056,76004.0,43.04195669297668,45873.0,41.92516919317762,25648.0,44.416464385037074,53.147119410080165,50.80558572875354,12.271640444291744,-6.105020196191591,,
,,15.1,15.245,11.77,,0.0,12.816,134597.0,34.405645666886365,40.53723857443696,40.92650344816499,31.597569405372383,43.68357258829391,68691.0,46.52386387384056,76004.0,43.04195669297668,45873.0,41.53769404300697,47.980443174746064,50.36742305069021,11.286424790120765,-21.23893805309732,,
,,26.34,26.405,25.885,,0.0,26.003,46881.0,69.80727249344929,70.71197775169996,70.88647579854357,69.49049142379475,34.405645666886365,134597.0,43.68357258829391,68691.0,46.52386387384056,76004.0,49.298830249543215,48.30451097602704,50.50261109797014,11.954402305116588,102.89481897627964,,
,,25.115,25.25,24.55,,0.0,24.71,43988.0,66.33610365392961,67.42336071503208,67.78577973539956,65.90657000016076,69.80727249344929,46881.0,34.405645666886365,134597.0,43.68357258829391,68691.0,56.84967393808845,49.38908345179344,51.014599872775,13.32519991671416,-4.9725031727108515,,
,,21.925,22.21,21.59,,0.0,21.692,55978.0,58.23402510971434,58.859533493015256,59.624640313791055,57.96019740543669,66.33610365392961,43988.0,69.80727249344929,46881.0,34.405645666886365,134597.0,64.79246708569777,51.71892001129868,52.247783322501604,13.228074469579225,-12.21367867260218,,
,,21.49,21.65,21.125,,0.0,21.275,32333.0,57.11455302457922,57.69173887183114,58.121272525600006,56.711865224170914,58.23402510971434,55978.0,66.33610365392961,43988.0,69.80727249344929,46881.0,60.56156059607442,53.72929091581333,53.082305849823975,12.750318623514657,-1.9223676931587663,,
,,15.625,15.72,15.36,,0.0,15.578,33602.0,41.82047036507145,41.94664587586606,42.20168148279133,41.23523076181137,57.11455302457922,32333.0,58.23402510971434,55978.0,66.33610365392961,43988.0,52.3896828331217,53.05737755741774,52.92046370527892,13.305170079904492,-26.777908343125734,,
,,15.625,16.075,15.565,,0.0,16.033,77457.0,43.04195669297668,41.94664587586606,43.154709277091,41.785570755702736,41.82047036507145,33602.0,57.11455302457922,32333.0,58.23402510971434,55978.0,47.325660027542476,52.965718143801,53.05641877694058,13.382494351995152,2.9207857234561763,,
,,17.34,17.425,17.23,,0.0,17.413,38602.0,46.74668445673316,46.55070972720112,46.77889948076583,46.25540534023502,43.04195669297668,77457.0,41.82047036507145,33602.0,57.11455302457922,32333.0,43.869703838260456,54.728723685207676,51.35458342997688,11.157879879009576,8.607247551924125,,
,,12.55,12.71,12.415,,0.0,12.469,194.0,33.47409455527513,33.69154596749562,34.12107962126449,33.32912694712813,46.74668445673316,38602.0,43.04195669297668,77457.0,41.82047036507145,33602.0,41.08757856832835,49.53826969403995,48.92139033503349,11.422205254195912,-28.392580256130472,,
,,26.005,26.615,25.805,,0.0,26.058,53877.0,69.95492468693233,69.8126416641214,71.4502387191152,69.27572459691032,33.47409455527513,194.0,46.74668445673316,38602.0,43.04195669297668,77457.0,50.0585678996469,50.05524412732604,49.72216378955974,12.353153272315799,108.98227604459056,,
,,25.24,25.75,25.165,,0.0,25.616,38017.0,68.76833796839584,67.758933882039,69.12807240342727,67.55758998183485,69.95492468693233,53877.0,33.47409455527513,194.0,46.74668445673316,38602.0,57.39911907020113,51.560145964280544,51.639532987789615,14.041822594133365,-1.696216133241213,,
,,21.855,22.765,21.785,,0.0,22.462,66889.0,60.30115581847702,58.671612519491376,61.11458517530182,58.48369154596749,68.76833796839584,38017.0,69.95492468693233,53877.0,33.47409455527513,194.0,66.34147282460175,52.01537493483737,52.87233292532535,14.301164708750768,-12.31261711430356,,
,,21.19,21.25,20.625,,0.0,20.862,45342.0,56.00581928078833,56.88636327101452,57.04743839117784,55.3695725561432,60.30115581847702,66889.0,68.76833796839584,38017.0,69.95492468693233,53877.0,61.69177102255376,54.04185335136835,53.54961545439305,13.603805445804184,-7.1231413053156505,,
,,15.53,16.095,15.43,,0.0,15.541,37265.0,41.72114070763741,41.69161026894079,43.208400983812105,41.42315173533525,56.00581928078833,45342.0,60.30115581847702,66889.0,68.76833796839584,38017.0,52.676038602300956,53.85316535346275,53.40944174863187,13.78969510826816,-25.505704151088082,,
,,15.97,16.17,15.755,,0.0,15.811,45523.0,42.44597874837237,42.872827816805184,43.40974488401627,42.29564196955327,41.72114070763741,37265.0,56.00581928078833,45342.0,60.30115581847702,66889.0,46.724312912266065,53.23877882369692,53.983751254452294,14.24730200731607,1.7373399395148148,,
,,15.315,15.425,15.22,,0.0,15.322,42811.0,41.13321651904126,41.11442442168888,41.409728808654975,40.85938881476361,42.44597874837237,45523.0,41.72114070763741,37265.0,56.00581928078833,45342.0,41.766778658350376,54.33293910423493,51.935604399137446,12.684868113694808,-3.0927835051546393,,
,,12.61,12.905,11.64,,0.0,11.772,109368.0,31.602938576044497,33.852621087658946,34.64457376179529,31.24857331168518,41.13321651904126,42811.0,42.44597874837237,45523.0,41.72114070763741,37265.0,38.39404461448607,48.85408394553667,49.45466403643137,13.088906166970514,-23.169299047121783,,
,,26.4,26.74,25.875,,0.0,26.351,75265.0,70.74150819039659,70.8730528718633,71.78581188612213,69.4636455704342,31.602938576044497,109368.0,41.13321651904126,42811.0,42.44597874837237,45523.0,47.82588776182748,49.1359654058225,50.34805568505152,13.600504981865573,123.84471627590897,,
,,25.595,25.64,24.98,,0.0,25.087,36077.0,67.3481923256225,68.71196167633867,68.83276801646117,67.06094169466458,70.74150819039659,75265.0,31.602938576044497,109368.0,41.13321651904126,42811.0,56.56421303068789,50.14268490684328,51.079029920840334,14.774819558524845,-4.796781905810055,,
,,20.835,20.965,20.505,,0.0,20.826,51477.0,55.90917420869034,55.93333547671484,56.28233157040205,55.04742231581655,67.3481923256225,36077.0,70.74150819039659,75265.0,31.602938576044497,109368.0,64.66629157490317,50.12887846797214,52.085365909670244,14.768471359503835,-16.984892573843013,,
,,15.93,16.205,15.795,,0.0,16.114,38709.0,43.25940810519717,42.76544440336296,43.5037053707782,42.40302538299548,55.90917420869034,51477.0,67.3481923256225,36077.0,70.74150819039659,75265.0,55.50559154650336,50.348630953337825,52.10089815340028,14.633340974828823,-22.625564198597903,,
,,16.305,16.345,16.2,,0.0,16.325,62812.0,43.82585561110486,43.77216390438375,43.87954731782597,43.49028244409793,43.25940810519717,38709.0,55.90917420869034,51477.0,67.3481923256225,36077.0,47.66481264166415,50.54575621944246,51.892267521569686,14.51798130028451,1.3094203797939796,,
,,15.345,15.45,15.32,,0.0,15.372,38490.0,41.26744578584403,41.19496198177055,41.47684344205637,41.12784734836916,43.82585561110486,62812.0,43.25940810519717,38709.0,55.90917420869034,51477.0,42.78423650071539,50.56493182898571,52.44893546661033,14.503558489643428,-5.83767228177644,,
,,11.975,12.33,11.76,,0.0,12.134,71565.0,32.57475846769656,32.147909399263746,33.100937193563425,31.57072355201183,41.26744578584403,38490.0,43.82585561110486,62812.0,43.25940810519717,38709.0,39.22268662154852,50.70376324207887,49.77892359380777,14.294949478113285,-21.06427270361696,,
,,26.15,26.4,25.925,,0.0,26.321,51175.0,70.66097063031492,70.20190653784944,70.8730528718633,69.59787483723697,32.57475846769656,71565.0,41.26744578584403,38490.0,43.82585561110486,62812.0,48.167724961285195,50.69225787635291,49.9141116410877,14.2761541331458,116.91940003296524,,
,,20.615,20.73,20.14,,0.0,20.43,45580.0,54.84607841561239,55.34272670278264,55.65145401642901,54.06754866815632,70.66097063031492,51175.0,32.57475846769656,71565.0,41.26744578584403,38490.0,52.693935837874655,48.90624160349432,49.524463255168804,12.519029214264261,-22.381368489039176,,
,,16.125,16.89,16.08,,0.0,16.883,57332.0,45.32385422862379,43.28893854389377,45.342646325976176,43.16813220377127,54.84607841561239,45580.0,70.66097063031492,51175.0,32.57475846769656,71565.0,56.943634424850394,47.394053034913384,48.76146575144276,12.166497641527034,-17.36172295643661,,
,,17.425,17.475,17.365,,0.0,17.438,28681.0,46.81379909013455,46.77889948076583,46.91312874756861,46.617824360602505,45.32385422862379,57332.0,54.84607841561239,45580.0,70.66097063031492,51175.0,48.99457724479027,47.90182317561873,49.125227064478274,12.038677817094074,3.2873304507492707,,
,,16.31,16.34,16.1,,0.0,16.185,64279.0,43.450013664057096,43.78558683106403,43.866124391145696,43.22182391049239,46.81379909013455,28681.0,45.32385422862379,57332.0,54.84607841561239,45580.0,45.19588899427183,47.84813146889763,49.19694384417004,12.060704085634365,-7.185457047826594,,
,,15.285,15.29,15.22,,0.0,15.245,94.0,40.92650344816499,41.03388686160721,41.047309788287485,40.85938881476361,43.450013664057096,64279.0,46.81379909013455,28681.0,45.32385422862379,57332.0,43.73010540078557,47.799425420657755,49.18217862482174,12.092355730596383,-5.807846771702197,,
,,12.08,12.86,12.08,,0.0,12.349,95.0,33.15194431494848,32.42979085954957,34.5237674216728,32.42979085954957,40.92650344816499,94.0,43.450013664057096,64279.0,46.81379909013455,28681.0,39.17615380905688,47.88188054169375,49.292821891886305,11.972614791517275,-18.99639225975729,,
,,22.71,22.855,22.35,,0.0,22.646,63065.0,60.79511952031122,60.966932981818765,61.3561978555468,60.000482260838815,33.15194431494848,95.0,40.92650344816499,94.0,43.450013664057096,64279.0,44.957855761141595,46.47247324026465,48.58236555830878,9.07396295948342,83.38326990039677,,
,,20.32,20.585,20.265,,0.0,20.31,27533.0,54.52392817528574,54.550774028646295,55.26218914270098,54.40312183516325,60.79511952031122,63065.0,33.15194431494848,95.0,40.92650344816499,94.0,49.49033067018184,46.42645177736084,47.66634669042758,9.025100736771059,-10.315287467985513,,
,,15.83,15.925,15.725,,0.0,15.847,33443.0,42.54262382047037,42.496985869757424,42.752021476682685,42.2151044094716,54.52392817528574,27533.0,60.79511952031122,63065.0,33.15194431494848,95.0,52.62055717202247,46.029133147624634,46.711593091269016,9.142191781721781,-21.974396848842925,,
,,17.445,17.62,17.34,,0.0,17.583,55081.0,47.20306396386258,46.83259118748694,47.30239362129664,46.55070972720112,42.54262382047037,33443.0,54.52392817528574,27533.0,60.79511952031122,63065.0,48.089871986539585,46.08474241530007,46.9932827954594,9.148941556523592,10.954754843187974,,
,,16.165,16.665,16.155,,0.0,16.419,107191.0,44.07820663269407,43.39632195733599,44.7386146253637,43.36947610397544,47.20306396386258,55081.0,42.54262382047037,33443.0,54.52392817528574,27533.0,44.6079648056757,46.17448426796249,47.01130786843006,9.1218309993254,-6.620030711482672,,
,,15.485,15.65,15.38,,0.0,15.437,69649.0,41.44194383268764,41.5708039288183,42.01376050926745,41.28892246853248,44.07820663269407,107191.0,47.20306396386258,55081.0,42.54262382047037,33443.0,44.24107147641479,46.248118608608586,47.02377201463317,9.074363952505756,-5.9808758146050245,,
,,25.15,25.52,25.05,,0.0,25.313,33690.0,67.95490861157104,67.51732120179402,68.51061777613452,67.24886266818848,41.44194383268764,69649.0,44.07820663269407,107191.0,47.20306396386258,55081.0,51.158353025650946,51.219970650983235,49.5509255963385,10.171072123422327,63.97616117121201,,
,,22.665,22.785,22.29,,0.0,22.425,43480.0,60.201826161042966,60.846126641696266,61.16827688202292,59.83940714067548,67.95490861157104,33690.0,41.44194383268764,69649.0,44.07820663269407,107191.0,56.53289286843391,51.13521445680205,48.803843848533354,10.080048082605106,-11.409157349978273,,
,,15.855,16.04,15.79,,0.0,15.885,45270.0,42.64463806324047,42.564100503158805,43.06074879032906,42.3896024563152,60.201826161042966,43480.0,67.95490861157104,33690.0,41.44194383268764,69649.0,56.93379094528485,49.43817301222417,47.932312394792504,10.409059157472273,-29.163879598662202,,
,,17.565,17.605,17.46,,0.0,17.578,42471.0,47.18964103718231,47.15474142781359,47.262124841255805,46.87285996752777,42.64463806324047,45270.0,60.201826161042966,43480.0,67.95490861157104,33690.0,50.012035087155276,50.10203261461159,48.06558288111811,10.037541246471172,10.657853320742849,,
,,16.565,16.61,16.33,,0.0,16.387,80385.0,43.99229990194029,44.47015609175816,44.590962431880655,43.839278537785134,47.18964103718231,42471.0,42.64463806324047,45270.0,60.201826161042966,43480.0,44.60885966745439,49.643352034336964,47.86404722481852,10.262922789560427,-6.775514848105601,,
,,15.475,15.55,15.365,,0.0,15.407,52949.0,41.361406272605976,41.54395807545775,41.7453019756619,41.24865368849165,43.99229990194029,80385.0,47.18964103718231,42471.0,42.64463806324047,45270.0,44.18111573724289,49.25523769718153,47.71486098257201,10.555652973602658,-5.980350277659118,,
,,26.34,26.35,25.45,,0.0,25.769,60953.0,69.17907952481231,70.71197775169996,70.73882360506052,68.32269680261064,41.361406272605976,52949.0,43.99229990194029,80385.0,47.18964103718231,42471.0,51.51092856645289,53.21768565319934,49.73290213090396,12.210213032029289,67.25514376582072,,
,,25.41,25.59,24.695,,0.0,24.904,42579.0,66.85691320912437,68.21531338916843,68.6985387496584,66.29583487388878,69.17907952481231,60953.0,41.361406272605976,52949.0,43.99229990194029,80385.0,59.132466335514245,53.06082916713553,52.14039990905938,11.994487440919348,-3.3567464783266554,,
,,22.51,23.24,22.41,,0.0,22.786,55436.0,61.17096146735898,60.43001591460768,62.38976320992814,60.16155738100213,66.85691320912437,42579.0,69.17907952481231,60953.0,41.361406272605976,52949.0,65.7356514004319,53.199277068037816,52.16724576241994,12.095816128821259,-8.50465788628333,,
,,16.755,17.09,16.61,,0.0,16.891,41730.0,45.345330911312224,44.98022730560869,45.87956339318726,44.590962431880655,61.17096146735898,55436.0,66.85691320912437,42579.0,69.17907952481231,60953.0,57.79106852926521,53.58509033204806,51.51163167213611,11.7409164145583,-25.871148951110346,,
,,15.885,15.935,15.235,,0.0,15.272,73670.0,40.99898725223849,42.64463806324047,42.77886733004324,40.89965759480444,45.345330911312224,41730.0,61.17096146735898,55436.0,66.85691320912437,42579.0,49.17175987696992,52.70071121991323,51.40137191726241,12.510848916549698,-9.584986087265401,,
,,17.555,17.71,17.525,,0.0,17.593,51127.0,47.22990981722314,47.12789557445304,47.54400630154163,47.04735801437137,40.99898725223849,73670.0,45.345330911312224,41730.0,61.17096146735898,55436.0,44.52474266025797,53.1632269220965,51.403289478216735,12.191006511343454,15.197747511786265,,
,,16.375,16.675,16.375,,0.0,16.582,96619.0,44.5157940424711,43.96008487790763,44.76546047872426,43.96008487790763,47.22990981722314,51127.0,40.99898725223849,73670.0,45.345330911312224,41730.0,44.24823037064427,53.61385374636295,51.43454572177224,11.731705698514586,-5.746603762860225,,
,,12.615,13.33,12.29,,0.0,13.261,71470.0,35.60028614143103,33.866044014339224,35.78552252961885,32.9935537801212,44.5157940424711,96619.0,47.22990981722314,51127.0,40.99898725223849,73670.0,42.448663333708446,48.81688326302276,51.01728445811106,11.157459352203523,-20.02774092389338,,
,,25.85,25.11,25.055,,0.0,25.227,61646.0,67.72403427267027,69.39653093703281,67.4099377883518,67.26228559486876,35.60028614143103,71470.0,44.5157940424711,96619.0,47.22990981722314,51127.0,49.28003815219082,48.94075770067217,51.00079343390386,11.393445922164304,90.23452228338735,,
,,24.915,25.37,24.78,,0.0,25.189,33179.0,67.62202002990017,66.88644364782098,68.10792997572621,66.5240246274535,67.72403427267027,61646.0,35.60028614143103,71470.0,44.5157940424711,96619.0,56.98211348133384,49.862337495320915,51.53080728167936,12.730083612589471,-0.1506322590874687,,
,,23.1,23.36,22.9,,0.0,23.256,58377.0,62.43271657530503,62.01392126288039,62.71191345025479,61.477004195669295,67.62202002990017,33179.0,67.72403427267027,61646.0,35.60028614143103,71470.0,65.92625695929185,52.30339259017704,52.94424146111255,13.343100617939719,-7.673984675850565,,
,,19.97,20.315,19.92,,0.0,20.067,41579.0,53.871573938624266,53.61116916102689,54.53735110196602,53.47693989422413,62.43271657530503,58377.0,67.62202002990017,33179.0,67.72403427267027,61646.0,61.308770181276515,54.142333545374996,53.42152238264412,12.377585187500932,-13.712590299277617,,
,,16.995,17.04,16.805,,0.0,16.983,33609.0,45.59231276222933,45.62452778626199,45.745334126384485,45.11445657241146,53.871573938624266,41579.0,62.43271657530503,58377.0,67.62202002990017,33179.0,53.96553442538623,53.908391108947306,53.535809015521906,12.544360224106214,-15.368515473164901,,
,,15.275,15.335,15.105,,0.0,15.199,39492.0,40.80301252270645,41.00704100824666,41.16811612840999,40.55066150111723,45.59231276222933,33609.0,53.871573938624266,41579.0,62.43271657530503,58377.0,46.75563307452004,53.377993748980934,53.49592374767194,13.07495480751996,-10.504622269328134,,
,,17.595,17.8,17.54,,0.0,17.748,41994.0,47.64602054431174,47.23527898789525,47.78561898178661,47.0876267944122,40.80301252270645,39492.0,45.59231276222933,33609.0,53.871573938624266,41579.0,44.6804486097492,55.09881294939247,51.95784810620762,10.968187006885797,16.770840186854397,,
,,13.36,14.075,13.36,,0.0,14.229,176.0,38.198964746732685,35.86606008970051,37.78553860498015,35.86606008970051,47.64602054431174,41994.0,40.80301252270645,39492.0,45.59231276222933,33609.0,42.21599927125032,50.88094587425853,49.91085178746535,10.980912184899216,-19.82758620689655,,
,,25.12,25.43,25.02,,0.0,25.231,42488.0,67.7347726140145,67.43678364171235,68.26900509588954,67.1683251081068,38.198964746732685,176.0,47.64602054431174,41994.0,40.80301252270645,39492.0,51.19325263501967,50.897053386274855,50.37969544079789,11.00960709411123,77.32096422798509,,
,,25.285,26.16,25.17,,0.0,25.92,57625.0,69.5844519105567,67.8797402221615,70.22875239121,67.57101290851513,67.7347726140145,42488.0,38.198964746732685,176.0,47.64602054431174,41994.0,58.50606309043466,51.918729862739376,52.11106122645821,12.490725017900852,2.7307677063929336,,
,,23.24,23.705,23.125,,0.0,23.339,62860.0,62.655537158197625,62.38976320992814,63.63809539119392,62.08103589628177,69.5844519105567,57625.0,67.7347726140145,42488.0,38.198964746732685,176.0,66.6582538942563,53.17358175124986,53.65795764831243,13.143769924171204,-9.957561728395081,,
,,19.95,20.215,19.905,,0.0,19.979,34895.0,53.63533042905139,53.55747745430579,54.26889256836048,53.43667111418329,62.655537158197625,62860.0,69.5844519105567,57625.0,67.7347726140145,42488.0,61.95843983260193,54.32258427508158,54.11548769201445,12.7151369875728,-14.396503706242758,,
,,16.935,17.14,16.84,,0.0,17.0,28645.0,45.63795071294227,45.46345266609867,46.01379265999003,45.20841705917341,53.63533042905139,34895.0,62.655537158197625,62860.0,69.5844519105567,57625.0,53.97627276673046,55.01328973082956,54.19564173990524,11.967684078601485,-14.91065618899845,,
,,15.405,15.59,15.385,,0.0,15.567,48347.0,41.79093992637484,41.356037101933865,41.85268538910413,41.30234539521276,45.63795071294227,28645.0,53.63533042905139,34895.0,62.655537158197625,62860.0,47.021407022789525,54.17684964255285,54.63783129597266,12.74760911025464,-8.429411764705886,,
,,14.415,14.93,14.205,,0.0,14.873,73082.0,39.92783770315237,38.69829761923899,40.080859067307536,38.13453469866735,41.79093992637484,48347.0,45.63795071294227,28645.0,53.63533042905139,34895.0,42.45224278082319,54.423831493469955,52.65238868386424,12.398412286991997,-4.458148647780568,,
,,25.17,25.24,24.925,,0.0,25.047,84471.0,67.2408089121803,67.57101290851513,67.758933882039,66.91328950118154,39.92783770315237,73082.0,41.79093992637484,48347.0,45.63795071294227,28645.0,49.653195513902524,54.35326525035078,52.62515931831282,12.311124122136155,68.40583607880053,,
,,25.85,26.035,25.47,,0.0,25.615,36567.0,68.76565338305979,69.39653093703281,69.89317922420307,68.37638850933175,67.2408089121803,84471.0,39.92783770315237,73082.0,41.79093992637484,48347.0,58.64476666613084,54.23629403213694,53.07751194743816,12.145059157619338,2.267736655088437,,
,,20.03,20.145,19.68,,0.0,19.78,36942.0,53.10109794717636,53.77224428119023,54.0809715948366,52.83263941357082,68.76565338305979,36567.0,67.2408089121803,84471.0,39.92783770315237,73082.0,63.03585341413884,52.87137414484818,53.02247794804902,11.564159739593519,-22.779621315635367,,
,,16.97,17.405,16.91,,0.0,17.14,43164.0,46.01379265999003,45.557413152860605,46.725207774044726,45.39633803269728,53.10109794717636,36942.0,68.76565338305979,36567.0,67.2408089121803,84471.0,55.960181330075415,51.78258303498228,53.05258365503193,11.835844392830952,-13.34681496461072,,
,,16.56,16.795,16.525,,0.0,16.684,79681.0,44.78962174674876,44.456733165077885,45.08761071905092,44.36277267831594,46.01379265999003,43164.0,53.10109794717636,36942.0,68.76565338305979,36567.0,47.9681707846384,51.66139318266892,53.33734145674924,11.913336135688406,-2.660443407234536,,
,,15.545,15.56,15.39,,0.0,15.429,51552.0,41.4204671499992,41.731879048981625,41.77214782902246,41.31576832189304,44.78962174674876,79681.0,46.01379265999003,43164.0,53.10109794717636,36942.0,44.07462718557935,51.60846850032955,52.892659071441194,11.965203568816507,-7.522176935986568,,
,,14.77,14.98,14.4,,0.0,14.676,49336.0,39.39897439194946,39.65132541353867,40.21508833411031,38.65802883919817,41.4204671499992,51552.0,44.78962174674876,79681.0,46.01379265999003,43164.0,41.86968776289916,51.53291659872912,52.978374046099546,12.05260160430845,-4.880419988333662,,
,,25.15,25.335,24.92,,0.0,25.114,41109.0,67.42067612969602,67.51732120179402,68.01396948896426,66.89986657450126,39.39897439194946,49336.0,41.4204671499992,51552.0,44.78962174674876,79681.0,49.41337255721492,51.55861191551709,52.95593858293393,12.091799099877493,71.12292177705098,,
,,19.755,19.87,19.575,,0.0,19.708,32505.0,52.90780780298037,53.033983313774975,53.34271062742135,52.550757953285,67.42067612969602,41109.0,39.39897439194946,49336.0,41.4204671499992,51552.0,53.242486108208645,49.29320540407718,51.764749718107055,9.54885001517006,-21.52584215975154,,
,,17.085,17.195,16.855,,0.0,17.069,38372.0,45.823187101130095,45.86614046650698,46.161444853473085,45.24868583921423,52.90780780298037,32505.0,67.42067612969602,41109.0,39.39897439194946,49336.0,55.383890344602186,48.253503854642,50.56243899974509,9.460949088164027,-13.390501319261217,,
,,17.805,18.15,17.78,,0.0,18.108,58605.0,48.61247126529169,47.79904190846689,48.725223849406014,47.73192727506551,45.823187101130095,38372.0,52.90780780298037,32505.0,67.42067612969602,41109.0,49.11448872313408,48.62474365539937,50.203663345190826,9.409261079133554,6.087058409983026,,
,,16.515,16.56,16.505,,0.0,16.541,5463.0,44.40572604369284,44.33592682495539,44.456733165077885,44.30908097159484,48.61247126529169,58605.0,45.823187101130095,38372.0,52.90780780298037,32505.0,46.28046147003823,48.569901412105665,50.1156472973873,9.436419343726348,-8.653633753037326,,
,,15.425,15.475,15.255,,0.0,15.298,56770.0,41.06878647097594,41.409728808654975,41.54395807545775,40.95334930152555,44.40572604369284,5463.0,48.61247126529169,58605.0,45.823187101130095,38372.0,44.69566125998685,48.51966131510234,50.06406490771594,9.481655154422723,-7.514660540475193,,
,,14.335,14.45,14.335,,0.0,14.498,80.0,38.92111820213159,38.48353079235456,38.792258106000936,38.48353079235456,41.06878647097594,56770.0,44.40572604369284,5463.0,48.61247126529169,58605.0,41.46521023893347,48.45139614512836,49.99215637192874,9.559665142424457,-5.229441757092445,,
,,23.485,23.485,23.0,,0.0,23.145,45551.0,62.13472760300288,63.04748661726172,63.04748661726172,61.74546272927484,38.92111820213159,80.0,41.06878647097594,56770.0,44.40572604369284,5463.0,47.37487742537016,47.696260641315064,49.62743627841606,7.87116631617168,59.64270933921922,,
,,19.725,19.92,19.62,,0.0,19.79,36960.0,53.12794380053691,52.95344575369332,53.47693989422413,52.67156429340749,62.13472760300288,45551.0,38.92111820213159,80.0,41.06878647097594,56770.0,51.39459653522382,47.72770864096599,48.51045702252158,7.895859572672167,-14.495571397710105,,
,,15.19,15.375,15.14,,0.0,15.19,27006.0,40.778851254681946,40.778851254681946,41.275499541852206,40.64462198787918,53.12794380053691,36960.0,62.13472760300288,45551.0,38.92111820213159,80.0,52.01384088607394,47.007089234330536,47.63029654448627,8.317571367520983,-23.244062657908028,,
,,18.12,18.26,18.025,,0.0,18.252,68603.0,48.999051553683664,48.64468628932436,49.02052823637212,48.38965068239908,40.778851254681946,27006.0,53.12794380053691,36960.0,62.13472760300288,45551.0,47.635282202967524,47.06231498981511,47.843529322607246,8.331279152994627,20.157998683344292,,
,,16.515,16.56,16.22,,0.0,16.253,91352.0,43.63256546690887,44.33592682495539,44.456733165077885,43.54397415081903,48.999051553683664,68603.0,40.778851254681946,27006.0,53.12794380053691,36960.0,44.470156091758184,46.95186347884597,47.760882445475815,8.37736627425376,-10.952224413762856,,
,,15.285,15.315,14.955,,0.0,14.973,80243.0,40.19629623675792,41.03388686160721,41.11442442168888,40.14797370070893,43.63256546690887,91352.0,48.999051553683664,68603.0,40.778851254681946,27006.0,44.27597108578351,46.82722201681482,47.673441665958585,8.485280778908352,-7.8754691441580205,,
,,25.725,25.795,24.94,,0.0,25.196,44479.0,67.64081212725256,69.06095777002588,69.24887874354977,66.95355828122237,40.19629623675792,80243.0,43.63256546690887,91352.0,48.999051553683664,68603.0,50.48989127697314,50.93003543468925,49.6907157899088,10.683846447987138,68.27623054832033,,
,,23.21,23.515,22.96,,0.0,23.42,40347.0,62.87298857041812,62.30922564984648,63.12802417734338,61.63807931583263,67.64081212725256,44479.0,40.19629623675792,80243.0,43.63256546690887,91352.0,56.90336564480956,51.035501287177134,49.3658809642461,10.815718432280745,-7.048737894903945,,
,,15.23,15.375,15.06,,0.0,15.233,46584.0,40.894288424132334,40.88623466812416,41.275499541852206,40.42985516099474,62.87298857041812,40347.0,67.64081212725256,44479.0,40.19629623675792,80243.0,57.1360297072677,49.28783623340506,48.50777243718552,11.394180838765164,-34.957301451750645,,
,,18.205,18.275,18.055,,0.0,18.252,55133.0,48.999051553683664,48.87287604288906,49.06079701641294,48.470188242480745,40.894288424132334,46584.0,62.87298857041812,40347.0,67.64081212725256,44479.0,50.92210951607807,50.46215056183388,48.73461989808221,10.777999305284931,19.818814416070364,,
,,16.28,16.34,16.195,,0.0,16.268,73493.0,43.672834246949705,43.70504927098237,43.866124391145696,43.47685951741765,48.999051553683664,55133.0,40.894288424132334,46584.0,62.87298857041812,40347.0,44.52205807492192,49.701262375157604,48.38178868248635,11.08221635200492,-10.870041639272387,,
,,14.99,15.18,14.95,,0.0,15.11,67744.0,40.56408442779751,40.24193418747086,40.75200540132139,40.13455077402865,43.672834246949705,73493.0,48.999051553683664,55133.0,40.894288424132334,46584.0,44.41199007614366,49.26290794099883,48.107385709922404,11.417873211503242,-7.118268994344746,,
,,25.105,25.15,24.48,,0.0,24.771,51320.0,66.49986335942901,67.39651486167152,67.51732120179402,65.71864902663687,40.56408442779751,67744.0,43.672834246949705,73493.0,48.999051553683664,55133.0,50.24559401139211,53.0205603870947,49.92389120195477,12.23571611448566,63.93778954334881,,
,,25.01,25.135,24.045,,0.0,24.736,72368.0,66.40590287266707,67.14147925474624,67.47705242175319,64.55085440545277,66.49986335942901,51320.0,40.56408442779751,67744.0,43.672834246949705,73493.0,57.8232835532979,52.84414477929678,51.887090106993014,11.996348529514172,-0.1412942553792762,,
,,23.47,23.555,23.205,,0.0,23.466,38757.0,62.99647949587667,63.007217837220885,63.2354075907856,62.2958027231662,66.40590287266707,72368.0,66.49986335942901,51320.0,40.56408442779751,67744.0,65.30074857599095,52.86178634007657,51.94864381362686,12.013633103600496,-5.1342173350582225,,
,,16.735,16.99,16.625,,0.0,16.674,30764.0,44.7627758933882,44.92653559888758,45.61110485958172,44.63123121192149,62.99647949587667,38757.0,66.40590287266707,72368.0,66.49986335942901,51320.0,58.05505275397734,53.41442740711312,51.351131820259084,11.44697457039898,-28.94400409102532,,
,,15.36,15.46,15.175,,0.0,15.211,43267.0,40.83522754673911,41.23523076181137,41.50368929541692,40.73858247464111,44.7627758933882,30764.0,62.99647949587667,38757.0,66.40590287266707,72368.0,49.53149431200135,52.24816683469247,51.35515869826317,12.35191577605723,-8.774139378673384,,
,,18.25,18.315,18.07,,0.0,18.206,62551.0,48.87556062822512,48.99368238301156,49.16818042985516,48.51045702252158,40.83522754673911,43267.0,44.7627758933882,30764.0,62.99647949587667,38757.0,44.82452135611751,52.99141346058895,51.34633791787327,11.898110318015654,19.689698244691336,,
,,14.7,14.71,13.945,,0.0,14.132,57586.0,37.938559969135305,39.46340444001479,39.49025029337535,37.43654251129294,48.87556062822512,62551.0,40.83522754673911,43267.0,44.7627758933882,30764.0,42.549782714699866,52.616338537922935,50.939623239460886,12.386520212181193,-22.37723827309678,,
,,24.725,24.77,23.88,,0.0,24.137,68953.0,64.79783625636986,66.37637243397045,66.49717877409294,64.10789782500362,37.938559969135305,57586.0,48.87556062822512,62551.0,40.83522754673911,43267.0,50.537318951243456,52.37319180891448,52.69687609800459,12.081515362134825,70.79677328049816,,
,,24.92,25.265,24.855,,0.0,25.113,36817.0,67.41799154435996,66.89986657450126,67.82604851544039,66.72536852765765,64.79783625636986,68953.0,37.938559969135305,57586.0,48.87556062822512,62551.0,56.71812925662173,52.51777590487061,52.68096034208369,12.281834607990987,4.043584538260769,,
,,23.44,24.1,23.37,,0.0,23.989,62569.0,64.40051762663366,62.926680277139226,64.69850659893581,62.73875930361535,67.41799154435996,36817.0,64.79783625636986,68953.0,37.938559969135305,57586.0,65.53878180912119,52.71835278069303,52.7900695603848,12.491166694404713,-4.475769521761642,,
,,19.855,20.01,19.725,,0.0,19.752,31593.0,53.02592955776681,53.302441847380514,53.71855257446912,52.95344575369332,64.40051762663366,62569.0,67.41799154435996,36817.0,64.79783625636986,68953.0,61.61481290958684,53.89880330417569,53.656615355644405,11.99461426446385,-17.662261870023766,,
,,16.705,16.82,16.435,,0.0,16.598,34612.0,44.55874740784799,44.84599803880592,45.154725352452296,44.12115999807096,53.02592955776681,31593.0,64.40051762663366,62569.0,67.41799154435996,36817.0,53.99506486408285,54.43073471290553,53.339450773799,11.385836256293508,-15.968003240178207,,
,,15.215,15.55,15.2,,0.0,15.464,38801.0,41.51442763676114,40.845965888083335,41.7453019756619,40.8056971080425,44.55874740784799,34612.0,53.02592955776681,31593.0,64.40051762663366,62569.0,46.36636820079201,53.37914428555354,53.18527887307124,12.28857013594767,-6.8321484516206565,,
,,18.135,18.29,18.06,,0.0,18.256,51222.0,49.009789895027886,48.68495506936519,49.101065796453774,48.48361116916102,41.51442763676114,38801.0,44.55874740784799,34612.0,53.02592955776681,31593.0,45.02765497987904,54.96074856068105,53.788543549301984,10.561116142817685,18.0548370408691,,
,,13.98,14.245,13.98,,0.0,14.098,27.0,37.847284067709424,37.53050299805488,38.241918112109566,37.53050299805488,49.009789895027886,51222.0,41.51442763676114,38801.0,44.55874740784799,34612.0,42.79050053316618,51.1106696765867,51.74193074275058,11.266200674405015,-22.776073619631887,,
,,24.045,24.565,23.74,,0.0,24.532,64445.0,65.85824746411176,64.55085440545277,65.94683878020159,63.73205587795586,37.847284067709424,27.0,49.009789895027886,51222.0,41.51442763676114,38801.0,50.90510714228304,50.8878490936941,51.702812499282345,10.899376334073782,74.01049794297063,,
,,25.035,25.285,24.67,,0.0,25.133,34900.0,67.47168325108107,67.20859388814763,67.8797402221615,66.2287202404874,65.85824746411176,64445.0,37.847284067709424,27.0,49.009789895027886,51222.0,57.05907159430078,51.32658704004373,52.02246991036838,11.574845819061386,2.449861405511178,,
,,24.05,24.31,23.83,,0.0,24.156,56435.0,64.8488433777549,64.56427733213303,65.26226951950746,63.97366855820084,67.47168325108107,34900.0,65.85824746411176,64445.0,37.847284067709424,27.0,66.05959136431593,53.01557472861345,53.45718901639457,12.674496899913537,-3.8873194604703287,,
,,16.275,16.51,16.225,,0.0,16.291,34341.0,43.734579709678975,43.69162634430209,44.32250389827512,43.55739707749933,64.8488433777549,56435.0,67.47168325108107,34900.0,65.85824746411176,64445.0,58.685035446171675,52.89783648601787,53.66428559946171,12.769619768206113,-32.55919854280509,,
,,16.2,16.345,16.015,,0.0,16.325,66253.0,43.82585561110486,43.49028244409793,43.87954731782597,42.99363415692768,43.734579709678975,34341.0,64.8488433777549,56435.0,67.47168325108107,34900.0,50.80309289951294,53.2280404823527,53.30359238395312,12.452139918895098,0.208704192498943,,
,,18.51,18.605,18.415,,0.0,18.51,82108.0,49.69167457038597,49.69167457038597,49.94671017731123,49.4366389634607,43.82585561110486,66253.0,43.734579709678975,34341.0,64.8488433777549,56435.0,45.750703297056624,53.32545257883242,54.14310056975673,12.416256503662952,13.384379785604894,,
,,16.46,16.68,16.445,,0.0,16.658,63952.0,44.71982252801132,44.188274631472346,44.778883405404535,44.14800585143151,49.69167457038597,82108.0,43.82585561110486,66253.0,43.734579709678975,34341.0,46.07911756983409,54.30724378744698,52.70895673201684,11.200567869980242,-10.005402485143156,,
,,15.479,15.479,15.479,,0.0,15.479,53604.0,41.55469641680197,41.55469641680197,41.55469641680197,41.55469641680197,44.71982252801132,63952.0,49.69167457038597,82108.0,43.82585561110486,66253.0,45.32206450506644,50.835307923545585,50.86157850861984,10.782220949794356,-7.077680393804786,,
,,24.83,25.465,25.37,,0.0,25.426,72896.0,68.2582667545453,66.65825389425626,68.36296558265147,68.10792997572621,41.55469641680197,53604.0,44.71982252801132,63952.0,49.69167457038597,82108.0,51.51092856645289,50.947676995469045,51.13713201775638,10.98665747161006,64.26125718715679,,
,,25.585,26.07,25.53,,0.0,26.03,57599.0,69.87975629752279,68.68511582297812,69.987139710965,68.53746362949508,68.2582667545453,72896.0,41.55469641680197,53604.0,44.71982252801132,63952.0,59.89757315629004,51.66637884115016,52.34097678488182,12.150482349144767,2.3755211201132775,,
,,25.63,26.115,25.515,,0.0,25.925,71838.0,69.59787483723697,68.80592216310062,70.1079460510875,68.49719484945425,69.87975629752279,57599.0,68.2582667545453,72896.0,41.55469641680197,53604.0,69.24529929643505,55.36113528794417,54.12948588698102,13.221648048365392,-0.4033807145601198,,
,,20.035,20.14,19.72,,0.0,20.01,34468.0,53.71855257446912,53.785667207870496,54.06754866815632,52.94002282701303,69.59787483723697,71838.0,69.87975629752279,57599.0,68.2582667545453,72896.0,64.39872790307632,56.77437771128192,55.00120909681731,12.278208911230514,-22.81581485053037,,
,,16.28,16.34,15.955,,0.0,16.161,44012.0,43.38558361599177,43.70504927098237,43.866124391145696,42.83255903676435,53.71855257446912,34468.0,69.59787483723697,71838.0,69.87975629752279,57599.0,55.56733700923265,55.873507574939886,54.59948007688616,13.08905801890183,-19.235382308845594,,
,,16.23,16.27,15.925,,0.0,16.173,58447.0,43.41779864002443,43.57082000417959,43.678203417621816,42.752021476682685,43.38558361599177,44012.0,53.71855257446912,34468.0,69.59787483723697,71838.0,46.840644943495136,55.68750416237034,54.99737397490866,13.28180743844697,0.07425283088915435,,
,,15.835,16.505,15.835,,0.0,16.341,16859.0,43.86880897648175,42.5104087964377,44.30908097159484,42.5104087964377,43.41779864002443,58447.0,43.38558361599177,44012.0,53.71855257446912,34468.0,43.55739707749934,56.01809167089601,53.426699797220806,12.894564341936931,1.0387683175663298,,
,,25.405,25.485,25.44,,0.0,25.524,52957.0,68.52135611747873,68.20189046248815,68.41665728937258,68.2958509492501,43.86880897648175,16859.0,43.41779864002443,58447.0,43.38558361599177,44012.0,51.93598791132833,56.0556758656008,53.50167643053492,12.936502522906887,56.19607123187072,,
,,25.955,26.115,25.46,,0.0,25.7,50429.0,68.99384313662449,69.67841239731862,70.1079460510875,68.34954265597119,68.52135611747873,52957.0,43.86880897648175,16859.0,43.41779864002443,58447.0,60.46133607686169,55.92911684261532,53.79774784188275,12.782132303804037,0.6895470929321412,,
,,25.97,26.235,25.265,,0.0,25.46,91385.0,68.34954265597119,69.71868117735946,70.43009629141415,67.82604851544039,68.99384313662449,50429.0,68.52135611747873,52957.0,43.86880897648175,16859.0,68.6215806366915,55.75078367386307,55.55595948090362,12.566535259885724,-0.9338521400778177,,
,,20.01,19.995,19.22,,0.0,19.489,68703.0,52.31988361438423,53.71855257446912,53.67828379442828,51.59773015898532,68.34954265597119,91385.0,68.99384313662449,50429.0,68.52135611747873,52957.0,63.22108980232667,55.55097382242237,56.162675766852146,12.6152585834732,-23.452474469756478,,
,,16.145,16.37,16.045,,0.0,16.279,40021.0,43.70236468564631,43.34263025061488,43.94666195122736,43.07417171700934,52.31988361438423,68703.0,68.34954265597119,91385.0,68.99384313662449,50429.0,54.790596985333934,55.59622826094444,55.73486791794217,12.564811834506312,-16.470829698804458,,
,,16.185,16.395,16.11,,0.0,16.313,45079.0,43.79364058707219,43.450013664057096,44.01377658462874,43.24866976385294,43.70236468564631,40021.0,52.31988361438423,68703.0,68.34954265597119,91385.0,46.60529629570093,55.649919967665554,55.66871206501794,12.50475727334364,0.20885803796302227,,
,,14.93,14.99,14.795,,0.0,14.975,70278.0,40.20166540743003,40.080859067307536,40.24193418747086,39.71844004694005,43.79364058707219,45079.0,43.70236468564631,40021.0,52.31988361438423,68703.0,42.565890226716206,55.12604231494389,55.57206699291994,13.141198480336191,-8.20204744682156,,
,,16.25,16.255,15.625,,0.0,15.654,9633.0,42.024498850611664,43.62451171090071,43.63793463758098,41.94664587586606,40.20166540743003,70278.0,43.79364058707219,45079.0,43.70236468564631,40021.0,42.00660161503799,51.34077699110573,53.698226428353266,12.4369406693258,4.534223706176954,,
,,25.48,25.955,25.895,,0.0,25.964,70522.0,69.70257366534312,68.4032343626923,69.67841239731862,69.5173372771553,42.024498850611664,9633.0,40.20166540743003,70278.0,43.79364058707219,45079.0,50.642912641128305,51.44202420949411,53.68557052605471,12.606334618273834,65.86176057237768,,
,,19.555,19.805,19.325,,0.0,19.634,37417.0,52.70914848811227,52.49706624656389,53.16821258057775,51.879611619271145,69.70257366534312,70522.0,42.024498850611664,9633.0,40.20166540743003,70278.0,54.81207366802238,49.20768218551426,52.479232929688656,10.281970214944026,-24.379910645509163,,
,,16.25,16.475,16.1,,0.0,16.284,41823.0,43.71578761232659,43.62451171090071,44.22854341151318,43.22182391049239,52.70914848811227,37417.0,69.70257366534312,70522.0,42.024498850611664,9633.0,55.37583658859402,47.97852561379174,51.764749718107055,10.36189168805952,-17.06223897320974,,
,,16.655,16.77,16.545,,0.0,16.677,75396.0,44.77082964939637,44.711768772003154,45.020496085649526,44.41646438503706,43.71578761232659,41823.0,52.70914848811227,37417.0,69.70257366534312,70522.0,47.0652552499451,48.13116346575604,51.86369586335024,10.296062912994923,2.4134119380987418,,
,,14.935,14.975,14.83,,0.0,14.915,67750.0,40.0405902872667,40.09428199398781,40.20166540743003,39.812400533702,44.77082964939637,75396.0,43.71578761232659,41823.0,52.70914848811227,37417.0,42.84240251632991,47.59501342292668,51.62246669529611,10.651170050003113,-10.565449421358764,,
,,15.79,16.045,15.585,,0.0,15.766,8791.0,42.32517240824988,42.3896024563152,43.07417171700934,41.83926246242385,40.0405902872667,67750.0,44.77082964939637,75396.0,43.71578761232659,41823.0,42.37886411497101,47.898371565900945,51.51220694042241,10.433519595562025,5.705665437479057,,
,,25.94,26.38,25.795,,0.0,26.105,56487.0,70.08110019772694,69.6381436172778,70.81936116514218,69.24887874354977,42.32517240824988,8791.0,40.0405902872667,67750.0,44.77082964939637,75396.0,50.815620964414535,51.90645747263169,51.62361723186871,12.89875825634354,65.5778257008753,,
,,19.7,19.72,19.49,,0.0,19.596,30079.0,52.607134245342166,52.88633112029193,52.94002282701303,52.32256819972029,70.08110019772694,56487.0,42.32517240824988,8791.0,40.0405902872667,67750.0,55.004468950439694,49.464251841202994,50.453138025348544,10.330427591227735,-24.933920704845804,,
,,16.26,16.49,16.185,,0.0,16.229,39170.0,43.56813541884354,43.65135756426126,44.268812191554005,43.450013664057096,52.607134245342166,30079.0,70.08110019772694,56487.0,42.32517240824988,8791.0,55.41878995397091,48.15839283130746,48.683037508410855,10.42916076558424,-17.182077975096966,,
,,18.585,18.655,18.37,,0.0,18.514,58659.0,49.702412911730185,49.89301847059013,50.08093944411401,49.31583262333821,43.56813541884354,39170.0,52.607134245342166,30079.0,70.08110019772694,56487.0,48.62589419197199,49.013625016936544,48.49607531536414,10.248021499165034,14.079733809846552,,
,,16.67,16.805,16.575,,0.0,16.787,84050.0,45.06613403636246,44.75203755204399,45.11445657241146,44.49700194511872,49.702412911730185,58659.0,43.56813541884354,39170.0,52.607134245342166,30079.0,46.11222745564542,49.055811357931695,48.59348741184386,10.22823365806156,-9.328076050556334,,
,,14.955,15.055,14.88,,0.0,14.939,75075.0,40.10502033533204,40.14797370070893,40.41643223431446,39.946629800504766,45.06613403636246,84050.0,49.702412911730185,58659.0,43.56813541884354,39170.0,44.957855761141595,49.065015650512464,48.33001453671957,10.218793458849037,-11.008518496455565,,
,,15.237,15.237,15.237,,0.0,15.237,53604.0,40.90502676547656,40.90502676547656,40.90502676547656,40.90502676547656,40.10502033533204,75075.0,45.06613403636246,84050.0,49.702412911730185,58659.0,42.02539371239038,48.86213770154484,48.38025463372289,10.387606830305769,1.9947787669857497,,
,,25.44,25.71,24.92,,0.0,25.088,62539.0,67.35087691095858,68.2958509492501,69.02068898998505,66.89986657450126,40.90502676547656,53604.0,40.10502033533204,75075.0,45.06613403636246,84050.0,49.45364133725576,48.47210580343507,50.189281638033385,9.468707126940286,64.65183435059392,,
,,19.596,19.596,19.596,,0.0,19.596,53604.0,52.607134245342166,52.607134245342166,52.607134245342166,52.607134245342166,67.35087691095858,62539.0,40.90502676547656,53604.0,40.10502033533204,75075.0,53.62101264059246,48.47210580343507,48.96817882231903,9.468707126940286,-21.890943877551017,,
,,16.295,16.34,16.13,,0.0,16.253,44476.0,43.63256546690887,43.7453180510232,43.866124391145696,43.30236147057405,52.607134245342166,53604.0,67.35087691095858,62539.0,40.90502676547656,53604.0,54.53019220773657,48.48131009601584,48.31985146366164,9.463175295476658,-17.059604000816485,,
,,18.43,18.435,18.065,,0.0,18.272,108451.0,49.05274326040477,49.476907743501535,49.49033067018181,48.4970340958413,43.63256546690887,44476.0,52.607134245342166,53604.0,67.35087691095858,62539.0,48.43081432421863,48.388500145826484,48.701062581381514,9.452383015271486,12.422322032855448,,
,,16.785,17.275,16.73,,0.0,17.248,165747.0,46.30372787628402,45.06076486569035,46.37621168035752,44.913112672207305,49.05274326040477,108451.0,43.63256546690887,44476.0,52.607134245342166,53604.0,46.329678867865915,48.565299265815284,48.81055531187349,9.391260310816417,-5.604203152364251,,
,,15.02,15.07,14.975,,0.0,15.038,18384.0,40.370794283601526,40.32247174755253,40.456701014355296,40.20166540743003,46.30372787628402,165747.0,49.05274326040477,108451.0,43.63256546690887,44476.0,45.24242180676347,48.60326697271093,48.83414131161169,9.351810188832188,-12.813079777365488,,
,,25.9,26.575,25.9,,0.0,26.236,11042.0,70.43278087675021,69.53076020383558,71.34285530567298,69.53076020383558,40.370794283601526,18384.0,46.30372787628402,165747.0,49.05274326040477,108451.0,52.36910101221196,52.82151756003574,50.84182763079029,11.672242227636913,74.46468945338478,,
,,25.125,25.43,25.03,,0.0,25.263,46800.0,67.82067934476828,67.45020656839263,68.26900509588954,67.19517096146735,70.43278087675021,11042.0,40.370794283601526,18384.0,46.30372787628402,165747.0,59.541418168373376,52.88863219343711,50.6803689984361,11.770644786940647,-3.708644610458911,,
,,16.235,17.11,16.18,,0.0,16.972,104626.0,45.56278232353272,43.584242930859865,45.933255099908365,43.43659073737682,67.82067934476828,46800.0,70.43278087675021,11042.0,40.370794283601526,18384.0,61.272080848350434,51.8822962046072,50.177201004021136,12.095373237776316,-32.81874678383407,,
,,18.3,18.325,18.085,,0.0,18.162,72708.0,48.75743887343867,49.12791164981433,49.19502628321572,48.55072580256241,45.56278232353272,104626.0,67.82067934476828,46800.0,70.43278087675021,11042.0,54.04696684724659,52.614420976968596,50.54786553649222,11.660066837188303,7.011548432712678,,
,,17.215,17.36,17.09,,0.0,17.239,135635.0,46.27956660825952,46.2151365601942,46.60440143392223,45.87956339318726,48.75743887343867,72708.0,45.56278232353272,104626.0,67.82067934476828,46800.0,46.86659593507701,52.21825288380499,50.30337651481574,11.846864138496658,-5.082039422971018,,
,,26.055,26.28,25.67,,0.0,25.837,67083.0,69.36163132766409,69.94687093092418,70.55090263153664,68.91330557654284,46.27956660825952,135635.0,48.75743887343867,72708.0,45.56278232353272,104626.0,54.799545603120784,55.512239091145,52.038769178480145,13.070644857604588,49.875282789024865,,
,,26.15,26.275,25.245,,0.0,25.478,14621.0,68.39786519202019,70.20190653784944,70.53747970485637,67.77235680871928,69.36163132766409,67083.0,46.27956660825952,135635.0,48.75743887343867,72708.0,61.3463543759813,59.516106363776245,54.05968666824359,11.899649008517681,-1.3894802028099118,,
,,25.28,25.46,24.715,,0.0,25.371,73634.0,68.11061456106225,67.86631729548122,68.34954265597119,66.34952658060989,68.39786519202019,14621.0,69.36163132766409,67083.0,46.27956660825952,135635.0,68.62337036024887,59.18436831867796,56.00294293935685,11.572462407028562,-0.4199701703430536,,
,,16.275,16.34,15.82,,0.0,15.889,51963.0,42.655376404584686,43.69162634430209,43.866124391145696,42.47014001639687,68.11061456106225,73634.0,68.39786519202019,14621.0,69.36163132766409,67083.0,59.721285385889075,55.58932504150887,54.238978617472995,12.326682909960626,-37.37337905482637,,
,,16.96,17.255,16.855,,0.0,17.135,89881.0,46.00036973330975,45.530567299500056,46.32251997363641,45.24868583921423,42.655376404584686,51963.0,68.11061456106225,73634.0,68.39786519202019,14621.0,52.25545356631893,55.65183752861988,53.76706686661354,12.268331995604361,7.84190320347411,,
,,18.16,18.22,17.845,,0.0,18.018,112312.0,48.37085858504671,48.75206970276657,48.91314482292989,47.906425321909104,46.00036973330975,89881.0,42.655376404584686,51963.0,68.11061456106225,73634.0,45.675534907647084,55.59661177313531,54.105516375051955,12.30535379484561,5.153195214473327,,
,,17.235,17.26,17.04,,0.0,17.163,91618.0,46.07553812271931,46.2688282669153,46.33594290031669,45.745334126384485,48.37085858504671,112312.0,46.00036973330975,89881.0,42.655376404584686,51963.0,46.81558881369196,55.56746484662956,53.892858865217285,12.331314867354068,-4.745254745254767,,
,,15.425,15.805,15.325,,0.0,15.75,10315.0,42.28221904287299,41.409728808654975,42.42987123635604,41.14127027504944,46.07553812271931,91618.0,48.37085858504671,112312.0,46.00036973330975,89881.0,45.576205250213036,51.6989773773737,53.60560823425936,11.502393361152913,-8.232826428945994,,
,,25.875,26.15,25.725,,0.0,25.84,69918.0,69.36968508367225,69.4636455704342,70.20190653784944,69.06095777002588,42.28221904287299,10315.0,46.07553812271931,91618.0,48.37085858504671,112312.0,52.57581408308821,51.83780879046685,55.67695757712154,11.740928808195058,64.06349206349206,,
,,25.395,25.48,25.065,,0.0,25.355,15144.0,68.06766119568537,68.1750446091276,68.4032343626923,67.28913144822931,69.36968508367225,69918.0,42.28221904287299,10315.0,46.07553812271931,91618.0,59.90652177407691,51.83167259541301,55.50802045704548,11.73101369271538,-1.8769349845201178,,
,,25.58,25.805,25.38,,0.0,25.595,19978.0,68.71196167633867,68.67169289629784,69.27572459691032,68.13477582908676,68.06766119568537,15144.0,69.36968508367225,69918.0,42.28221904287299,10315.0,68.71643598523212,55.55404191994929,55.571683480729085,12.446201612728585,0.9465588641293543,,
,,19.6,19.705,19.23,,0.0,19.351,31891.0,51.94941083800858,52.61787258668639,52.8997540469722,51.62457601234588,68.71196167633867,19978.0,68.06766119568537,15144.0,69.36968508367225,69918.0,62.90967790334424,56.40390493490627,56.02787123176308,11.875131230754938,-24.39538972455558,,
,,15.92,16.165,15.86,,0.0,16.008,51601.0,42.97484205957529,42.73859855000241,43.39632195733599,42.57752342983908,51.94941083800858,31891.0,68.71196167633867,19978.0,68.06766119568537,15144.0,54.54540485797421,55.6330454312675,55.614828602201406,12.634363035758577,-17.2755929926102,,
,,16.96,17.72,16.755,,0.0,17.141,139733.0,46.01647724532608,45.530567299500056,47.57085215490218,44.98022730560869,42.97484205957529,51601.0,51.94941083800858,31891.0,68.71196167633867,19978.0,46.980243380970016,55.624608163068466,55.59603650484902,12.641826841385848,7.077711144427767,,
,,18.095,18.095,17.865,,0.0,17.937,41398.0,48.15340717282621,48.57757165592296,48.57757165592296,47.960117028630215,46.01647724532608,139733.0,42.97484205957529,51601.0,51.94941083800858,31891.0,45.71490882590922,56.46334932449035,54.08116335093202,11.77405201404304,4.643836415611724,,
,,15.675,15.71,14.715,,0.0,14.991,17834.0,40.24461877280692,42.08087514266883,42.17483562943077,39.50367322005562,48.15340717282621,41398.0,46.01647724532608,139733.0,42.97484205957529,51601.0,44.80483439698644,52.3026255657953,52.070217178131074,11.597860201940463,-16.424151195852144,,
,,25.9,26.765,26.535,,0.0,26.606,17296.0,71.42607745109072,69.53076020383558,71.85292651952352,71.23547189223078,40.24461877280692,17834.0,48.15340717282621,41398.0,46.01647724532608,139733.0,53.27470113224132,52.78239931656749,52.30703595599026,12.40040961162522,77.47982122606898,,
,,25.385,25.39,24.555,,0.0,24.702,26844.0,66.31462697124118,68.14819875576704,68.16162168244732,65.91999292684103,71.42607745109072,17296.0,40.24461877280692,17834.0,48.15340717282621,41398.0,59.32844106504631,52.439922930125,53.99698242503715,11.91057057836794,-7.156280538224468,,
,,25.565,25.69,25.21,,0.0,25.28,19354.0,67.86631729548122,68.63142411625702,68.96699728326395,67.67839632195734,66.31462697124118,26844.0,71.42607745109072,17296.0,40.24461877280692,17834.0,68.53567390593774,54.713766709763945,55.558835822335105,13.245820921314953,2.339891506760594,,
,,19.415,19.53,19.285,,0.0,19.361,46255.0,51.97625669136914,52.12122429951613,52.42995161316251,51.77222820582893,67.86631729548122,19354.0,66.31462697124118,26844.0,71.42607745109072,17296.0,62.05240031936389,55.999683085734496,55.816364258501,12.320898059485163,-23.413765822784814,,
,,15.965,16.075,15.655,,0.0,15.796,50789.0,42.405709968331536,42.85940489012491,43.154709277091,42.02718343594772,51.97625669136914,46255.0,67.86631729548122,19354.0,66.31462697124118,26844.0,54.082761318394006,55.48385918902098,55.554233676044724,12.871780245761887,-18.413305097877174,,
,,17.055,17.415,16.91,,0.0,16.95,36584.0,45.5037214461395,45.78560290642532,46.75205362740528,45.39633803269728,42.405709968331536,50789.0,51.97625669136914,46255.0,67.86631729548122,19354.0,46.62856270194677,55.10533265663718,55.784340990563756,13.159033693159483,7.305646999240323,,
,,15.06,15.12,15.035,,0.0,15.058,22270.0,40.42448599032264,40.42985516099474,40.59093028115807,40.36274052759335,45.5037214461395,36584.0,42.405709968331536,50789.0,51.97625669136914,46255.0,42.7779724682646,55.13102797342514,53.71682676961022,13.12531159238946,-11.162241887905589,,
,,15.075,15.535,14.895,,0.0,15.503,14340.0,41.6191264648673,40.47012394103557,41.70503319562107,39.9868985805456,40.42448599032264,22270.0,45.5037214461395,36584.0,42.405709968331536,50789.0,42.51577796710985,50.87289211825036,51.82764571740893,11.717249567435445,2.9552397396732655,,
,,26.7,26.26,26.055,,0.0,26.219,19537.0,70.38714292603727,71.67842847267991,70.49721092481553,69.94687093092418,41.6191264648673,14340.0,40.42448599032264,22270.0,45.5037214461395,36584.0,50.81025179374243,51.454680111792655,51.94730152095883,12.673812192775886,69.12210539895504,,
,,24.8,24.815,24.16,,0.0,24.318,30594.0,65.2837462021959,66.57771633417461,66.61798511421544,64.85958171909914,70.38714292603727,19537.0,41.6191264648673,14340.0,40.42448599032264,22270.0,59.09667186436686,51.08574138418047,52.899754046972205,12.142909566060316,-7.250467218429391,,
,,19.43,19.565,19.42,,0.0,19.467,17245.0,52.26082273699101,52.16149307955696,52.523912099924445,52.134647226196414,65.2837462021959,30594.0,70.38714292603727,19537.0,41.6191264648673,14340.0,62.64390395507476,51.12639367641216,53.56303838107333,12.14686342770878,-19.948186528497423,,
,,15.76,15.92,15.705,,0.0,15.829,43528.0,42.49430128442137,42.30906489623354,42.73859855000241,42.161412702750496,52.26082273699101,17245.0,65.2837462021959,30594.0,70.38714292603727,19537.0,53.34629007453612,51.13904957871072,53.31145438386585,12.136304491846602,-18.68803616376431,,
,,17.135,17.135,16.58,,0.0,16.587,136239.0,44.52921696915138,46.00036973330975,46.00036973330975,44.51042487179899,42.49430128442137,43528.0,52.26082273699101,17245.0,65.2837462021959,30594.0,46.42811366352129,50.999834653426696,53.05258365503193,12.217041504319479,4.788679006886087,,
,,15.06,15.08,14.775,,0.0,14.865,35570.0,39.90636102046393,40.42985516099474,40.48354686771585,39.66474834021895,44.52921696915138,136239.0,42.49430128442137,43528.0,52.26082273699101,17245.0,42.30995975801226,50.925816800589736,53.02842238700744,12.293124271388741,-10.381624163501534,,
,,15.45,15.885,15.355,,0.0,15.526,17047.0,41.68087192759658,41.47684344205637,42.64463806324047,41.221807835131095,39.90636102046393,35570.0,44.52921696915138,136239.0,42.49430128442137,43528.0,42.03881663907067,50.93463758097963,50.903764849615,12.285353082480835,4.446686848301384,,
,,26.24,26.51,25.93,,0.0,26.114,18206.0,70.10526146575145,70.44351921809442,71.16835725882939,69.61129776391725,41.68087192759658,17047.0,39.90636102046393,35570.0,44.52921696915138,136239.0,50.56416480460402,50.89436880093881,51.17452445636574,12.211203237715042,68.19528532783718,,
,,19.47,19.93,18.95,,0.0,19.714,37265.0,52.9239153149967,52.268876492999176,53.50378574758467,50.87289211825036,70.10526146575145,18206.0,41.68087192759658,17047.0,39.90636102046393,35570.0,54.903349569448274,49.12867867419606,50.10721002918826,10.566631068035754,-24.507926782568756,,
,,15.91,15.925,15.595,,0.0,15.68,32768.0,42.09429806934911,42.71175269664185,42.752021476682685,41.8661083157844,52.9239153149967,37265.0,70.10526146575145,18206.0,41.68087192759658,17047.0,55.04115828336578,47.67631800739008,49.40135584190112,10.761264457040806,-20.462615400223182,,
,,18.035,18.035,17.625,,0.0,17.932,46673.0,48.13998424614593,48.416496535759634,48.416496535759634,47.31581654797692,42.09429806934911,32768.0,52.9239153149967,37265.0,70.10526146575145,18206.0,47.71939921016394,48.48284414477929,49.810946861745,10.51694802432412,14.362244897959187,,
,,16.7,16.815,16.6,,0.0,16.787,55182.0,45.06613403636246,44.832575112125646,45.14130242577202,44.56411657852011,48.13998424614593,46673.0,42.09429806934911,32768.0,52.9239153149967,37265.0,45.10013878395254,48.55954658295231,49.7796906181895,10.4852176241201,-6.385233102832921,,
,,14.865,15.035,14.82,,0.0,14.996,31887.0,40.2580416994872,39.90636102046393,40.36274052759335,39.78555468034144,45.06613403636246,55182.0,48.13998424614593,46673.0,42.09429806934911,32768.0,44.4880533273319,48.60978667995563,49.76780174027268,10.437579750041529,-10.668970036337623,,
,,15.254,15.254,15.254,,0.0,15.254,10.0,40.9506647161895,40.9506647161895,40.9506647161895,40.9506647161895,40.2580416994872,31887.0,45.06613403636246,55182.0,48.13998424614593,46673.0,42.09161348401309,48.50547136404033,49.72005447250998,10.521680347781164,1.7204587890103928,,
,,25.375,25.535,25.055,,0.0,25.524,32940.0,68.52135611747873,68.12135290240649,68.55088655617536,67.26228559486876,40.9506647161895,10.0,40.2580416994872,31887.0,45.06613403636246,55182.0,49.91002084438518,48.279199171429944,49.586783986184365,9.982992707051118,67.32660285826664,,
,,19.695,19.84,19.545,,0.0,19.718,34786.0,52.93465365634093,52.87290819361165,53.26217306733969,52.47022039320334,68.52135611747873,32940.0,40.9506647161895,10.0,40.2580416994872,31887.0,54.13555816333642,48.280733220193405,48.70470594719473,9.983826189291054,-22.747218304341,,
,,16.95,17.195,16.865,,0.0,17.059,24977.0,45.79634124776955,45.5037214461395,46.161444853473085,45.27553169257479,52.93465365634093,34786.0,68.52135611747873,32940.0,40.9506647161895,10.0,55.750783673863104,48.80959653139632,48.242957269393195,9.695386025075113,-13.485140480778979,,
,,17.99,18.05,17.59,,0.0,17.659,55112.0,47.4070924494028,48.29569019563714,48.45676531580047,47.22185606121498,45.79634124776955,24977.0,52.93465365634093,34786.0,68.52135611747873,32940.0,48.71269578450446,48.704897703290165,48.59387092403473,9.707771502139693,3.517204994431089,,
,,16.785,16.795,16.55,,0.0,16.577,41673.0,44.50237111579083,45.06076486569035,45.08761071905092,44.42988731171733,47.4070924494028,55112.0,45.79634124776955,24977.0,52.93465365634093,34786.0,45.901934937654424,48.624360143208506,48.59195336308041,9.745256879044044,-6.127187269947343,,
,,14.995,15.06,14.895,,0.0,14.96,33553.0,40.1613966273892,40.25535711415114,40.42985516099474,39.9868985805456,44.50237111579083,41673.0,47.4070924494028,55112.0,45.79634124776955,24977.0,44.02362006419431,48.61055370433736,48.61017019214649,9.759143769438218,-9.754479097544788,,
,,24.255,24.3,23.475,,0.0,23.73,32919.0,63.7052100245953,65.1146173260244,65.2354236661469,63.02064076390117,40.1613966273892,33553.0,44.50237111579083,41673.0,47.4070924494028,55112.0,49.456325922591816,51.861203034109614,50.18333719907498,10.540817689149367,58.62299465240641,,
,,25.48,25.655,24.735,,0.0,25.088,49610.0,67.35087691095858,68.4032343626923,68.873036796502,66.403218287331,63.7052100245953,32919.0,40.1613966273892,33553.0,44.50237111579083,41673.0,57.07249452098106,51.69399171889245,49.9865954451612,10.237403674903712,5.722713864306783,,
,,17.05,17.22,16.885,,0.0,17.159,42858.0,46.064799781375086,45.77217997974504,46.22855948687447,45.3292233992959,67.35087691095858,49610.0,63.7052100245953,32919.0,40.1613966273892,33553.0,59.040295572309695,50.71258402246877,49.49665862133109,10.42619326806106,-31.6047512755102,,
,,17.65,17.695,17.355,,0.0,17.431,65816.0,46.79500699278217,47.3829311813783,47.5037375215008,46.59097850724195,46.064799781375086,42858.0,67.35087691095858,49610.0,63.7052100245953,32919.0,53.40356122837198,50.85525055747057,49.832423544433446,10.354294817128224,1.585173961186559,,
,,16.62,16.66,16.46,,0.0,16.567,51421.0,44.47552526243027,44.61780828524121,44.72519169868343,44.188274631472346,46.79500699278217,65816.0,46.064799781375086,42858.0,67.35087691095858,49610.0,45.77844401219588,50.43645524504592,49.570676474168046,10.573960948686096,-4.956686363375629,,
,,14.955,15.12,14.925,,0.0,15.088,50966.0,40.505023550404296,40.14797370070893,40.59093028115807,40.06743614062726,44.47552526243027,51421.0,46.79500699278217,65816.0,46.064799781375086,42858.0,43.92518526853894,49.86540559284784,49.24488286802818,11.045279519485215,-8.927385766885966,,
,,26.09,26.32,26.26,,0.0,26.247,35182.0,70.46231131544681,70.0408314176861,70.65828604497885,70.49721092481553,40.505023550404296,50966.0,44.47552526243027,51421.0,46.79500699278217,65816.0,51.814286709427165,54.19410769114178,51.40233069773957,12.455857392774897,73.95943796394484,,
,,23.75,24.035,23.49,,0.0,23.59,32082.0,63.32936807754754,63.75890173131641,64.5240085520922,63.060909543942,70.46231131544681,35182.0,40.505023550404296,50966.0,44.47552526243027,51421.0,58.09890098113292,54.14041598442068,53.000809509265146,12.40874715317979,-10.123061683239987,,
,,25.265,25.515,25.01,,0.0,25.071,54798.0,67.30523896024563,67.82604851544039,68.49719484945425,67.14147925474624,63.32936807754754,32082.0,70.46231131544681,35182.0,40.505023550404296,50966.0,67.0323061177467,54.13389627717597,52.91394399803421,12.40065874605345,6.278083933870282,,
,,15.74,16.49,15.72,,0.0,16.439,39851.0,44.13189833941518,42.25537318951243,44.268812191554005,42.20168148279133,67.30523896024563,54798.0,63.32936807754754,32082.0,70.46231131544681,35182.0,58.25550179240282,53.85776749975313,52.28517576111095,12.629686844843045,-34.43021818036775,,
,,17.205,17.48,17.1,,0.0,17.335,60199.0,46.537286800520846,46.188290706833634,46.92655167424888,45.90640924654782,44.13189833941518,39851.0,67.30523896024563,54798.0,63.32936807754754,32082.0,52.65814136672725,53.82095032943008,52.33810044345033,12.65405930886474,5.450453190583371,,
,,17.515,17.54,17.265,,0.0,17.334,93846.0,46.53460221518478,47.02051216101082,47.0876267944122,46.349365826996966,46.537286800520846,60199.0,44.13189833941518,39851.0,67.30523896024563,54798.0,45.734595785040305,54.11510417982358,52.275779712434755,12.422422708545671,-0.0057686760888575606,,
,,16.565,16.61,16.48,,0.0,16.497,63489.0,44.28760428890639,44.47015609175816,44.590962431880655,44.24196633819345,46.53460221518478,93846.0,46.537286800520846,60199.0,44.13189833941518,39851.0,45.786497768204036,54.65547285675245,52.26043922480015,11.798311933749888,-4.828660436137078,,
,,15.49,15.635,15.3,,0.0,15.341,19163.0,41.18422364042631,41.58422685549858,41.973491729226616,41.07415564164804,44.28760428890639,63489.0,46.53460221518478,93846.0,46.537286800520846,60199.0,44.00214338150587,50.472888903178095,52.33349829715995,10.363086256875167,-7.007334666909138,,
,,26.355,26.56,26.14,,0.0,26.45,45944.0,71.00728213866606,70.7522465317408,71.30258652563215,70.17506068448888,41.18422364042631,19163.0,44.28760428890639,63489.0,46.53460221518478,93846.0,52.159703355999625,51.56973376905217,52.855074876736424,12.195027051867694,72.41379310344828,,
,,23.635,23.805,23.325,,0.0,23.505,41398.0,63.10117832398283,63.450174417670034,63.90655392479946,62.61795296349285,71.00728213866606,45944.0,41.18422364042631,19163.0,44.28760428890639,63489.0,58.4308947010251,50.96915367815749,52.55152497766672,11.366290244673932,-11.134215500945166,,
,,25.17,25.41,24.745,,0.0,25.209,69667.0,67.67571173662128,67.57101290851513,68.21531338916843,66.43006414069156,63.10117832398283,41398.0,71.00728213866606,45944.0,41.18422364042631,19163.0,67.2613907330901,54.332555592044066,54.09516154589859,12.438709995482736,7.249521378430135,,
,,19.77,19.78,19.51,,0.0,19.619,39742.0,52.66887970807144,53.07425209381581,53.10109794717636,52.3762599064414,67.67571173662128,69667.0,63.10117832398283,41398.0,71.00728213866606,45944.0,61.14858992289189,55.20849743597987,54.51472388270497,12.006662880996856,-22.174620175334216,,
,,16.41,16.7,16.325,,0.0,16.63,48232.0,44.644654138601766,44.05404536466957,44.832575112125646,43.82585561110486,52.66887970807144,39742.0,67.67571173662128,69667.0,63.10117832398283,41398.0,54.996415194431535,54.938504853610866,54.52680451671723,12.252943701929578,-15.235231153473672,,
,,17.285,17.695,17.185,,0.0,17.588,71072.0,47.21648689054287,46.40305753371807,47.5037375215008,46.13459900011253,44.644654138601766,48232.0,52.66887970807144,39742.0,67.67571173662128,69667.0,48.17667357907206,55.35691665384466,55.00619475529855,11.872729086135681,5.7606734816596505,,
,,17.28,17.445,17.185,,0.0,17.262,62471.0,46.34131207098879,46.3896346070378,46.83259118748694,46.13459900011253,47.21648689054287,71072.0,44.644654138601766,48232.0,52.66887970807144,39742.0,46.06748436671118,56.09364357249643,53.28326623783726,10.972592435927085,-1.8535365021605799,,
,,15.435,15.505,15.085,,0.0,15.328,30711.0,41.1493240310576,41.43657466201553,41.62449563553941,40.49696979439613,46.34131207098879,62471.0,47.21648689054287,71072.0,44.644654138601766,48232.0,44.902374330863125,51.828220985695225,51.698977377373694,9.966159164526989,-11.203800254895125,,
,,26.38,26.38,25.875,,0.0,26.118,55382.0,70.11599980709566,70.81936116514218,70.81936116514218,69.4636455704342,41.1493240310576,30711.0,46.34131207098879,62471.0,47.21648689054287,71072.0,52.53554530304739,52.83033834042563,51.89974600929156,11.520124302549576,70.3940501043841,,
,,23.365,23.455,22.94,,0.0,23.181,55556.0,62.23137267510088,62.72533637693507,62.96694905718005,61.58438760911152,70.11599980709566,55382.0,41.1493240310576,30711.0,46.34131207098879,62471.0,57.83223217108475,52.05257561735129,53.19256560469768,10.488402444228578,-11.245118309212021,,
,,25.205,25.35,24.98,,0.0,25.226,44193.0,67.72134968733423,67.66497339527706,68.0542382690051,67.06094169466458,62.23137267510088,55556.0,70.11599980709566,55382.0,41.1493240310576,30711.0,66.6895740565103,54.202928471531685,54.70571295375578,12.06097040964616,8.821879987921143,,
,,19.6,19.63,19.335,,0.0,19.538,46985.0,52.45142829585095,52.61787258668639,52.69841014676805,51.9064574726317,67.72134968733423,44193.0,62.23137267510088,55556.0,70.11599980709566,55382.0,60.801383552762054,55.31818192256729,55.12834338808907,11.371035251577418,-22.548164592087527,,
,,16.62,16.725,16.415,,0.0,16.702,54186.0,44.83794428279776,44.61780828524121,44.89968974552704,44.06746829134985,52.45142829585095,46985.0,67.72134968733423,44193.0,62.23137267510088,55556.0,55.00357408866102,54.97839012146083,55.16765338765275,11.684693445366293,-14.51530351110657,,
,,17.63,18.02,17.615,,0.0,17.819,64738.0,47.83662610317166,47.32923947465719,48.37622775571881,47.28897069461636,44.83794428279776,54186.0,52.45142829585095,46985.0,67.72134968733423,44193.0,48.37533289394016,55.19200641177268,55.64282499213455,11.512881322528072,6.687821817746364,,
,,15.115,15.115,14.905,,0.0,14.933,64407.0,40.08891282331571,40.57750735447779,40.57750735447779,40.01374443390615,47.83662610317166,64738.0,44.83794428279776,54186.0,52.45142829585095,46985.0,44.25449440309509,55.040519096380976,53.4343700410381,11.73331785080891,-16.196195072675213,,
,,15.215,15.47,15.125,,0.0,15.16,5284.0,40.69831369460028,40.845965888083335,41.530535148777474,40.60435320783834,40.08891282331571,64407.0,47.83662610317166,64738.0,44.83794428279776,54186.0,42.874617540362586,50.83799250888164,51.834165424653634,10.652265923470043,1.5201232170360734,,
,,26.3,26.205,26.13,,0.0,26.085,79346.0,70.02740849100583,70.60459433825775,70.34955873133248,70.14821483112833,40.69831369460028,5284.0,40.08891282331571,64407.0,47.83662610317166,64738.0,50.27154500297397,51.95171191115377,52.00214376425254,12.31913547832498,72.06464379947231,,
,,23.23,23.65,22.71,,0.0,23.085,52891.0,61.97365248283956,62.36291735656759,63.49044319771086,60.966932981818765,70.02740849100583,79346.0,40.69831369460028,5284.0,40.08891282331571,64407.0,57.566458222815264,51.13061231051167,52.66677039102168,11.236881083817936,-11.500862564692326,,
,,19.485,19.51,19.06,,0.0,19.174,48842.0,51.47423923352677,52.30914527304001,52.3762599064414,51.16819650521646,61.97365248283956,52891.0,70.02740849100583,79346.0,40.69831369460028,5284.0,61.158433402457426,50.9910138730368,53.154597897802034,11.22379978349628,-16.941737058696148,,
,,16.575,16.73,15.8,,0.0,16.153,60368.0,43.364106933303326,44.49700194511872,44.913112672207305,42.41644830967576,51.47423923352677,48842.0,61.97365248283956,52891.0,70.02740849100583,79346.0,52.270666216556585,50.78046568025188,52.879427900856356,11.371317863926341,-15.755710858454142,,
,,16.555,16.58,16.225,,0.0,16.401,68642.0,44.02988409664507,44.44331023839761,44.51042487179899,43.55739707749933,43.364106933303326,60368.0,51.47423923352677,48842.0,61.97365248283956,52891.0,46.2894100878251,50.23664539360522,52.71432590268895,11.623791668433539,1.5353185166842032,,
,,14.87,14.96,14.77,,0.0,14.9,690.0,40.00032150722588,39.91978394714421,40.1613966273892,39.65132541353867,44.02988409664507,68642.0,43.364106933303326,60368.0,51.47423923352677,48842.0,42.46477084572479,50.223989491306675,52.63225429384382,11.636722947151505,-9.151880982866889,,
,,15.53,15.94,14.85,,0.0,14.973,62704.0,40.19629623675792,41.69161026894079,42.79229025672352,39.8660922404231,40.00032150722588,690.0,44.02988409664507,68642.0,43.364106933303326,60368.0,41.40883394687632,50.152272711614906,50.49513261024827,11.706551265854756,0.48993288590601924,,
,,26.17,26.005,25.855,,0.0,25.873,54442.0,69.45827639976208,70.25559824457055,69.8126416641214,69.40995386371308,40.19629623675792,62704.0,40.00032150722588,690.0,44.02988409664507,68642.0,49.884964714582,50.07096812715152,51.01134001915265,11.54638860098586,72.79770253122288,,
,,19.53,19.62,19.365,,0.0,19.547,26979.0,52.47558956387545,52.42995161316251,52.67156429340749,51.98699503271336,69.45827639976208,54442.0,40.19629623675792,62704.0,40.00032150722588,690.0,54.043387400131856,48.71410199587093,49.92235715319131,10.417415289193642,-24.45019904920186,,
,,16.52,17.235,16.48,,0.0,17.221,70598.0,46.23124407221052,44.34934975163567,46.2688282669153,44.24196633819345,52.47558956387545,26979.0,69.45827639976208,54442.0,40.19629623675792,62704.0,56.055036678616055,47.96510268711146,49.47805828007414,10.374282898847238,-11.899524223666047,,
,,17.025,17.2,16.85,,0.0,17.132,46342.0,45.9923159773016,45.70506534634365,46.17486778015336,45.23526291253396,46.23124407221052,70598.0,52.47558956387545,26979.0,69.45827639976208,54442.0,48.23304987112923,48.34056112196837,49.56051340111012,10.226521208876388,-0.5168108704488472,,
,,14.775,14.815,14.615,,0.0,14.777,62331.0,39.67011751089106,39.66474834021895,39.77213175366117,39.23521468645008,45.9923159773016,46342.0,46.23124407221052,70598.0,52.47558956387545,26979.0,43.964559186801104,47.7177373240035,48.97719135880436,10.656529342978981,-13.746205930422617,,
,,15.625,15.91,15.545,,0.0,15.671,41549.0,42.07013680132461,41.94664587586606,42.71175269664185,41.731879048981625,39.67011751089106,62331.0,45.9923159773016,46342.0,46.23124407221052,70598.0,42.577523429839125,48.01342522316047,49.11870735723357,10.433076977138553,6.049942478175541,,
,,27.095,27.33,26.78,,0.0,27.059,62643.0,72.64219460832382,72.73883968042182,73.36971723439484,71.89319529956435,42.07013680132461,41549.0,39.67011751089106,62331.0,45.9923159773016,46342.0,51.46081630684654,52.64855356195559,51.40041313678525,13.2172390213387,72.66926169357413,,
,,20.635,21.125,20.42,,0.0,21.001,57063.0,56.37897664250004,55.39641840950375,56.711865224170914,54.81923256225184,72.64219460832382,62643.0,42.07013680132461,41549.0,39.67011751089106,62331.0,57.03043601738286,50.780082168061014,50.425525147606265,11.218165485129889,-22.388114860120467,,
,,19.55,20.005,19.51,,0.0,19.775,42231.0,53.08767502049608,52.48364331988361,53.70512964778884,52.3762599064414,56.37897664250004,57063.0,72.64219460832382,62643.0,42.07013680132461,41549.0,60.702948757106675,50.86752294757825,49.790812471724585,11.235955228079536,-5.837817246797783,,
,,17.16,17.585,17.07,,0.0,17.465,60078.0,46.88628289420805,46.067484366711135,47.2084331345347,45.82587168646615,53.08767502049608,42231.0,56.37897664250004,57063.0,72.64219460832382,62643.0,52.11764485240143,50.96109992214933,49.4631013046304,11.19355494116768,-11.68141592920352,,
,,16.7,16.76,16.515,,0.0,16.645,52487.0,44.6849229186426,44.832575112125646,44.99365023228897,44.33592682495539,46.88628289420805,60078.0,53.08767502049608,42231.0,56.37897664250004,57063.0,48.21962694444895,50.77432948519804,49.5574453035832,11.300674278124392,-4.695104494703695,,
,,14.78,14.865,14.745,,0.0,14.812,46821.0,39.764077997653,39.67817126689922,39.90636102046393,39.58421078013728,44.6849229186426,52487.0,46.88628289420805,60078.0,53.08767502049608,42231.0,43.77842793683459,50.787752411878316,49.252744867940905,11.285331835805673,-11.012316010814061,,
,,15.755,16.225,15.66,,0.0,16.156,50350.0,43.372160689311485,42.29564196955327,43.55739707749933,42.040606362628,39.764077997653,46821.0,44.6849229186426,52487.0,46.88628289420805,60078.0,42.60705386853573,50.97375582444787,49.493590523804166,11.127325866543691,9.073724007561413,,
,,27.19,27.595,26.92,,0.0,27.365,57316.0,73.46367772115678,72.9938752873471,74.08113234844953,72.26903724661213,43.372160689311485,50350.0,39.764077997653,46821.0,44.6849229186426,52487.0,52.19997213604046,51.091110554852584,51.869832058404086,11.395051764558183,69.37979697945038,,
,,19.79,19.835,19.43,,0.0,19.484,43310.0,52.30646068770396,53.12794380053691,53.24875014065941,52.16149307955696,73.46367772115678,57316.0,43.372160689311485,50350.0,39.764077997653,46821.0,56.38076636605745,50.50932256131028,50.64470236468565,11.182049868727725,-28.799561483646986,,
,,17.46,17.585,17.205,,0.0,17.563,45108.0,47.14937225714147,46.87285996752777,47.2084331345347,46.188290706833634,52.30646068770396,43310.0,73.46367772115678,57316.0,43.372160689311485,50350.0,57.639836888667446,49.66099359511677,50.2642582713475,11.179096311112653,-9.859371792239813,,
,,16.46,16.815,16.41,,0.0,16.603,79419.0,44.57217033452827,44.188274631472346,45.14130242577202,44.05404536466957,47.14937225714147,45108.0,52.30646068770396,43310.0,73.46367772115678,57316.0,48.00933442645794,49.33040608659108,50.1457530043702,11.30829527380241,-5.466036554119436,,
,,16.54,16.565,16.205,,0.0,16.269,89414.0,43.67551883228575,44.403041458356775,44.47015609175816,43.5037053707782,44.57217033452827,79419.0,47.14937225714147,45108.0,52.30646068770396,43310.0,45.132353807985204,49.186205502825814,49.980267494011926,11.383591490486909,-2.0116846353068873,,
,,14.8,14.865,14.765,,0.0,14.812,42474.0,39.764077997653,39.73186297362033,39.90636102046393,39.6379024868584,43.67551883228575,89414.0,44.57217033452827,79419.0,47.14937225714147,45108.0,42.67058905482238,49.18620550282582,49.986978957352065,11.383591490486909,-8.955682586514225,,
,,16.54,16.975,16.505,,0.0,17.046,57.0,45.76144163840082,44.403041458356775,45.57083607954089,44.30908097159484,39.764077997653,42474.0,43.67551883228575,89414.0,44.57217033452827,79419.0,43.067012822779894,49.527531352695725,50.2506435885718,11.214776698748166,15.082365649473385,,
,,24.1,24.395,24.05,,0.0,24.291,41304.0,65.2112623981224,64.69850659893581,65.49045927307216,64.56427733213303,45.76144163840082,57.0,39.764077997653,42474.0,43.67551883228575,89414.0,50.245594011392114,48.348614877976516,49.719862716414546,8.34604403863537,42.50263991552272,,
,,19.5,19.53,19.255,,0.0,19.329,31188.0,51.89034996061537,52.34941405308084,52.42995161316251,51.69169064574727,65.2112623981224,41304.0,45.76144163840082,57.0,39.764077997653,42474.0,54.2876846657129,48.28917048839243,49.39924652485136,8.314578713148896,-20.427318760034584,,
,,17.14,17.43,17.075,,0.0,17.154,46293.0,46.05137685469481,46.01379265999003,46.79232240744611,45.83929461314643,51.89034996061537,31188.0,65.2112623981224,41304.0,45.76144163840082,57.0,54.3843297378109,48.132314002328634,48.896653798722696,8.349946783277574,-11.252522117026231,,
,,16.63,16.865,16.61,,0.0,16.747,70432.0,44.95875062292025,44.644654138601766,45.27553169257479,44.590962431880655,46.05137685469481,46293.0,51.89034996061537,31188.0,65.2112623981224,41304.0,47.63349247941019,48.18753975781319,48.75897292220214,8.323713114757002,-2.37262446076717,,
,,16.285,16.435,16.19,,0.0,16.371,61543.0,43.94934653656341,43.71847219766264,44.12115999807096,43.46343659073737,44.95875062292025,70432.0,46.05137685469481,46293.0,51.89034996061537,31188.0,44.98649133805952,48.22665800128144,48.706431752053625,8.299582694229391,-2.2451782408789533,,
,,14.79,14.825,14.515,,0.0,14.539,66999.0,39.031186200909865,39.705017120259775,39.79897760702172,38.96675615284454,43.94934653656341,61543.0,44.95875062292025,70432.0,46.05137685469481,46293.0,42.64642778679788,48.12195917317528,48.65408233800054,8.427763105667296,-11.190519821635824,,
,,21.105,21.71,20.835,,0.0,21.551,44836.0,57.85549857733052,56.65817351744981,58.28234764576334,55.93333547671484,39.031186200909865,66999.0,43.94934653656341,61543.0,44.95875062292025,70432.0,46.9453437716013,49.84968159302237,49.68860647285906,9.077790835985853,48.228901575073934,,
,,24.265,24.275,23.805,,0.0,23.893,62380.0,64.14279743437234,65.14146317938496,65.16830903274551,63.90655392479946,57.85549857733052,44836.0,39.031186200909865,66999.0,43.94934653656341,61543.0,53.676494070870945,49.697043741058074,49.022829309517306,8.780562113717608,10.867245139436687,,
,,17.175,17.38,17.055,,0.0,17.25,40130.0,46.30909704695613,46.107753146751975,46.65809314064334,45.78560290642532,64.14279743437234,62380.0,57.85549857733052,44836.0,39.031186200909865,66999.0,56.102464352886365,48.899721896249616,48.59444619232102,8.801582830727884,-27.80312225337965,,
,,16.85,17.035,16.755,,0.0,16.906,119164.0,45.38559969135306,45.23526291253396,45.73191119970421,44.98022730560869,46.30909704695613,40130.0,64.14279743437234,62380.0,57.85549857733052,44836.0,51.945831390893886,48.80461087291508,48.46846243762186,8.841001306459034,-1.9942028985507454,,
,,16.385,16.505,16.335,,0.0,16.481,62297.0,44.24465092352951,43.98693073126819,44.30908097159484,43.85270146446542,45.38559969135306,119164.0,46.30909704695613,40130.0,64.14279743437234,62380.0,45.3131158872796,48.70259663014498,48.44506819397908,8.89671821462158,-2.5139003903939194,,
,,14.545,14.555,14.38,,0.0,14.388,60527.0,38.62581381516549,39.0472937129262,39.07413956628675,38.60433713247705,44.24465092352951,62297.0,45.38559969135306,119164.0,46.30909704695613,40130.0,42.75202147668273,47.94209195565956,48.0843749784705,9.572609918155454,-12.699472119410249,,
,,27.515,28.37,28.3,,0.0,28.274,82860.0,75.90396579163117,73.8663655215651,76.16168598389248,75.97376501036861,38.62581381516549,60527.0,44.24465092352951,62297.0,45.38559969135306,119164.0,52.92481017677543,53.20963189719117,50.66579553518323,13.279322721624784,96.51098137336672,,
,,21.65,21.925,21.52,,0.0,21.75,37870.0,58.38973105920555,58.121272525600006,58.859533493015256,57.77227643191281,75.90396579163117,82860.0,38.62581381516549,60527.0,44.24465092352951,62297.0,57.63983688866744,53.28595082317332,51.567816208097845,13.311968610613741,-23.074202447478253,,
,,23.915,24.06,23.715,,0.0,23.897,48929.0,64.15353577571655,64.20185831176555,64.59112318549359,63.66494124455448,58.38973105920555,37870.0,75.90396579163117,82860.0,38.62581381516549,60527.0,66.14907754218446,53.287484871936776,51.49226430649743,13.313428794693815,9.87126436781609,,
,,17.535,17.775,17.475,,0.0,17.732,38468.0,47.60306717893484,47.07420386773192,47.71850434838522,46.91312874756861,64.15353577571655,48929.0,58.38973105920555,37870.0,75.90396579163117,82860.0,56.71544467128569,53.472337747933736,51.186029822091676,13.208960540737863,-25.798217349458085,,
,,17.285,17.32,16.715,,0.0,17.132,60006.0,45.9923159773016,46.40305753371807,46.49701802048001,44.87284389216648,47.60306717893484,38468.0,64.15353577571655,48929.0,58.38973105920555,37870.0,52.5829729773177,53.55901150306925,51.18181118799216,13.148907675260805,-3.3837130611323873,,
,,16.89,16.945,16.43,,0.0,16.67,113774.0,44.75203755204399,45.342646325976176,45.49029851945922,44.10773707139068,45.9923159773016,60006.0,47.60306717893484,38468.0,64.15353577571655,48929.0,46.11580690276019,53.63149530714274,51.167045968643855,13.090272076180451,-2.6967079150128526,,
,,16.44,16.485,16.37,,0.0,16.455,42267.0,44.17485170479206,44.13458292475124,44.25538926487373,43.94666195122736,44.75203755204399,113774.0,45.9923159773016,60006.0,47.60306717893484,38468.0,44.97306841137925,54.42421500566082,51.18315348066019,12.165457504144404,-1.289742051589704,,
,,17.225,17.985,17.125,,0.0,17.468,89571.0,46.89433665021621,46.24198241355475,48.28226726895687,45.9735238799492,44.17485170479206,42267.0,44.75203755204399,113774.0,45.9923159773016,60006.0,45.273741969017465,50.27998227117297,51.74480708418207,7.7791051030742,6.156183530841686,,
,,28.325,28.395,28.275,,0.0,28.333,74122.0,76.06235632645843,76.04087964376998,76.22880061729387,75.90665037696722,46.89433665021621,89571.0,44.17485170479206,42267.0,44.75203755204399,113774.0,55.71051489382228,52.80464302363767,53.045296923405495,12.365491366058913,62.199450423631774,,
,,21.665,21.75,21.365,,0.0,21.544,33025.0,57.83670647997813,58.16154130564084,58.38973105920555,57.35616570482421,76.06235632645843,74122.0,46.89433665021621,89571.0,44.17485170479206,42267.0,60.26446648555096,51.902238838532185,52.59486185523448,11.60643659844141,-23.961458370098466,,
,,23.94,23.96,23.485,,0.0,23.633,45061.0,63.44480524699792,64.26897294516694,64.32266465188805,63.04748661726172,57.83670647997813,33025.0,76.06235632645843,74122.0,46.89433665021621,89571.0,65.78128935114488,54.16534427682691,53.818841012380325,12.159719444701611,9.69643520237653,,
,,19.37,19.685,19.31,,0.0,19.353,33517.0,51.9547800086807,52.00041795939364,52.846062340251095,51.83934283923031,63.44480524699792,45061.0,57.83670647997813,33025.0,76.06235632645843,74122.0,57.745430578552295,55.017124852738206,54.28806817790372,11.691607770785794,-18.11026953835737,,
,,17.705,17.735,16.87,,0.0,17.071,57554.0,45.82855627180221,47.530583374861344,47.61112093494301,45.288954619255065,51.9547800086807,33517.0,63.44480524699792,45061.0,57.83670647997813,33025.0,53.74271384249366,55.170913241275095,54.40120427420892,11.540178889369823,-11.791453521417871,,
,,16.855,16.95,16.35,,0.0,16.493,73133.0,44.276865947562165,45.24868583921423,45.5037214461395,43.89297024450625,45.82855627180221,57554.0,51.9547800086807,33517.0,63.44480524699792,45061.0,47.353400742681735,55.18548670452797,54.804850855094394,11.524031291281824,-3.385859059223273,,
,,16.58,16.875,16.565,,0.0,16.796,75082.0,45.09029530438696,44.51042487179899,45.30237754593534,44.47015609175816,44.276865947562165,73133.0,45.82855627180221,57554.0,51.9547800086807,33517.0,45.065239174583816,54.92776651226665,52.603874391719806,11.758150120338716,1.8371430303765424,,
,,17.37,18.01,17.34,,0.0,17.901,64725.0,48.05676210072821,46.63124728728278,48.34938190235825,46.55070972720112,45.09029530438696,75082.0,44.276865947562165,73133.0,45.82855627180221,57554.0,45.80797445089249,50.92696733716233,51.8658051804,7.280334496060343,6.57894736842104,,
,,28.3,27.86,27.58,,0.0,28.025,107527.0,75.23550404295337,75.97376501036861,74.79254746250422,74.0408635684087,48.05676210072821,64725.0,45.09029530438696,75082.0,44.276865947562165,73133.0,56.127520482689555,53.41250984615879,52.657374342345484,11.675720056695937,56.555499692754616,,
,,21.43,22.01,21.25,,0.0,21.908,40326.0,58.81389554230232,57.53066375166782,59.08772324657997,57.04743839117784,75.23550404295337,107527.0,48.05676210072821,64725.0,45.09029530438696,75082.0,60.702053895328014,52.750951316916556,53.458147796871735,11.131030437995575,-21.826940231935765,,
,,23.655,24.185,23.555,,0.0,24.06,55419.0,64.59112318549359,63.50386612439115,64.92669635250053,63.2354075907856,58.81389554230232,40326.0,75.23550404295337,107527.0,48.05676210072821,64725.0,66.2135075902498,54.5561431993184,54.78663402602831,11.973190807444663,9.82289574584625,,
,,19.345,19.465,19.225,,0.0,19.399,29569.0,52.07827093413925,51.93330332599225,52.255453566318906,51.611153085665606,64.59112318549359,55419.0,58.81389554230232,40326.0,75.23550404295337,107527.0,58.49442988731176,55.44895957965226,55.309936410463685,11.434837256028255,-19.372402327514536,,
,,17.095,17.28,16.935,,0.0,17.113,33615.0,45.94130885591654,45.89298631986753,46.3896346070378,45.46345266609867,52.07827093413925,29569.0,64.59112318549359,55419.0,58.81389554230232,40326.0,54.2035676585165,55.6867371379886,55.436111921258295,11.17823031179158,-11.784112583122841,,
,,16.5,16.675,16.435,,0.0,16.532,38375.0,44.38156477566833,44.29565804491456,44.76546047872426,44.12115999807096,45.94130885591654,33615.0,52.07827093413925,29569.0,64.59112318549359,55419.0,47.46704818857475,55.58548991960022,55.25662821593344,11.292826506496532,-3.395079763922171,,
,,14.395,14.46,14.355,,0.0,14.445,43352.0,38.77883517932066,38.64460591251789,38.81910395936149,38.53722249907566,44.38156477566833,38375.0,45.94130885591654,33615.0,52.07827093413925,29569.0,43.03390293696855,54.260071787970574,52.59351956256645,12.771402634125705,-12.624001935639962,,
,,18.025,18.04,17.93,,0.0,18.002,25.0,48.32790521966981,48.38965068239908,48.42991946243991,48.13461507547382,38.77883517932066,43352.0,44.38156477566833,38375.0,45.94130885591654,33615.0,43.829435058219644,50.41612909893007,51.91431947254443,8.854781435209738,24.62443752163377,,
,,27.84,28.125,27.49,,0.0,28.067,55280.0,75.3482566270677,74.7388557557831,75.5039625765589,73.79925088816371,48.32790521966981,25.0,38.77883517932066,43352.0,44.38156477566833,38375.0,54.15166567535277,52.77818068246798,52.76456599969227,12.796330291994165,55.91045439395626,,
,,21.965,22.08,21.58,,0.0,21.674,33171.0,58.18570257366535,58.96691690645748,59.27564422010384,57.933351552076125,75.3482566270677,55280.0,48.32790521966981,25.0,38.77883517932066,43352.0,60.62062147346766,51.86312059506395,53.20963189719118,12.016036169288624,-22.777639220436807,,
,,19.4,19.5,19.265,,0.0,19.338,28571.0,51.91451122863987,52.080955519475296,52.34941405308084,51.71853649910782,58.18570257366535,33171.0,75.3482566270677,55280.0,48.32790521966981,25.0,61.81615680979101,51.83972635142118,53.64434296553672,12.015706884631467,-10.77789056011812,,
,,17.1,17.25,17.0,,0.0,17.132,20212.0,45.9923159773016,45.90640924654782,46.30909704695613,45.63795071294227,51.91451122863987,28571.0,58.18570257366535,33171.0,75.3482566270677,55280.0,52.03084325986898,51.847013083047614,53.766875110518114,12.011548464437336,-11.407591271072482,,
,,16.43,16.535,16.28,,0.0,16.52,62442.0,44.34934975163567,44.10773707139068,44.3896185316765,43.70504927098237,45.9923159773016,20212.0,51.91451122863987,28571.0,58.18570257366535,33171.0,47.41872565252576,51.84241093675724,53.713950428178734,12.014891231467413,-3.5722624328741737,,
,,14.435,14.46,14.35,,0.0,14.41,44977.0,38.68487469255872,38.7519893259601,38.81910395936149,38.52379957239538,44.34934975163567,62442.0,45.9923159773016,20212.0,51.91451122863987,28571.0,43.008846807165376,51.82898801007696,53.044529899023765,12.031958520584139,-12.772397094430987,,
,,18.055,18.06,17.26,,0.0,17.364,72242.0,46.61513977526645,48.470188242480745,48.48361116916102,46.33594290031669,38.68487469255872,44977.0,44.34934975163567,62442.0,45.9923159773016,20212.0,43.21645473982033,51.58430723230505,51.00021816561756,12.132021726101668,20.499653018736975,,
,,27.87,28.195,27.265,,0.0,27.486,76044.0,73.78851254681949,74.81939331586477,75.69188355008278,73.19521918755125,46.61513977526645,72242.0,38.68487469255872,44977.0,44.34934975163567,62442.0,53.0295090048816,51.36148664941244,52.069833665940216,11.626618931735656,58.293020041465105,,
,,19.405,19.825,19.36,,0.0,19.52,43117.0,52.40310575980195,52.09437844615558,53.221904287298855,51.97357210603308,73.78851254681949,76044.0,46.61513977526645,72242.0,38.68487469255872,44977.0,57.60225269396267,50.53540139028911,51.19926099267652,11.260607858856751,-28.982027213854323,,
,,17.14,17.335,16.94,,0.0,17.051,30191.0,45.774864565081096,46.01379265999003,46.537286800520846,45.47687559277895,52.40310575980195,43117.0,73.78851254681949,76044.0,46.61513977526645,72242.0,57.322160957234225,49.658309009780716,50.74901768060094,11.373825695546053,-12.648565573770497,,
,,16.87,17.21,16.84,,0.0,17.191,76087.0,46.150706512128856,45.288954619255065,46.20171363351392,45.20841705917341,45.774864565081096,30191.0,52.40310575980195,43117.0,73.78851254681949,76044.0,48.10955894567067,49.68093622904174,50.76397465604468,11.365471482711497,0.821066213125321,,
,,16.53,16.7,16.465,,0.0,16.575,71116.0,44.49700194511872,44.37619560499623,44.832575112125646,44.201697558152624,46.150706512128856,76087.0,45.774864565081096,30191.0,52.40310575980195,43117.0,45.474191007442926,49.70202939953932,50.77222016814829,11.354058730890403,-3.583270315862941,,
,,14.42,14.48,14.37,,0.0,14.449,36402.0,38.78957352066488,38.71172054591927,38.8727956660826,38.577491279116494,44.49700194511872,71116.0,46.150706512128856,76087.0,45.774864565081096,30191.0,43.14576065930419,49.71698637498306,50.77298719253001,11.337183126627231,-12.826546003016581,,
,,17.385,17.69,17.385,,0.0,17.664,52.0,47.42051537608308,46.671516067323616,47.49031459482052,46.671516067323616,38.78957352066488,36402.0,44.49700194511872,71116.0,46.150706512128856,76087.0,43.56903028062226,49.83204003224258,50.70817363227382,11.304497576867071,22.2506747871825,,
,,24.02,23.9,23.76,,0.0,23.861,38483.0,64.05689070361856,64.48373977205138,64.16158953172472,63.78574758467697,47.42051537608308,52.0,38.78957352066488,36402.0,44.49700194511872,71116.0,50.08899320012222,48.44180834035674,49.90164749488459,7.975531173259032,35.08265398550723,,
,,19.49,19.525,19.295,,0.0,19.418,27905.0,52.129278055524296,52.32256819972029,52.41652868648222,51.799074059189486,64.05689070361856,38483.0,47.42051537608308,52.0,38.78957352066488,36402.0,54.53556137840869,48.4026900968885,49.4690457435888,7.953504772215514,-18.620342818825698,,
,,16.5,16.59,16.325,,0.0,16.423,37628.0,44.08894497403829,44.29565804491456,44.53727072515955,43.82585561110486,52.129278055524296,27905.0,64.05689070361856,38483.0,47.42051537608308,52.0,53.42503791106042,48.161844441025245,48.91007672540297,8.071000686816838,-15.423833556493971,,
,,17.165,17.305,17.03,,0.0,17.139,91066.0,46.011108074653976,46.08090729339141,46.45674924043918,45.71848827302394,44.08894497403829,37628.0,52.129278055524296,27905.0,64.05689070361856,38483.0,47.40977703473889,48.14190180710026,48.911419018071,8.076968487698405,4.359739389880035,,
,,16.555,16.6,16.33,,0.0,16.405,87799.0,44.0406224379893,44.44331023839761,44.56411657852011,43.839278537785134,46.011108074653976,91066.0,44.08894497403829,37628.0,52.129278055524296,27905.0,44.71355849556056,48.076704734653205,48.889367067096266,8.11305493797364,-4.282630258474807,,
,,14.42,14.635,14.4,,0.0,14.613,66955.0,39.22984551577797,38.71172054591927,39.28890639317119,38.65802883919817,44.0406224379893,87799.0,46.011108074653976,91066.0,44.08894497403829,37628.0,43.09385867614045,48.13960073395507,48.928293554469064,8.030342282712645,-10.923498933252063,,
,,21.78,22.205,21.66,,0.0,21.723,40473.0,58.31724725513206,58.47026861928722,59.61121738711077,58.14811837896056,39.22984551577797,66955.0,44.0406224379893,87799.0,46.011108074653976,91066.0,47.19590506963314,49.696276716676344,49.76415837445946,8.879030607907863,48.65530691849722,,
,,23.8,23.81,23.235,,0.0,23.624,59099.0,63.42064397897342,63.89313099811918,63.91997685147974,62.37634028324786,58.31724725513206,40473.0,39.22984551577797,66955.0,44.0406224379893,87799.0,53.65591224996118,49.605384327441335,49.023596333899036,8.709155143683507,8.751093311236936,,
,,16.4,16.455,16.21,,0.0,16.254,44460.0,43.63525005224493,44.02719951130901,44.17485170479206,43.51712829745848,63.42064397897342,59099.0,58.31724725513206,40473.0,39.22984551577797,66955.0,55.1243804287835,48.39195175554427,48.39732092621639,8.888774131527976,-31.19708770741618,,
,,17.05,17.23,16.895,,0.0,17.117,79509.0,45.95204719726076,45.77217997974504,46.25540534023502,45.35606925265645,43.63525005224493,44460.0,63.42064397897342,59099.0,58.31724725513206,40473.0,51.00264707615975,48.65810921600463,48.409976828514935,8.76549315691423,5.309462286206479,,
,,16.475,16.715,16.42,,0.0,16.687,86402.0,44.79767550275693,44.22854341151318,44.87284389216648,44.08089121803013,45.95204719726076,79509.0,43.63525005224493,44460.0,63.42064397897342,59099.0,44.79499091742091,48.484761705733625,48.313331756416936,8.838261608863935,-2.5121224513641294,,
,,14.545,14.61,14.54,,0.0,14.555,15132.0,39.07413956628675,39.0472937129262,39.2217917597698,39.03387078624592,44.79767550275693,86402.0,45.95204719726076,79509.0,43.63525005224493,44460.0,43.27462075543485,47.77526415263326,47.92598444364323,9.433759743386696,-12.776412776412782,,
,,27.69,28.015,27.55,,0.0,27.905,50388.0,74.91335380262672,74.3361679553748,75.20865818959281,73.96032600832704,39.07413956628675,15132.0,44.79767550275693,86402.0,45.95204719726076,79509.0,52.928389623890176,52.87290819361166,50.506254463783364,13.009770970107919,91.72105805565099,,
,,21.77,22.215,21.645,,0.0,22.063,36001.0,59.2300062693909,58.44342276592666,59.63806324047133,58.107849598919735,74.91335380262672,50388.0,39.07413956628675,15132.0,44.79767550275693,86402.0,57.7391665461015,53.00330233850577,51.34978952759106,13.077829164054057,-20.935316251567826,,
,,23.59,23.655,23.14,,0.0,23.24,50310.0,62.38976320992814,63.32936807754754,63.50386612439115,62.1213046763226,59.2300062693909,36001.0,74.91335380262672,50388.0,39.07413956628675,15132.0,65.51104109398196,52.85603365721359,51.23070899232745,12.946109571670506,5.334723292389976,,
,,17.051,17.051,17.051,,0.0,17.051,53604.0,45.774864565081096,45.774864565081096,45.774864565081096,45.774864565081096,62.38976320992814,50310.0,59.2300062693909,36001.0,74.91335380262672,50388.0,55.798211348133414,53.161692873333045,50.77682231443867,12.715322979100943,-26.63080895008606,,
,,16.235,16.38,16.185,,0.0,16.261,44155.0,43.65404214959731,43.584242930859865,43.97350780458791,43.450013664057096,45.774864565081096,53604.0,62.38976320992814,50310.0,59.2300062693909,36001.0,50.606223308202225,52.83340643795255,50.74575782697859,12.959801042721654,-4.633159345492932,,
,,17.215,17.26,17.125,,0.0,17.193,56213.0,46.156075682800974,46.2151365601942,46.33594290031669,45.9735238799492,43.65404214959731,44155.0,45.774864565081096,53604.0,62.38976320992814,50310.0,45.19499413249317,53.02746360653027,50.75611265613195,12.828931011972342,5.731504827501399,,
,,16.53,16.53,16.44,,0.0,16.546,21051.0,44.41914897037311,44.37619560499623,44.37619560499623,44.13458292475124,46.156075682800974,56213.0,43.65404214959731,44155.0,45.774864565081096,53604.0,44.74308893425717,53.791036378542614,50.783150265587935,11.991770448350573,-3.7631594253475398,,
,,27.88,28.14,28.04,,0.0,28.056,67658.0,75.31872618837109,74.84623916922533,75.54423135659974,75.2757728229942,44.41914897037311,21051.0,46.156075682800974,56213.0,43.65404214959731,44155.0,55.29798361384843,53.848946719363234,53.360927456487445,12.111158841106086,69.56364075909588,,
,,22.115,22.145,21.725,,0.0,21.87,30632.0,58.71188129953221,59.369604706865786,59.45014226694745,58.32261642580417,75.31872618837109,67658.0,44.41914897037311,21051.0,46.156075682800974,56213.0,59.48325215275884,53.77492886652628,53.38911560251602,12.074318415541459,-22.048759623609925,,
,,23.185,23.26,22.8,,0.0,22.91,61485.0,61.50385004902985,62.24211101644509,62.44345491664925,61.20854566206376,58.71188129953221,30632.0,75.31872618837109,67658.0,44.41914897037311,21051.0,65.17815251231109,53.648369843540806,53.252201750377196,11.97319034883285,4.755372656607215,,
,,19.418,19.418,19.418,,0.0,19.418,53604.0,52.129278055524296,52.129278055524296,52.129278055524296,52.129278055524296,61.50385004902985,61485.0,58.71188129953221,30632.0,75.31872618837109,67658.0,57.44833646802882,54.556143199318406,53.858918036325726,11.50862654713537,-15.242252291575731,,
,,17.13,17.18,16.645,,0.0,16.746,47251.0,44.95606603758419,45.98694680662948,46.12117607343225,44.6849229186426,52.129278055524296,53604.0,61.50385004902985,61485.0,58.71188129953221,30632.0,52.86306471404615,54.74214661188796,53.787776524920254,11.311899364055257,-13.760428468431352,,
,,16.335,16.585,16.25,,0.0,16.343,49153.0,43.874178147153856,43.85270146446542,44.52384779847928,43.62451171090071,44.95606603758419,47251.0,52.129278055524296,53604.0,61.50385004902985,61485.0,46.98650741342082,54.41616124965265,53.72181242809147,11.629005852404026,-2.4065448465305117,,
,,17.145,17.385,17.085,,0.0,17.323,1616.0,46.50507177648818,46.02721558667031,46.671516067323616,45.86614046650698,43.874178147153856,49153.0,44.95606603758419,47251.0,52.129278055524296,53604.0,45.11177198707545,54.71415022195481,54.252593300248705,11.353605615534173,5.996451079973086,,
,,17.625,18.04,17.37,,0.0,17.595,75619.0,47.23527898789525,47.31581654797692,48.42991946243991,46.63124728728278,46.50507177648818,1616.0,43.874178147153856,49153.0,44.95606603758419,47251.0,45.87150963717914,50.702229193315404,52.275587956339315,6.977852518720468,1.5701668302257055,,
,,28.105,28.34,27.685,,0.0,27.877,64614.0,74.83818541321716,75.4502708698378,76.08114842381082,74.32274502869451,47.23527898789525,75619.0,46.50507177648818,1616.0,43.874178147153856,49153.0,56.19284539253357,53.005986923841824,53.39045789518405,11.353276418856314,58.43705598181303,,
,,21.975,22.075,21.73,,0.0,21.965,29071.0,58.96691690645748,58.99376275981803,59.26222129342357,58.33603935248444,74.83818541321716,64614.0,47.23527898789525,75619.0,46.50507177648818,1616.0,60.34679376919001,52.64356790347434,53.14596887350758,11.073849740091141,-21.207446999318424,,
,,22.83,23.46,22.785,,0.0,23.36,58990.0,62.71191345025479,61.289083222145415,62.98037198386034,61.16827688202292,58.96691690645748,29071.0,74.83818541321716,64614.0,47.23527898789525,75619.0,65.50567192330986,54.15537295986441,54.35575807959141,11.69678798288006,6.351012975187786,,
,,19.445,19.5,19.025,,0.0,19.067,54047.0,51.18698860256884,52.2017618595978,52.34941405308084,51.074236018454506,62.71191345025479,58990.0,58.96691690645748,29071.0,74.83818541321716,64614.0,57.62193965309374,55.04550475486223,54.89382568337509,11.102002899280135,-18.377568493150687,,
,,16.735,16.81,16.58,,0.0,16.647,29582.0,44.6902920893147,44.92653559888758,45.12787949909174,44.51042487179899,51.18698860256884,54047.0,62.71191345025479,58990.0,58.96691690645748,29071.0,52.86306471404615,55.162092460885205,54.78912685526893,10.968618513544298,-12.692085802695763,,
,,16.335,16.395,16.14,,0.0,16.269,9034.0,43.67551883228575,43.85270146446542,44.01377658462874,43.32920732393461,44.6902920893147,29582.0,51.18698860256884,54047.0,62.71191345025479,58990.0,46.5175998413898,54.75787061171342,54.73601041683412,11.385057107496381,-2.270679401693998,,
,,17.56,17.86,17.225,,0.0,17.757,63867.0,47.67018181233624,47.14131850113331,47.94669410194994,46.24198241355475,43.67551883228575,9034.0,44.6902920893147,29582.0,51.18698860256884,54047.0,45.34533091131227,54.819999586633564,52.76111438997448,11.338254420009049,9.146229024525198,,
,,27.765,27.98,27.93,,0.0,27.94,55762.0,75.00731428938866,74.53751185557896,75.11469770283087,74.9804684360281,47.67018181233624,63867.0,43.67551883228575,9034.0,44.6902920893147,29582.0,55.451004978003596,54.84416085465807,53.92507388924995,11.388092498376395,57.346398603367675,,
,,22.035,22.475,21.94,,0.0,22.096,37447.0,59.31859758548074,59.15483787998135,60.33605542784574,58.89980227305609,75.00731428938866,55762.0,47.67018181233624,63867.0,43.67551883228575,9034.0,60.66536456240192,54.89440095166139,53.76898442756787,11.410066481208004,-20.916249105225482,,
,,19.07,19.155,18.97,,0.0,19.059,35031.0,51.1655119198804,51.19504235857701,51.423232112141726,50.92658382497146,59.31859758548074,37447.0,75.00731428938866,55762.0,47.67018181233624,63867.0,61.83047459824997,53.24491501875076,53.70014398930759,10.915456834836695,-13.744569152787832,,
,,16.675,16.775,16.54,,0.0,16.669,34408.0,44.74935296670792,44.76546047872426,45.0339190123298,44.403041458356775,51.1655119198804,35031.0,59.31859758548074,37447.0,75.00731428938866,55762.0,51.74448749068973,52.32525278505635,53.685378769959286,11.379090843561874,-12.540007345611015,,
,,14.57,14.61,14.265,,0.0,14.32,102194.0,38.44326201231373,39.11440834632759,39.2217917597698,38.29560981883068,44.74935296670792,34408.0,51.1655119198804,35031.0,59.31859758548074,37447.0,44.78604229963406,51.432819916913346,53.297456188899275,12.286471140894491,-14.092027116203699,,
,,17.8,18.11,17.685,,0.0,17.967,58267.0,48.233944732907865,47.78561898178661,48.6178404359638,47.47689166814024,38.44326201231373,102194.0,44.74935296670792,34408.0,51.1655119198804,35031.0,43.808853237309876,52.084023617002224,53.42094711435782,11.92219818300031,25.467877094972025,,
,,27.98,28.095,27.48,,0.0,28.014,65114.0,75.20597360425676,75.11469770283087,75.42342501647724,73.77240503480316,48.233944732907865,58267.0,38.44326201231373,102194.0,44.74935296670792,34408.0,53.96106011649283,56.017708158705155,55.41885387266937,14.48941171056457,55.919185172816846,,
,,19.035,19.095,18.78,,0.0,19.014,43560.0,51.0447055797579,51.10108187181506,51.2621569919784,50.416512611120936,75.20597360425676,65114.0,48.233944732907865,58267.0,38.44326201231373,102194.0,58.16154130564089,52.59447834304361,53.71931959885084,11.844509328273553,-32.12679374598415,,
,,16.67,16.85,16.64,,0.0,16.701,28815.0,44.8352596974617,44.75203755204399,45.23526291253396,44.67149999196232,51.0447055797579,43560.0,75.20597360425676,65114.0,48.233944732907865,58267.0,57.028646293825496,50.52543007332661,52.709915512494,11.738678067055742,-12.164720732092139,,
,,16.48,16.53,16.31,,0.0,16.373,102814.0,43.95471570723552,44.24196633819345,44.37619560499623,43.78558683106403,44.8352596974617,28815.0,51.0447055797579,43560.0,75.20597360425676,65114.0,46.61156032815176,49.49531632866306,51.370115673706906,11.98690965730052,-1.9639542542362665,,
,,14.325,14.45,14.32,,0.0,14.411,69962.0,38.68755927789476,38.456684938994,38.792258106000936,38.44326201231373,43.95471570723552,102814.0,44.8352596974617,28815.0,51.0447055797579,43560.0,42.492511560864045,48.629345801689745,50.47729929337305,12.5906719992356,-11.983142979295202,,
,,17.865,17.865,17.865,,0.0,18.44,25.0,49.50375359686209,47.960117028630215,47.960117028630215,47.960117028630215,38.68755927789476,69962.0,43.95471570723552,102814.0,44.8352596974617,28815.0,44.0486761939975,50.2094160280538,50.82111797248358,11.7663507578489,27.957810006245264,,
,,19.035,19.085,18.615,,0.0,18.682,41488.0,50.1534232481875,51.10108187181506,51.235311138617845,49.97355603067179,49.50375359686209,25.0,38.68755927789476,69962.0,43.95471570723552,102814.0,46.114912040981494,50.483627244522324,51.28382543076226,11.734964612609474,1.3123644251626931,,
,,17.4,17.465,17.205,,0.0,17.427,74117.0,46.784268651437934,46.71178484736444,46.88628289420805,46.188290706833634,50.1534232481875,41488.0,49.50375359686209,25.0,38.68755927789476,69962.0,48.81381516549589,46.42338367983392,51.22054591926953,4.346419342258906,-6.7176961781393985,,
,,16.375,16.58,16.325,,0.0,16.544,63338.0,44.413779799701,43.96008487790763,44.51042487179899,43.82585561110486,46.784268651437934,74117.0,50.1534232481875,41488.0,49.50375359686209,25.0,47.117157233108856,45.476108568397215,49.03529345572042,3.86757347027111,-5.066850289780211,,
,,14.355,14.485,14.305,,0.0,14.46,136.0,38.81910395936149,38.53722249907566,38.88621859276287,38.40299323227289,44.413779799701,63338.0,46.784268651437934,74117.0,50.1534232481875,41488.0,43.339050803500186,44.616657748668615,47.57104391099761,4.627511577444317,-12.596711798839443,,
,,23.425,23.51,23.03,,0.0,23.239,77804.0,62.387078624592085,62.88641149709839,63.11460125066311,61.82600028935651,38.81910395936149,136.0,44.413779799701,63338.0,46.784268651437934,74117.0,48.53998746121824,47.24985245114812,48.37258438990558,8.116822765604024,60.712309820193624,,
,,16.22,16.245,15.915,,0.0,15.994,67547.0,42.93725786487051,43.54397415081903,43.61108878422043,42.72517562332213,62.387078624592085,77804.0,38.81910395936149,136.0,44.413779799701,63338.0,48.047813482941415,47.85695224928752,48.24314902548864,7.505581116474933,-31.176040277120364,,
,,17.385,17.42,17.225,,0.0,17.406,69459.0,46.727892359380775,46.671516067323616,46.76547655408556,46.24198241355475,42.93725786487051,67547.0,62.387078624592085,77804.0,38.81910395936149,136.0,50.68407628294784,47.46040064393305,48.83490833599342,7.477349538245138,8.828310616481172,,
,,16.525,16.615,16.41,,0.0,16.458,71698.0,44.18290546080023,44.36277267831594,44.60438535856093,44.05404536466957,46.727892359380775,69459.0,42.93725786487051,67547.0,62.387078624592085,77804.0,44.61601856168389,46.60746953144915,48.54554838798573,7.459464907669319,-5.446397793864188,,
,,14.49,14.67,14.46,,0.0,14.567,85094.0,39.10635459031941,38.89964151944315,39.382866879933125,38.81910395936149,44.18290546080023,71698.0,46.727892359380775,69459.0,42.93725786487051,67547.0,43.339050803500186,45.510624665575065,45.96700417270449,7.975751658048185,-11.489852959047276,,
,,22.15,22.31,21.455,,0.0,21.688,65589.0,58.22328676837012,59.46356519362772,59.893098847396594,57.5977783850692,39.10635459031941,85094.0,44.18290546080023,71698.0,46.727892359380775,69459.0,47.170848939829966,47.48341137538495,46.479759971891085,9.263199450229399,48.88446488638707,,
,,23.31,23.735,23.16,,0.0,23.587,75524.0,63.321314321539376,62.57768418345202,63.71863295127558,62.174996383043705,58.22328676837012,65589.0,39.10635459031941,85094.0,44.18290546080023,71698.0,53.550318560076356,50.98372714141036,47.800192445039485,10.040290980408466,8.755994098118759,,
,,19.525,19.72,19.47,,0.0,19.655,47072.0,52.76552478016944,52.41652868648222,52.94002282701303,52.268876492999176,63.321314321539376,75524.0,58.22328676837012,65589.0,39.10635459031941,85094.0,58.10337529002636,49.609219449349986,48.429535950249054,8.801118639462837,-16.67019968626784,,
,,17.33,17.465,17.105,,0.0,17.443,61648.0,46.82722201681483,46.52386387384056,46.88628289420805,45.91983217322809,52.76552478016944,47072.0,63.321314321539376,75524.0,58.22328676837012,65589.0,54.30468703950793,50.16492861391345,49.01094043160049,8.424378171277738,-11.254133808191312,,
,,16.945,16.955,16.705,,0.0,16.767,96274.0,45.01244232964136,45.49029851945922,45.51714437281977,44.84599803880592,46.82722201681483,61648.0,52.76552478016944,47072.0,63.321314321539376,75524.0,48.20172970887526,49.91986432395068,48.69013248394186,8.564805763387556,-3.8754801352978263,,
,,16.875,17.145,16.825,,0.0,16.991,106212.0,45.61378944491777,45.30237754593534,46.02721558667031,45.16814827913257,45.01244232964136,96274.0,46.82722201681483,61648.0,52.76552478016944,47072.0,45.817817930458034,50.124276321681755,48.36587292656545,8.420931070849422,1.335957535635468,,
,,14.76,14.925,14.72,,0.0,14.892,72054.0,39.97884482453743,39.62447956017812,40.06743614062726,39.5170961467359,45.61378944491777,106212.0,45.01244232964136,96274.0,46.82722201681483,61648.0,43.53502553303224,50.248917783712905,47.87977122464399,8.235076534013956,-12.353598964157486,,
,,22.01,22.04,20.91,,0.0,21.255,82229.0,57.06086131785812,59.08772324657997,59.16826080666163,56.134679376919,39.97884482453743,72054.0,45.61378944491777,106212.0,45.01244232964136,96274.0,47.55116519577115,50.082857005068334,48.78313419022663,8.057273048410933,42.72763900080581,,
,,24.145,24.52,23.665,,0.0,23.822,70666.0,63.9521918755124,64.8193129390583,65.82603244007909,63.53071197775169,57.06086131785812,82229.0,39.97884482453743,72054.0,45.61378944491777,106212.0,53.66396600596937,50.17298236992162,50.57835475566599,8.231673922707092,12.077158315690406,,
,,17.46,17.5,17.225,,0.0,17.424,48076.0,46.776214895429774,46.87285996752777,46.98024338096999,46.24198241355475,63.9521918755124,70666.0,57.06086131785812,82229.0,39.97884482453743,72054.0,55.92975602960015,49.31736667210167,49.46329306072583,8.228557376488661,-26.85752665603224,,
,,16.82,17.365,16.79,,0.0,17.136,125328.0,46.00305431864581,45.154725352452296,46.617824360602505,45.07418779237063,46.776214895429774,48076.0,63.9521918755124,70666.0,57.06086131785812,82229.0,52.24382036319604,49.1996284295061,49.68227852170977,8.275886144945705,-1.6528925619834767,,
,,17.075,17.35,16.965,,0.0,17.262,135613.0,46.34131207098879,45.83929461314643,46.57755558056168,45.543990226180334,46.00305431864581,125328.0,46.776214895429774,48076.0,63.9521918755124,70666.0,46.37352709502151,49.389466963984304,49.6546656439675,8.178497449520533,0.7352941176470562,,
,,14.89,15.12,14.775,,0.0,14.803,110922.0,39.7399167296285,39.97347565386532,40.59093028115807,39.66474834021895,46.34131207098879,135613.0,46.00305431864581,125328.0,46.776214895429774,48076.0,44.02809437308775,48.550342290371546,49.337309306026654,8.89996339564752,-14.245162785308763,,
,,28.095,28.16,27.565,,0.0,28.039,59688.0,75.27308823765814,75.42342501647724,75.59792306332085,74.00059478836788,39.7399167296285,110922.0,46.34131207098879,135613.0,46.00305431864581,125328.0,53.78477234609186,53.59237706367451,51.92064742369371,12.502905463886162,89.41430791055869,,
,,21.07,21.36,20.845,,0.0,20.954,57233.0,56.25280113170544,56.56421303068787,57.342742778143936,55.960181330075386,75.27308823765814,59688.0,39.7399167296285,110922.0,46.34131207098879,135613.0,57.088602032997414,53.476939894224124,51.779898449646225,12.46922921470322,-25.268376190306352,,
,,23.73,24.175,23.715,,0.0,24.105,57204.0,64.71192952561609,63.7052100245953,64.89985049913997,63.66494124455448,56.25280113170544,57233.0,75.27308823765814,59688.0,39.7399167296285,110922.0,65.4126062983266,53.58547384423894,51.87922810708028,12.578431896641636,15.037701632146593,,
,,16.045,16.235,15.81,,0.0,16.083,49088.0,43.176185959779446,43.07417171700934,43.584242930859865,42.44329416303631,64.71192952561609,57204.0,56.25280113170544,57233.0,75.27308823765814,59688.0,54.71363887236705,53.07118399628889,51.194275334195275,12.970720247069268,-33.279402613565644,,
,,17.4,17.635,17.355,,0.0,17.503,50715.0,46.98829713697816,46.71178484736444,47.34266240133747,46.59097850724195,43.176185959779446,49088.0,64.71192952561609,57204.0,56.25280113170544,57233.0,51.62547087412461,53.21193297033636,51.20578069992122,12.886309827705555,8.829198532612104,,
,,16.875,17.065,16.62,,0.0,16.716,99484.0,44.87552847750253,45.30237754593534,45.81244875978587,44.61780828524121,46.98829713697816,50715.0,43.176185959779446,49088.0,64.71192952561609,57204.0,45.0133371914201,53.002535314124046,51.19600113905417,13.027695898420426,-4.496372050505649,,
,,17.195,17.275,16.46,,0.0,16.48,162916.0,44.24196633819345,46.161444853473085,46.37621168035752,44.188274631472346,44.87552847750253,99484.0,46.98829713697816,50715.0,43.176185959779446,49088.0,45.36859731755809,53.64568525820475,51.098013774288155,12.357724889318938,-1.411821009810954,,
,,17.56,17.63,17.015,,0.0,17.399,73661.0,46.70910026202839,47.14131850113331,47.32923947465719,45.678219492983104,44.24196633819345,162916.0,44.87552847750253,99484.0,46.98829713697816,50715.0,45.275531692574845,49.56511554740051,51.5787463055375,7.959213678298994,5.576456310679623,,
,,28.0,28.03,27.485,,0.0,27.693,61731.0,74.34422171138297,75.16838940955198,75.24892696963364,73.78582796148343,46.70910026202839,73661.0,44.24196633819345,162916.0,44.87552847750253,99484.0,55.09842943720165,52.149604201640145,52.81327204793214,12.265238052079496,59.16431978849359,,
,,21.085,21.92,21.06,,0.0,21.502,16569.0,57.72395389586381,56.6044818107287,58.846110566334985,56.53736717732731,74.34422171138297,61731.0,46.70910026202839,73661.0,44.24196633819345,162916.0,59.592425289758445,51.1513219688184,52.368397906528664,11.320348727686376,-22.355829993139075,,
,,24.0,24.01,23.27,,0.0,23.947,86909.0,64.28776504251933,64.43004806533027,64.45689391869082,62.47030077000981,57.72395389586381,16569.0,74.34422171138297,61731.0,46.70910026202839,73661.0,65.45198021658875,54.16726183778123,53.61922291703506,11.648990379085108,11.371035252534645,,
,,19.67,19.875,19.57,,0.0,19.715,46725.0,52.92659990033276,52.80579356021027,53.356133554101625,52.53733502660472,64.28776504251933,86909.0,57.72395389586381,16569.0,74.34422171138297,61731.0,58.31277294623868,55.015590803974746,54.113761887155555,11.248391994233229,-17.672359794546278,,
,,15.975,16.105,15.85,,0.0,15.965,33029.0,42.85940489012491,42.886250743485455,43.23524683717266,42.55067757647853,52.92659990033276,46725.0,64.28776504251933,86909.0,57.72395389586381,16569.0,53.35792327765905,54.72757314863509,53.86505423137957,11.57244750498938,-19.021049961957903,,
,,17.55,17.88,17.17,,0.0,17.607,82130.0,47.26749401192792,47.11447264777276,48.00038580867105,46.0943302200717,42.85940489012491,33029.0,52.92659990033276,46725.0,64.28776504251933,86909.0,47.684499600795256,55.159791387740015,54.402738322972375,11.164873411983216,10.284998434074556,,
,,16.72,16.8,16.62,,0.0,16.661,66837.0,44.72787628401949,44.88626681884675,45.10103364573119,44.61780828524121,47.26749401192792,82130.0,42.85940489012491,33029.0,52.92659990033276,46725.0,44.95159172869083,54.876759390881595,52.22093746914105,11.436610164175907,-5.3728630658260945,,
,,17.52,17.79,17.465,,0.0,17.652,64317.0,47.388300352050415,47.0339350876911,47.75877312842606,46.88628289420805,44.72787628401949,66837.0,47.26749401192792,82130.0,42.85940489012491,33029.0,46.461223549332665,51.02591348240552,51.58775884202283,7.7251552560915115,5.9480223275913735,,
,,27.795,27.97,26.7,,0.0,27.812,72327.0,74.66368736637357,74.61804941566062,75.08785184947031,71.67842847267991,47.388300352050415,64317.0,44.72787628401949,66837.0,47.26749401192792,82130.0,55.59328800081454,53.44587540676405,52.29859868779123,11.768285355042012,57.55721731248584,,
,,21.77,22.065,21.4,,0.0,21.975,13693.0,58.99376275981803,58.44342276592666,59.23537544006302,57.45012619158615,74.66368736637357,72327.0,47.388300352050415,64317.0,44.72787628401949,66837.0,60.348583492747395,52.68958936637815,53.42842560207969,11.106934353293875,-20.987343592693797,,
,,23.965,24.29,23.91,,0.0,24.126,61394.0,64.76830581767325,64.33608757856832,65.20857781278634,64.18843538508527,58.99376275981803,13693.0,74.66368736637357,72327.0,47.388300352050415,64317.0,66.14191864795501,54.38126164028394,54.69842622212934,12.013817571944326,9.788395904436854,,
,,19.665,19.775,19.435,,0.0,19.732,38858.0,52.9722378510457,52.792370633529984,53.08767502049608,52.17491600623724,64.76830581767325,61394.0,58.99376275981803,13693.0,74.66368736637357,72327.0,58.911435476179044,55.825952063272624,55.276762605953856,10.959114380667188,-18.212716571333843,,
,,15.965,16.25,15.885,,0.0,15.947,38139.0,42.81108235407591,42.85940489012491,43.62451171090071,42.64463806324047,52.9722378510457,38858.0,64.76830581767325,61394.0,58.99376275981803,13693.0,53.517208674265014,55.18932182643662,55.17455660708831,11.647000121439282,-19.18203932698155,,
,,17.21,17.53,17.21,,0.0,17.411,62268.0,46.74131528606106,46.20171363351392,47.06078094105165,46.20171363351392,42.81108235407591,38139.0,52.9722378510457,38858.0,64.76830581767325,61394.0,47.50821183039428,55.47695596958541,55.17685768023351,11.367083390503582,9.18041010848436,,
,,14.84,14.89,14.755,,0.0,14.829,63520.0,39.80971594836594,39.83924638706255,39.97347565386532,39.61105663349784,46.74131528606106,62268.0,42.81108235407591,38139.0,52.9722378510457,38858.0,43.12070452950103,54.394301054773344,52.71010726858943,12.563801026304548,-14.8297053586813,,
,,17.63,17.815,17.515,,0.0,17.775,42829.0,47.71850434838522,47.32923947465719,47.825887761827445,47.02051216101082,39.80971594836594,63520.0,46.74131528606106,62268.0,42.81108235407591,38139.0,44.75651186093746,50.54498919506073,51.9954323009124,8.917140844410188,19.866477847461027,,
,,27.005,27.32,25.82,,0.0,25.856,150569.0,69.41263844904914,72.49722700017684,73.34287138103429,69.31599337695114,47.71850434838522,42829.0,39.80971594836594,63520.0,46.74131528606106,62268.0,52.313619581933494,52.033400007808034,52.36149468709309,11.15191501809411,45.46272855133617,,
,,22.06,22.06,21.655,,0.0,21.681,12789.0,58.20449467101773,59.22195251338274,59.22195251338274,58.13469545228029,69.41263844904914,150569.0,47.71850434838522,42829.0,39.80971594836594,63520.0,58.445212489484085,51.09571270114295,52.73848717071344,10.131971117748574,-16.147122524752476,,
,,19.74,19.92,19.665,,0.0,19.778,40279.0,53.09572877650425,52.99371453373414,53.47693989422413,52.792370633529984,58.20449467101773,12789.0,69.41263844904914,150569.0,47.71850434838522,42829.0,60.237620632190435,51.113354261922744,53.46965316259769,10.135889793831346,-8.777270421106032,,
,,16.075,16.43,16.02,,0.0,16.153,56698.0,43.364106933303326,43.154709277091,44.10773707139068,43.007057083607954,53.09572877650425,40279.0,58.20449467101773,12789.0,69.41263844904914,150569.0,51.55477679360849,51.19235777324095,53.19083979983879,10.062281019736155,-18.328445747800593,,
,,16.55,16.635,16.425,,0.0,16.44,74855.0,44.13458292475124,44.42988731171733,44.65807706528204,44.0943141447104,43.364106933303326,56698.0,53.09572877650425,40279.0,58.20449467101773,12789.0,46.864806211519664,50.81996743591098,53.14846170274819,10.299892237031663,1.7767597350337505,,
,,14.83,15.08,14.8,,0.0,14.993,104597.0,40.24998794347904,39.812400533702,40.48354686771585,39.73186297362033,44.13458292475124,74855.0,43.364106933303326,56698.0,53.09572877650425,40279.0,42.582892600511265,50.882863435212855,52.638582244993096,10.222506361546383,-8.801703163017027,,
,,17.86,18.07,17.565,,0.0,17.67,10696.0,47.43662288809941,47.94669410194994,48.51045702252158,47.15474142781359,40.24998794347904,104597.0,44.13458292475124,74855.0,43.364106933303326,56698.0,43.940397918776625,50.84259465517202,50.69379192511638,10.237593079160062,17.854998999533066,,
,,25.95,26.555,25.77,,0.0,25.969,86513.0,69.71599659202342,69.66498947063835,71.28916359895189,69.18176411014838,47.43662288809941,10696.0,40.24998794347904,104597.0,44.13458292475124,74855.0,52.46753580786734,50.885931532739775,51.4596657702739,10.329532902439867,46.96661007357106,,
,,19.895,20.925,19.83,,0.0,20.648,92452.0,55.43131801887248,53.409825260822736,56.17494815695983,53.235327213979126,69.71599659202342,86513.0,47.43662288809941,10696.0,40.24998794347904,104597.0,57.527979166331825,50.489763439576166,50.79273807035956,10.051500946696112,-20.489814779159765,,
,,16.11,16.19,15.87,,0.0,16.109,35550.0,43.2459851785169,43.24866976385294,43.46343659073737,42.60436928319964,55.43131801887248,92452.0,69.71599659202342,86513.0,47.43662288809941,10696.0,56.13109992980432,49.08265721129226,50.098005736607504,10.31194825015293,-21.982758620689648,,
,,16.67,16.68,16.445,,0.0,16.502,72542.0,44.30102721558666,44.75203755204399,44.778883405404535,44.14800585143151,43.2459851785169,35550.0,55.43131801887248,92452.0,69.71599659202342,86513.0,47.65944347099207,49.21650296590417,50.204430369572556,10.23111614646502,2.439630020485395,,
,,16.47,16.55,16.24,,0.0,16.323,108516.0,43.82048644043275,44.215120484832894,44.42988731171733,43.59766585754014,44.30102721558666,72542.0,43.2459851785169,35550.0,55.43131801887248,92452.0,43.78916627817883,49.17163203957295,49.99579973774196,10.257772783382556,-1.0847170039994802,,
,,14.995,15.17,14.905,,0.0,14.958,86503.0,40.15602745671709,40.25535711415114,40.72515954796084,40.01374443390615,43.82048644043275,108516.0,44.30102721558666,72542.0,43.2459851785169,35550.0,42.759180370912226,49.15820911289267,50.02053627405276,10.271445421209739,-8.362433376217615,,
,,17.66,18.205,17.64,,0.0,18.022,13110.0,48.38159692639091,47.40977703473885,48.87287604288906,47.35608532801775,40.15602745671709,86503.0,43.82048644043275,108516.0,44.30102721558666,72542.0,44.11937027451364,49.29320540407717,50.067900029624596,10.251237694491117,20.48402192806522,,
,,20.77,20.99,20.58,,0.0,20.949,77150.0,56.23937820502516,55.75883742987124,56.34944620380343,55.2487662160207,48.38159692639091,13110.0,40.15602745671709,86503.0,43.82048644043275,108516.0,48.25900086271111,47.367974205934566,49.126952869337174,6.268180971166934,16.24126068138945,,
,,17.46,17.66,17.3,,0.0,17.514,62130.0,47.01782757567476,46.87285996752777,47.40977703473885,46.4433263137589,56.23937820502516,77150.0,48.38159692639091,13110.0,40.15602745671709,86503.0,50.546267569030334,46.166046999763466,48.32790521966981,5.175796915746288,-16.396964055563522,,
,,16.465,16.605,16.36,,0.0,16.417,77955.0,44.07283746202196,44.201697558152624,44.57753950520038,43.9198160978668,47.01782757567476,62130.0,56.23937820502516,77150.0,48.38159692639091,13110.0,49.11001441424068,46.2841687545499,47.68341298292108,5.107026828540689,-6.26356058010733,,
,,16.305,16.37,16.25,,0.0,16.309,70782.0,43.782902245727975,43.77216390438375,43.94666195122736,43.62451171090071,44.07283746202196,77955.0,47.01782757567476,62130.0,56.23937820502516,77150.0,44.957855761141616,46.21015090171295,47.71332693380855,5.144179096341623,-0.6578546628494775,,
,,15.17,15.52,15.12,,0.0,15.492,198449.0,41.58959602617069,40.72515954796084,41.66476441558024,40.59093028115807,43.782902245727975,70782.0,44.07283746202196,77955.0,47.01782757567476,62130.0,43.148445244640264,45.89145227110408,47.531542155338514,5.380574951492272,-5.009503954871541,,
,,24.44,24.47,23.315,,0.0,23.445,19778.0,62.940103203819504,65.61126561319466,65.69180317327631,62.5911071101323,41.58959602617069,198449.0,43.782902245727975,70782.0,44.07283746202196,77955.0,49.43753382523945,49.14632023497585,49.15226467393426,7.716926886615124,51.33617350890782,,
,,17.5,17.605,17.19,,0.0,17.319,73413.0,46.49433343514395,46.98024338096999,47.262124841255805,46.14802192679281,62.940103203819504,19778.0,41.58959602617069,198449.0,43.782902245727975,70782.0,50.34134422171144,48.87671116479771,49.08495828443744,7.780800862089042,-26.129238643634046,,
,,16.415,16.495,16.315,,0.0,16.374,81374.0,43.95740029257157,44.06746829134985,44.28223511823428,43.79900975774431,46.49433343514395,73413.0,62.940103203819504,19778.0,41.58959602617069,198449.0,51.13061231051174,47.12214289159006,47.24505854876231,7.207477102146935,-5.456435129049019,,
,,16.29,16.36,16.19,,0.0,16.326,81579.0,43.82854019644091,43.73189512434292,43.9198160978668,43.46343659073737,43.95740029257157,81374.0,46.49433343514395,73413.0,62.940103203819504,19778.0,44.7600913080522,46.66653040884237,46.416288704302914,7.315169341342966,-0.2931476731403371,,
,,15.525,15.625,15.235,,0.0,15.37,42848.0,41.26207661517193,41.67818734226052,41.94664587586606,40.89965759480444,43.82854019644091,81579.0,43.95740029257157,81374.0,46.49433343514395,73413.0,43.01600570139485,46.26499314500665,46.27458094977827,7.554496094390152,-5.855690309935058,,
,,25.895,26.17,25.615,,0.0,26.065,12938.0,69.97371678428473,69.5173372771553,70.25559824457055,68.76565338305979,41.26207661517193,42848.0,43.82854019644091,81579.0,43.95740029257157,81374.0,51.688111198632576,50.00653807908618,48.10834449039957,11.549683685107047,69.58360442420299,,
,,21.625,22.03,21.525,,0.0,21.851,19616.0,58.66087417814715,58.054157892198624,59.14141495330108,57.78569935859308,69.97371678428473,12938.0,41.26207661517193,42848.0,43.82854019644091,81579.0,56.632222525867995,52.44529210079711,49.168372185950595,11.27527627821645,-16.167274122386356,,
,,23.43,23.435,22.725,,0.0,23.019,19810.0,61.79646985065989,62.89983442377867,62.91325735045895,61.007201761859605,58.66087417814715,19616.0,69.97371678428473,12938.0,41.26207661517193,42848.0,63.47702027103065,52.281915907488596,50.71411807123222,11.104861950652442,5.345293121596262,,
,,16.17,16.23,15.985,,0.0,16.142,49447.0,43.33457649460672,43.40974488401627,43.57082000417959,42.91309659684601,61.79646985065989,19810.0,58.66087417814715,19616.0,69.97371678428473,12938.0,54.59730684113797,51.830522058840415,50.353616611819064,11.438533053581262,-29.875320387505955,,
,,17.31,17.355,17.125,,0.0,17.312,58293.0,46.47554133779157,46.47017216711946,46.59097850724195,45.9735238799492,43.33457649460672,49447.0,61.79646985065989,19810.0,58.66087417814715,19616.0,50.53552922768612,52.19025649387184,49.656199692730944,11.18648098254692,7.248172469334646,,
,,16.465,16.705,16.465,,0.0,16.573,36159.0,44.49163277444661,44.201697558152624,44.84599803880592,44.201697558152624,46.47554133779157,58293.0,43.33457649460672,49447.0,61.79646985065989,19810.0,44.767250202281694,52.28498400501552,49.47575720692895,11.106393318432302,-4.268715341959339,,
,,16.39,16.565,16.385,,0.0,16.539,25565.0,44.400356873020726,44.00035365794847,44.47015609175816,43.98693073126819,44.49163277444661,36159.0,46.47554133779157,58293.0,43.33457649460672,49447.0,45.122510328419686,52.73330975613677,49.49915145057171,10.640862442286632,-0.20515295963312585,,
,,18.08,18.36,17.95,,0.0,18.074,18925.0,48.52119536386581,48.537302875882126,49.28898676997765,48.18830678219493,44.400356873020726,25565.0,44.49163277444661,36159.0,46.47554133779157,58293.0,45.80439500377776,49.66866383893406,49.837600959010125,7.4625019493751426,9.28109317371062,,
,,26.02,26.12,25.775,,0.0,25.898,13025.0,69.52539103316347,69.85291044416223,70.12136897776777,69.19518703682866,48.52119536386581,18925.0,44.400356873020726,25565.0,44.49163277444661,36159.0,54.148981090016726,51.220737675364965,51.83301488808104,10.252648826781575,43.288702002877045,,
,,21.735,21.76,21.285,,0.0,21.497,22554.0,57.71053096918353,58.34946227916472,58.41657691256611,57.14139887793978,69.52539103316347,13025.0,48.52119536386581,18925.0,44.400356873020726,25565.0,58.58570578873766,50.63703212086835,51.45947401417846,9.648723305221145,-16.993590238628475,,
,,22.925,22.95,22.405,,0.0,22.67,21685.0,60.85954956837655,61.54411882907068,61.61123346247207,60.14813445432186,57.71053096918353,22554.0,69.52539103316347,13025.0,48.52119536386581,18925.0,62.69849052357458,53.140599702835466,52.485560880837944,9.711558567441347,5.4565753360934055,,
,,20.89,20.985,20.78,,0.0,20.964,20911.0,56.27964698506599,56.08098767019789,56.336023277123154,55.78568328323179,60.85954956837655,21685.0,57.71053096918353,22554.0,69.52539103316347,13025.0,58.28324250754209,54.541186223874675,53.36572135887326,9.287853496756592,-7.525363917071026,,
,,16.135,16.175,15.67,,0.0,15.737,67034.0,42.24731943350427,43.315784397254326,43.42316781069654,42.06745221598855,56.27964698506599,20911.0,60.85954956837655,21685.0,57.71053096918353,22554.0,53.128838662315665,54.22057003231147,53.252777018663494,9.721208844529016,-24.933218851364238,,
,,17.25,17.5,17.215,,0.0,17.353,22823.0,46.585609336569846,46.30909704695613,46.98024338096999,46.2151365601942,42.24731943350427,67034.0,56.27964698506599,20911.0,60.85954956837655,21685.0,48.37085858504677,54.532748955675636,53.63302935590621,9.382477080209663,10.26879328969943,,
,,16.58,16.825,16.58,,0.0,16.707,31851.0,44.85136720947804,44.51042487179899,45.16814827913257,44.51042487179899,46.585609336569846,22823.0,42.24731943350427,67034.0,56.27964698506599,20911.0,44.56143199318412,54.008487790763105,51.83857581484858,9.864512866069596,-3.722699245087302,,
,,17.935,18.31,17.905,,0.0,18.239,30579.0,48.96415194431495,48.148038002154095,49.154757503174885,48.06750044207244,44.85136720947804,31851.0,46.585609336569846,22823.0,42.24731943350427,67034.0,46.80037616345434,51.0711679209276,51.14595279814629,7.166214554918412,9.169809062069767,,
,,25.89,26.41,25.85,,0.0,26.152,22485.0,70.20727570852155,69.50391435047503,70.89989872522385,69.39653093703281,48.96415194431495,30579.0,44.85136720947804,31851.0,46.585609336569846,22823.0,54.674264954104906,52.85641716940445,51.7467246451364,10.065845400000816,43.3850540051538,,
,,21.475,21.06,20.935,,0.0,21.091,28846.0,56.62058932274503,57.65147009179032,56.53736717732731,56.201794010320384,70.20727570852155,22485.0,48.96415194431495,30579.0,44.85136720947804,31851.0,58.59733899186057,52.250851420028525,52.69572556143199,9.621844559534761,-19.352248394004278,,
,,22.475,22.9,22.34,,0.0,22.549,25256.0,60.53471474271384,60.33605542784574,61.477004195669295,59.97363640747826,56.62058932274503,28846.0,70.20727570852155,22485.0,48.96415194431495,30579.0,62.45419325799353,52.85871824254965,53.69995223321216,10.043937140498446,6.91290123749464,,
,,20.925,21.225,20.855,,0.0,21.097,32707.0,56.63669683476136,56.17494815695983,56.98032375777646,55.98702718343594,60.53471474271384,25256.0,56.62058932274503,28846.0,70.20727570852155,22485.0,57.93066696674014,54.91434358558638,54.567456808948926,8.919792676923258,-6.439309947226035,,
,,15.825,15.92,15.76,,0.0,15.89,23581.0,42.65806098992075,42.483562943077146,42.73859855000241,42.30906489623354,56.63669683476136,32707.0,60.53471474271384,25256.0,56.62058932274503,28846.0,53.276490855798706,54.35326525035079,54.443007103013215,9.62653619759761,-24.68123429871545,,
,,17.15,18.37,17.105,,0.0,17.789,24740.0,47.75608854309001,46.04063851335058,49.31583262333821,45.91983217322809,42.65806098992075,23581.0,56.63669683476136,32707.0,60.53471474271384,25256.0,49.016948789257434,54.768225440866786,54.388356615814935,9.201924847476514,11.950912523599744,,
,,15.445,15.54,15.37,,0.0,15.461,50783.0,41.50637388075297,41.463420515376086,41.71845612230135,41.26207661517193,47.75608854309001,24740.0,42.65806098992075,23581.0,56.63669683476136,32707.0,43.97350780458797,53.70282857464365,52.38699824778563,10.34646855745834,-13.086738996008783,,
,,18.275,18.425,17.595,,0.0,17.811,24838.0,47.81514942048322,49.06079701641294,49.46348481682126,47.23527898789525,41.50637388075297,50783.0,47.75608854309001,24740.0,42.65806098992075,23581.0,45.69253728144213,50.50395339063817,51.68018528002131,7.449103337430218,15.199534312140228,,
,,25.98,26.28,25.905,,0.0,26.089,24656.0,70.03814683235005,69.74552703072001,70.55090263153664,69.54418313051586,47.81514942048322,24838.0,41.50637388075297,50783.0,47.75608854309001,24740.0,53.1198900445288,52.42074732058175,52.33579937030514,10.419433995292039,46.47689630003931,,
,,20.98,21.245,20.6,,0.0,21.159,28738.0,56.8031411255968,56.32260035044288,57.03401546449757,55.302457922741816,70.03814683235005,24656.0,47.81514942048322,24838.0,41.50637388075297,50783.0,58.21881245947676,51.88766537527931,52.37319180891448,10.023034323542326,-18.896853079842067,,
,,20.945,21.22,20.76,,0.0,21.171,36413.0,56.83535614962946,56.22863986368094,56.966900831096176,55.73199157651068,56.8031411255968,28738.0,70.03814683235005,24656.0,47.81514942048322,24838.0,61.22554803585883,51.91604527740333,53.415194431494854,10.038990724245913,0.056713455267254353,,
,,15.88,15.94,15.765,,0.0,15.841,31767.0,42.52651630845403,42.63121513656019,42.79229025672352,42.32248782291382,56.83535614962946,36413.0,56.8031411255968,28738.0,70.03814683235005,24656.0,52.055004527893495,51.89725318005094,53.12525921520086,10.059311753792903,-25.175948231070812,,
,,16.545,16.565,16.37,,0.0,16.407,29222.0,44.0459916086614,44.41646438503706,44.47015609175816,43.94666195122736,42.52651630845403,31767.0,56.83535614962946,36413.0,56.8031411255968,28738.0,47.80262135558169,51.36723933227542,53.0677323865711,10.405648936355849,3.5730067546240862,,
,,15.54,15.59,15.34,,0.0,15.383,80978.0,41.29697622454064,41.71845612230135,41.85268538910413,41.18153905509027,44.0459916086614,29222.0,42.52651630845403,31767.0,56.83535614962946,36413.0,42.62316138055209,51.33732538138794,52.52007697801579,10.438969029673322,-6.241238495764012,,
,,17.72,18.085,17.65,,0.0,18.051,23263.0,48.45944990113652,47.57085215490218,48.55072580256241,47.3829311813783,41.29697622454064,80978.0,44.0459916086614,29222.0,42.52651630845403,31767.0,44.60080591144625,51.42936830719555,50.96666084891687,10.40552406892441,17.343821101215617,,
,,26.055,26.415,26.01,,0.0,26.126,30865.0,70.1374764897841,69.94687093092418,70.91332165190413,69.82606459080168,48.45944990113652,23263.0,41.29697622454064,80978.0,44.0459916086614,29222.0,53.29796753848715,51.44355825825757,51.93215278941966,10.435155732618455,44.73436374716084,,
,,21.055,21.175,20.845,,0.0,21.162,43450.0,56.81119488160496,56.52394425064704,56.84609449097368,55.960181330075386,70.1374764897841,30865.0,48.45944990113652,23263.0,41.29697622454064,80978.0,58.4693737575086,51.444708794830156,51.66618708505474,10.435845566494057,-19.0002296562811,,
,,15.84,15.905,15.48,,0.0,15.768,46565.0,42.33054157892199,42.52383172311798,42.698329769961575,41.55738100213802,56.81119488160496,43450.0,70.1374764897841,30865.0,48.45944990113652,23263.0,56.42640431677041,49.37259242758624,50.64431885249478,10.625398326542948,-25.48908420754181,,
,,16.755,16.785,16.28,,0.0,16.631,27721.0,44.64733872393782,44.98022730560869,45.06076486569035,43.70504927098237,42.33054157892199,46565.0,56.81119488160496,43450.0,70.1374764897841,30865.0,47.929691728154985,49.675567058369644,50.78641011921029,10.426019107124992,5.473110096397771,,
,,16.4,16.43,16.22,,0.0,16.331,47732.0,43.84196312312119,44.02719951130901,44.10773707139068,43.54397415081903,44.64733872393782,27721.0,42.33054157892199,46565.0,56.81119488160496,43450.0,43.60661447532706,49.646420131863884,50.50682973206966,10.444648668568096,-1.8038602609584564,,
,,15.283,15.283,15.283,,0.0,15.283,53604.0,41.028517690935104,41.028517690935104,41.028517690935104,41.028517690935104,43.84196312312119,47732.0,44.64733872393782,27721.0,42.33054157892199,46565.0,43.17260651266477,49.60806891277739,50.47269714708266,10.480846404010181,-6.417243279652185,,
,,18.075,18.255,17.68,,0.0,18.168,35638.0,48.77354638545501,48.523879949201856,49.00710530969184,47.46346874145996,41.028517690935104,53604.0,43.84196312312119,47732.0,44.64733872393782,27721.0,44.548009066503845,49.652939839108605,50.54115407315208,10.475780452081011,18.87718379899235,,
,,22.65,23.14,22.635,,0.0,23.024,37663.0,61.809892777340174,60.80585786165543,62.1213046763226,60.76558908161461,48.77354638545501,35638.0,41.028517690935104,53604.0,43.84196312312119,47732.0,50.5373189512435,48.46328502304518,49.95342164065137,7.923805581506105,26.728313518273893,,
,,21.155,21.25,20.945,,0.0,21.134,49321.0,56.73602649219541,56.79240278425258,57.04743839117784,56.22863986368094,61.809892777340174,37663.0,48.77354638545501,35638.0,41.028517690935104,53604.0,55.77315521833027,48.45254668170095,49.94862773826556,7.910646987720392,-8.208825573314815,,
,,17.79,17.94,17.66,,0.0,17.744,47232.0,47.63528220296751,47.75877312842606,48.16146092883437,47.40977703473885,56.73602649219541,49321.0,61.809892777340174,37663.0,48.77354638545501,35638.0,55.39373382416776,49.210366770850314,49.29147959921828,7.46814290082769,-16.040503454149714,,
,,16.56,16.78,16.55,,0.0,16.651,45924.0,44.70103043065893,44.456733165077885,45.04734193901008,44.42988731171733,47.63528220296751,47232.0,56.73602649219541,49321.0,61.809892777340174,37663.0,49.69077970860735,49.218037014667615,49.446802036518626,7.462700893629567,-6.1598286744815045,,
,,16.365,16.375,16.035,,0.0,16.237,68355.0,43.589612101531976,43.93323902454708,43.96008487790763,43.04732586364878,44.70103043065893,45924.0,47.63528220296751,47232.0,56.73602649219541,49321.0,45.30864157838621,49.181986868726305,49.4142035002951,7.493545300133967,-2.4863371569275317,,
,,15.34,15.355,15.205,,0.0,15.294,73425.0,41.05804812963172,41.18153905509027,41.221807835131095,40.81912003472278,43.589612101531976,68355.0,44.70103043065893,45924.0,47.63528220296751,47232.0,43.11623022060761,49.186205502825814,49.397137207801606,7.488196527605007,-5.807723101558137,,
,,21.245,21.575,21.125,,0.0,21.187,34187.0,56.87830951500635,57.03401546449757,57.919928625395855,56.711865224170914,41.05804812963172,73425.0,43.589612101531976,68355.0,44.70103043065893,45924.0,47.17532324872341,50.34402880704744,49.99848432307802,8.021355001667722,38.5314502419249,,
,,23.025,23.335,22.98,,0.0,23.148,36867.0,62.14278135901104,61.81257736267622,62.64479881685341,61.69177102255373,56.87830951500635,34187.0,41.05804812963172,73425.0,43.589612101531976,68355.0,53.35971300121644,50.391584318714706,49.42743467087994,8.10125001555377,9.255675650162832,,
,,17.8,17.88,17.55,,0.0,17.843,50095.0,47.901056151237,47.78561898178661,48.00038580867105,47.11447264777276,62.14278135901104,36867.0,56.87830951500635,34187.0,41.05804812963172,73425.0,55.64071567508486,49.1294456985778,48.790996190139374,7.622131566173275,-22.917746673578698,,
,,16.685,16.89,16.68,,0.0,16.791,48219.0,45.07687237770669,44.79230633208481,45.342646325976176,44.778883405404535,47.901056151237,50095.0,62.14278135901104,36867.0,56.87830951500635,34187.0,51.70690329598498,48.763958580683386,48.987162675766854,7.765705567947713,-5.895869528666697,,
,,16.125,16.185,15.965,,0.0,16.041,102824.0,43.06343337566512,43.28893854389377,43.450013664057096,42.85940489012491,45.07687237770669,48219.0,47.901056151237,50095.0,62.14278135901104,36867.0,45.34712063486967,48.5300161442557,48.874026579461656,7.931399590910589,-4.466678577809546,,
,,15.3,15.385,15.245,,0.0,15.253,54689.0,40.947980130853445,41.07415564164804,41.30234539521276,40.92650344816499,43.06343337566512,102824.0,45.07687237770669,48219.0,47.901056151237,50095.0,43.02942862807515,48.15264014844448,48.66731350858539,8.261611892076974,-4.912411944392492,,
,,26.22,26.335,25.875,,0.0,26.254,39778.0,70.48110341279921,70.38982751137331,70.69855482501968,69.4636455704342,40.947980130853445,54689.0,43.06343337566512,102824.0,45.07687237770669,48219.0,51.49750563977266,52.35593376032555,50.77106963157569,11.061032816847954,72.12351668524227,,
,,21.195,21.37,20.8,,0.0,20.872,40239.0,56.032665134148885,56.8997861976948,57.36958863150449,55.839374989952894,70.48110341279921,39778.0,40.947980130853445,54689.0,43.06343337566512,102824.0,55.820582892600584,52.23512742020306,51.28957811362525,11.007898632181952,-20.49973337396208,,
,,23.11,23.18,22.79,,0.0,23.084,35795.0,61.97096789750349,62.040767116240936,62.228688089764816,61.1816998087032,56.032665134148885,40239.0,70.48110341279921,39778.0,40.947980130853445,54689.0,62.828245481483926,52.21058263998769,51.3010834793512,10.982286949773359,10.59793024147182,,
,,15.865,16.04,15.66,,0.0,15.695,48676.0,42.13456684938994,42.59094635651936,43.06074879032906,42.040606362628,61.97096789750349,35795.0,56.032665134148885,40239.0,70.48110341279921,39778.0,53.379399960347506,51.38679845400954,50.25812207629367,11.560474996315609,-32.00918385028591,,
,,17.8,18.515,17.8,,0.0,18.362,86786.0,49.29435594064976,47.78561898178661,49.70509749706625,47.78561898178661,42.13456684938994,48676.0,61.97096789750349,35795.0,56.032665134148885,40239.0,51.1332968958478,51.98929610585856,50.37662734327097,11.283392054125054,16.992672825740662,,
,,16.835,16.915,16.615,,0.0,16.654,94806.0,44.70908418666709,45.19499413249313,45.40976095937756,44.60438535856093,49.29435594064976,86786.0,42.13456684938994,48676.0,61.97096789750349,35795.0,45.37933565890233,52.224389078858835,50.377202611557266,11.081765778753832,-9.301818973967968,,
,,16.05,16.22,16.0,,0.0,16.198,67259.0,43.48491327342583,43.08759464368961,43.54397415081903,42.95336537688684,44.70908418666709,94806.0,49.29435594064976,86786.0,42.13456684938994,48676.0,45.82945113358096,52.58680809922631,50.3697241238354,10.685931580180403,-2.7380809415155194,,
,,18.11,18.285,17.935,,0.0,18.064,48885.0,48.49434951050525,48.6178404359638,49.0876428697735,48.148038002154095,43.48491327342583,67259.0,44.70908418666709,94806.0,49.29435594064976,86786.0,45.562782323532794,49.44584325604147,50.900888508183506,7.218236094849818,11.519940733423862,,
,,26.235,26.235,25.58,,0.0,25.901,71600.0,69.53344478917163,70.43009629141415,70.43009629141415,68.67169289629784,48.49434951050525,48885.0,43.48491327342583,67259.0,44.70908418666709,94806.0,53.8375691910343,51.374526063901854,51.804826742052455,10.381910431230072,43.384632418069046,,
,,20.84,21.065,20.61,,0.0,20.738,48882.0,55.672930699117465,55.94675840339512,56.55079010400759,55.32930377610237,69.53344478917163,71600.0,48.49434951050525,48885.0,43.48491327342583,67259.0,57.90024166626484,50.47480646413243,51.34269455206006,9.550127578381499,-19.93359329755606,,
,,22.94,23.11,22.485,,0.0,22.798,54795.0,61.20317649139164,61.58438760911152,62.040767116240936,60.36290128120629,55.672930699117465,48882.0,69.53344478917163,71600.0,48.49434951050525,48885.0,62.136517326560316,53.19889355584695,52.29284600492825,9.494063002809819,9.933455492332888,,
,,21.06,21.17,20.805,,0.0,21.056,46984.0,56.5266288359831,56.53736717732731,56.83267156429341,55.85279791663317,61.20317649139164,54795.0,55.672930699117465,48882.0,69.53344478917163,71600.0,57.8009120088308,54.23207539803743,53.11068575194799,9.391304035124568,-7.641021142205428,,
,,15.77,15.84,15.435,,0.0,15.581,55189.0,41.82852412107962,42.3359107495941,42.52383172311798,41.43657466201553,56.5266288359831,46984.0,61.20317649139164,54795.0,55.672930699117465,48882.0,53.186109816151514,53.820566817239225,53.02247794804902,9.926017129784675,-26.002089665653514,,
,,18.315,18.855,18.245,,0.0,18.582,54738.0,49.88496471458196,49.16818042985516,50.61785651132509,48.98025945633128,41.82852412107962,55189.0,56.5266288359831,46984.0,61.20317649139164,54795.0,49.413372557214956,54.734859880261524,53.66083398974392,9.073465007571404,19.26063795648547,,
,,16.635,16.705,16.505,,0.0,16.627,68060.0,44.6366003825936,44.65807706528204,44.84599803880592,44.30908097159484,49.88496471458196,54738.0,41.82852412107962,55189.0,56.5266288359831,46984.0,45.450029739418454,54.183752861988424,51.81479805901495,9.616578099388335,-10.520934237434076,,
,,18.605,18.655,18.52,,0.0,18.637,71444.0,50.03261690806501,49.94671017731123,50.08093944411401,49.718520423746526,44.6366003825936,68060.0,49.88496471458196,54738.0,41.82852412107962,55189.0,48.184727335080254,51.397920307544624,51.38622318572324,6.857651351453365,12.088771275636013,,
,,25.875,26.275,25.8,,0.0,26.194,43315.0,70.32002829263588,69.4636455704342,70.53747970485637,69.26230167023004,50.03261690806501,71444.0,44.6366003825936,68060.0,49.88496471458196,54738.0,54.99641519443156,53.4903628209044,51.98258464251841,9.927122270140636,40.54837151902131,,
,,20.725,20.785,20.145,,0.0,20.352,59313.0,54.63668075940007,55.63803108974874,55.79910620991206,54.0809715948366,70.32002829263588,43315.0,50.03261690806501,71444.0,44.6366003825936,68060.0,58.32977532003372,52.55229200204847,52.875592778947706,9.37152825913034,-22.302817439108193,,
,,22.77,23.05,22.54,,0.0,23.02,43745.0,61.79915443599595,61.1280081019821,61.87969199607761,60.51055347468934,54.63668075940007,59313.0,70.32002829263588,43315.0,50.03261690806501,71444.0,62.251954496010704,53.30550994490744,53.76879267147243,9.938905055275946,13.109276729559749,,
,,15.555,15.9,15.27,,0.0,15.457,36339.0,41.495635539408745,41.75872490234218,42.6849068432813,40.99361808156638,61.79915443599595,43745.0,54.63668075940007,59313.0,70.32002829263588,43315.0,52.643823578268325,53.25795443324017,53.5392606252397,10.003558544948035,-32.854039965247615,,
,,20.22,20.55,19.955,,0.0,20.413,60060.0,54.800440464899445,54.28231549504075,55.16822865593904,53.57090038098605,41.495635539408745,36339.0,61.79915443599595,43745.0,54.63668075940007,59313.0,52.69841014676812,53.960165254714106,54.34751256748781,9.899306411935651,32.06314291259624,,
,,15.875,15.955,15.66,,0.0,15.691,75577.0,42.12382850804572,42.61779220987992,42.83255903676435,42.040606362628,54.800440464899445,60060.0,41.495635539408745,36339.0,61.79915443599595,43745.0,46.1399681707847,53.60119784406441,53.89247535302642,10.3299371332943,-23.132317640719148,,
,,15.98,16.015,15.7,,0.0,15.815,76009.0,42.45671708971659,42.89967367016573,42.99363415692768,42.14798977607022,42.12382850804572,75577.0,54.800440464899445,60060.0,41.495635539408745,36339.0,46.46032868755399,52.518926441443206,51.95842337449392,11.131869480097842,0.7902619335925065,,
,,19.08,19.81,19.08,,0.0,19.788,83442.0,53.12257462986481,51.22188821193756,53.18163550725802,51.22188821193756,42.45671708971659,76009.0,42.12382850804572,75577.0,54.800440464899445,60060.0,45.90104007587578,50.06214734676162,51.77625508383301,8.007766314751361,25.121719886184014,,
,,26.32,26.44,26.005,,0.0,26.14,49567.0,70.17506068448888,70.65828604497885,70.98043628530552,69.8126416641214,53.12257462986481,83442.0,42.45671708971659,76009.0,42.12382850804572,75577.0,55.25145080135682,52.281915907488596,52.417103954768535,11.05936441705429,32.10026278552658,,
,,18.87,19.36,18.79,,0.0,19.194,62217.0,51.52793094024788,50.65812529136592,51.97357210603308,50.44335846448149,70.17506068448888,49567.0,53.12257462986481,83442.0,42.45671708971659,76009.0,58.275188751533925,50.81459826523887,52.06005410507316,10.236997969251512,-26.572302983932673,,
,,24.33,25.11,24.31,,0.0,24.949,85219.0,66.97771954924687,65.31596122622855,67.4099377883518,65.26226951950746,51.52793094024788,62217.0,70.17506068448888,49567.0,53.12257462986481,83442.0,62.89357039132795,54.454895980930026,53.8564252070851,10.881312847253596,29.983328123371898,,
,,21.485,21.53,20.9,,0.0,20.914,52140.0,56.145417718263225,57.678315945150864,57.79912228527336,56.10783352355844,66.97771954924687,85219.0,51.52793094024788,62217.0,70.17506068448888,49567.0,58.217022735919386,54.64703558855342,54.30360042163376,10.900289407710757,-16.172992905527263,,
,,15.48,15.48,15.235,,0.0,15.315,26505.0,41.11442442168888,41.55738100213802,41.55738100213802,40.89965759480444,56.145417718263225,52140.0,66.97771954924687,85219.0,51.52793094024788,62217.0,54.74585389639972,54.50283500478817,54.05201642442628,11.098446946794468,-26.771540594816866,,
,,20.45,20.615,20.06,,0.0,20.322,60568.0,54.5561431993184,54.8997701223335,55.34272670278264,53.85278184127189,41.11442442168888,26505.0,56.145417718263225,52140.0,66.97771954924687,85219.0,50.60532844642356,56.231324449016995,54.3751254452301,9.77269412199959,32.69343780607245,,
,,15.66,16.07,15.575,,0.0,15.933,90093.0,42.77349815937114,42.040606362628,43.14128635041072,41.81241660906329,54.5561431993184,60568.0,41.11442442168888,26505.0,56.145417718263225,52140.0,46.14802192679287,54.75288495323218,52.4075161499969,11.024076544986436,-21.59728373191613,,
,,19.495,19.685,19.495,,0.0,19.53,71583.0,52.42995161316251,52.335991126400565,52.846062340251095,52.335991126400565,42.77349815937114,90093.0,54.5561431993184,60568.0,41.11442442168888,26505.0,49.91986432395075,52.21786937161413,52.24989263955136,8.677076783510664,22.57578610431179,,
,,26.055,26.575,26.01,,0.0,26.271,63323.0,70.52674136351216,69.94687093092418,71.34285530567298,69.82606459080168,52.42995161316251,71583.0,42.77349815937114,90093.0,54.5561431993184,60568.0,55.24339704534867,54.931985146366166,52.87329170580252,11.067397891607639,34.51612903225809,,
,,19.18,19.18,18.01,,0.0,18.225,78308.0,48.92656774961018,51.49034674554311,51.49034674554311,48.34938190235825,70.52674136351216,63323.0,52.42995161316251,71583.0,42.77349815937114,90093.0,57.294420242095015,52.3532491749895,53.40407257795977,9.826324701882672,-30.62692702980473,,
,,25.105,25.255,24.91,,0.0,25.194,69262.0,67.63544295658045,67.39651486167152,67.79920266207984,66.8730207211407,48.92656774961018,78308.0,70.52674136351216,63323.0,52.42995161316251,71583.0,62.362917356567664,53.99468135189196,54.32085847022269,11.399157500000353,38.238683127571996,,
,,20.975,21.13,20.67,,0.0,20.889,51179.0,56.07830308486183,56.309177423762605,56.72528815085119,55.490378896265696,67.63544295658045,69262.0,48.92656774961018,78308.0,70.52674136351216,63323.0,57.546771263684214,56.132378303773805,55.31760665428099,9.88346239424181,-17.08740176232436,,
,,15.325,15.36,14.96,,0.0,15.048,34057.0,40.39764013696208,41.14127027504944,41.23523076181137,40.1613966273892,56.07830308486183,51179.0,67.63544295658045,69262.0,48.92656774961018,78308.0,54.70379539280152,54.10973500915147,55.17052972908424,11.565443068202434,-27.96208530805686,,
,,20.39,20.395,20.06,,0.0,20.165,50449.0,54.1346633015577,54.738695002170175,54.75211792885045,53.85278184127189,40.39764013696208,34057.0,56.07830308486183,51179.0,67.63544295658045,69262.0,50.20353550779394,55.73275860089241,55.242821777062304,10.453131561347238,34.00451887293991,,
,,15.24,15.43,15.185,,0.0,15.365,66358.0,41.24865368849165,40.91308052148472,41.42315173533525,40.76542832800167,54.1346633015577,50449.0,40.39764013696208,34057.0,56.07830308486183,51179.0,45.26031904233721,54.13543032593943,53.176649848776776,11.80838906895211,-23.803620133895354,,
,,19.645,19.845,19.525,,0.0,19.761,54929.0,53.05009082579131,52.73867892680888,53.27559599401996,52.41652868648222,41.24865368849165,66358.0,54.1346633015577,50449.0,40.39764013696208,34057.0,49.47780260528029,51.638765963407884,53.285375554887025,9.358577777887936,28.610478359908885,,
,,26.325,26.49,26.245,,0.0,26.394,34539.0,70.85694535984696,70.67170897165913,71.11466555210828,70.4569421447747,53.05009082579131,54929.0,41.24865368849165,66358.0,54.1346633015577,50449.0,55.05189662471003,54.77167705058457,53.56246311278703,11.681711811990391,33.56611507514802,,
,,18.335,18.695,18.095,,0.0,18.594,51535.0,49.91717973861463,49.22187213657627,50.18832285755622,48.57757165592296,70.85694535984696,34539.0,53.05009082579131,54929.0,41.24865368849165,66358.0,57.94140530808436,52.24049659087517,53.11758897138356,10.263331934454259,-29.552170947942713,,
,,20.75,20.88,20.63,,0.0,20.775,34918.0,55.77226035655151,55.705145723150125,56.05414181683734,55.38299548282348,49.91717973861463,51535.0,70.85694535984696,34539.0,53.05009082579131,54929.0,58.848795151671105,52.19677620111655,54.16457725244518,10.244893937019107,11.729590190383998,,
,,15.06,15.145,14.845,,0.0,14.984,29358.0,40.22582667545453,40.42985516099474,40.658044914559454,39.85266931374283,55.77226035655151,34918.0,49.91717973861463,51535.0,70.85694535984696,34539.0,48.63842225687362,52.172231420901184,53.14098321502633,10.278026028429874,-27.874849578820704,,
,,15.725,15.73,15.725,,0.0,15.735,7.0,42.24195026283216,42.2151044094716,42.22852733615188,42.2151044094716,40.22582667545453,29358.0,55.77226035655151,34918.0,49.91717973861463,51535.0,46.08001243161279,50.47327241536897,53.10301550813069,10.865703132035994,5.012012813667943,,
,,15.415,15.735,15.34,,0.0,15.678,122038.0,42.088928898677,41.38288295529442,42.24195026283216,41.18153905509027,42.24195026283216,7.0,40.22582667545453,29358.0,55.77226035655151,34918.0,41.518901945654626,50.59331173110973,52.36437102852458,10.750843275526462,-0.362249761677802,,
,,19.82,19.87,19.475,,0.0,19.573,52546.0,52.545388782612896,53.20848136061858,53.34271062742135,52.28229941967946,42.088928898677,122038.0,42.24195026283216,7.0,40.22582667545453,29358.0,45.62542264804075,50.521211439227095,51.0799887013175,10.733298956517743,24.843730067610693,,
,,26.43,26.55,25.64,,0.0,25.795,74872.0,69.24887874354977,70.95359043194496,71.27574067227161,68.83276801646117,52.545388782612896,52546.0,42.088928898677,122038.0,42.24195026283216,7.0,54.62773214161328,50.29148763689893,52.53158234374174,10.230968317918913,31.788688499463547,,
,,20.815,21.3,20.76,,0.0,21.134,48140.0,56.73602649219541,55.87964376999373,57.18166765798061,55.73199157651068,69.24887874354977,74872.0,52.545388782612896,52546.0,42.088928898677,122038.0,59.51009800611942,51.26560860169618,51.75305259628567,10.51020035814311,-18.069393293273905,,
,,14.955,15.005,14.795,,0.0,14.834,26307.0,39.82313887504621,40.14797370070893,40.282202967511694,39.71844004694005,56.73602649219541,48140.0,69.24887874354977,74872.0,52.545388782612896,52546.0,55.26934803693052,48.987162675766854,50.5919694384417,11.083522769964583,-29.809785180278226,,
,,15.99,16.17,15.935,,0.0,16.099,77645.0,43.219139325156334,42.92651952352629,43.40974488401627,42.77886733004324,39.82313887504621,26307.0,56.73602649219541,48140.0,69.24887874354977,74872.0,46.59276823079938,49.4147787685814,50.7935050947413,10.74163207770683,8.527706619927212,,
,,15.8,15.885,15.56,,0.0,15.617,75867.0,41.92516919317762,42.41644830967576,42.64463806324047,41.77214782902246,43.219139325156334,77645.0,39.82313887504621,26307.0,56.73602649219541,48140.0,41.65581579779345,49.36952433005932,49.92139837271414,10.777495111160816,-2.993974781042308,,
,,15.73,15.785,15.73,,0.0,15.893,85.0,42.66611474592892,42.22852733615188,42.376179529634925,42.22852733615188,41.92516919317762,75867.0,43.219139325156334,77645.0,39.82313887504621,26307.0,42.60347442142102,49.451979451095305,50.02264559110252,10.714534081601672,1.7673048600883812,,
,,19.535,19.79,19.355,,0.0,19.764,53671.0,53.05814458179947,52.44337453984278,53.12794380053691,51.9601491793528,42.66611474592892,85.0,41.92516919317762,75867.0,43.219139325156334,77645.0,45.883142840302064,49.525230279550534,50.023220859388815,10.740927407082713,24.356634996539306,,
,,25.155,25.155,24.815,,0.0,25.018,43197.0,67.1629559374347,67.5307441284743,67.5307441284743,66.61798511421544,53.05814458179947,53671.0,42.66611474592892,85.0,41.92516919317762,75867.0,54.29573842172109,49.227241307248384,49.75936447207365,10.113115288602499,26.583687512649302,,
,,21.205,21.315,20.78,,0.0,20.886,33354.0,56.07024932885366,56.92663205105534,57.22193643802144,55.78568328323179,67.1629559374347,43197.0,53.05814458179947,53671.0,42.66611474592892,85.0,58.763783282696004,49.132130283913845,50.19886944280501,10.03354528673813,-16.516108401950614,,
,,20.235,20.295,19.77,,0.0,20.075,49610.0,53.89305062131272,54.32258427508158,54.48365939524491,53.07425209381581,56.07024932885366,33354.0,67.1629559374347,43197.0,53.05814458179947,53671.0,59.04208529586708,51.14211767623764,50.064640176002236,9.235446951048027,-3.8829838169108344,,
,,16.08,16.31,16.06,,0.0,16.268,88134.0,43.672834246949705,43.16813220377127,43.78558683106403,43.11444049705017,53.89305062131272,49610.0,56.07024932885366,33354.0,67.1629559374347,43197.0,51.212044732372085,51.20693123649382,50.31085500253761,9.171950771472725,-18.96388542963885,,
,,15.585,15.625,15.41,,0.0,15.574,67627.0,41.80973202372724,41.83926246242385,41.94664587586606,41.36946002861414,43.672834246949705,88134.0,53.89305062131272,49610.0,56.07024932885366,33354.0,46.45853896399661,51.19044021228664,50.279982271172976,9.191503580884126,-4.266043766904337,,
,,16.005,16.385,15.96,,0.0,16.198,143200.0,43.48491327342583,42.96678830356712,43.98693073126819,42.84598196344463,41.80973202372724,67627.0,43.672834246949705,88134.0,53.89305062131272,49610.0,42.98915984803432,51.30741143050049,50.379695440797896,9.069340966063596,4.006677796327218,,
,,18.675,18.95,18.585,,0.0,18.84,41245.0,50.57758773128426,50.13463115083511,50.87289211825036,49.89301847059013,43.48491327342583,143200.0,41.80973202372724,67627.0,43.672834246949705,88134.0,45.2907443428125,50.953046166141164,50.239138222845845,9.037940641476402,16.310655636498296,,
,,25.06,25.405,24.975,,0.0,25.256,59656.0,67.80188724741589,67.275708521549,68.20189046248815,67.0475187679843,50.57758773128426,41245.0,43.48491327342583,143200.0,41.80973202372724,67627.0,53.95479608404205,51.044322067567045,50.135781687407714,9.23011536755645,34.05520169851381,,
,,20.115,20.125,19.87,,0.0,20.007,35618.0,53.71049881846095,54.00043403475493,54.02727988811549,53.34271062742135,67.80188724741589,59656.0,50.57758773128426,41245.0,43.48491327342583,143200.0,57.36332459905376,50.70721485179666,49.91967256785525,9.05743932629602,-20.783180234399744,,
,,16.265,16.345,16.125,,0.0,16.297,80622.0,43.75068722169531,43.66478049094154,43.87954731782597,43.28893854389377,53.71049881846095,35618.0,67.80188724741589,59656.0,50.57758773128426,41245.0,55.087691095857444,49.258305794708455,50.20021173547305,9.271565921544315,-18.54350977157995,,
,,15.565,15.59,15.185,,0.0,15.402,99851.0,41.3479833459257,41.785570755702736,41.85268538910413,40.76542832800167,43.75068722169531,80622.0,53.71049881846095,35618.0,67.80188724741589,59656.0,46.26972312869404,48.926184237419314,50.066557736956575,9.542668944940857,-5.4918083082776015,,
,,16.385,16.625,16.08,,0.0,16.195,170948.0,43.47685951741765,43.98693073126819,44.63123121192149,43.16813220377127,41.3479833459257,99851.0,43.75068722169531,80622.0,53.71049881846095,35618.0,42.858510028346274,49.16434530794652,50.17739276011657,9.354405258861444,5.148681989352033,,
,,25.7,25.805,25.035,,0.0,25.144,82657.0,67.50121368977767,68.99384313662449,69.27572459691032,67.20859388814763,43.47685951741765,170948.0,41.3479833459257,99851.0,43.75068722169531,80622.0,50.77535218437373,52.595245367425356,51.951328398962914,11.15509340893975,55.257795615930846,,
,,18.655,18.845,18.51,,0.0,18.713,36106.0,50.23664539360523,50.08093944411401,50.59101065796453,49.69167457038597,67.50121368977767,82657.0,43.47685951741765,170948.0,41.3479833459257,99851.0,53.73823953360024,52.54653931918549,51.749792742663324,11.166110180056036,-25.576678332803038,,
,,25.275,25.46,25.145,,0.0,25.387,40806.0,68.15356792643914,67.85289436880095,68.34954265597119,67.50389827511374,50.23664539360523,36106.0,67.50121368977767,82657.0,43.47685951741765,170948.0,61.96380900327407,52.59677941618882,51.82055074187792,11.246689382389736,35.66504569016189,,
,,14.83,14.98,14.49,,0.0,14.758,58261.0,39.619110389506,39.812400533702,40.21508833411031,38.89964151944315,68.15356792643914,40806.0,50.23664539360523,36106.0,67.50121368977767,82657.0,52.669774569850176,50.5837239263381,50.64546938906738,12.23206788191286,-41.86788513806279,,
,,19.97,20.05,19.385,,0.0,19.613,58541.0,52.65277219605511,53.61116916102689,53.82593598791133,52.04068673943447,39.619110389506,58261.0,68.15356792643914,40806.0,50.23664539360523,36106.0,53.47515017066681,51.855450351246645,50.556878072977554,11.860371420850013,32.89741157338395,,
,,16.25,16.395,16.11,,0.0,16.345,83590.0,43.87954731782597,43.62451171090071,44.01377658462874,43.24866976385294,52.65277219605511,58541.0,39.619110389506,58261.0,68.15356792643914,40806.0,45.38380996779575,52.2171023472324,50.57164329232586,11.520294285956938,-16.662417784122784,,
,,15.33,15.565,15.25,,0.0,15.549,80168.0,41.74261739032585,41.154693201729714,41.785570755702736,40.93992637484527,43.87954731782597,83590.0,52.65277219605511,58541.0,39.619110389506,58261.0,46.0916456347357,51.969353471933566,50.56684938994004,11.755824205205428,-4.86999082288161,,
,,19.765,20.34,19.655,,0.0,20.192,76261.0,54.20714710563119,53.06082916713553,54.604465735367405,52.76552478016944,41.74261739032585,80168.0,43.87954731782597,83590.0,52.65277219605511,58541.0,46.60977060459439,50.07020110276978,51.33272323509756,9.727264063217946,29.860441185928345,,
,,25.24,25.315,24.84,,0.0,24.995,61258.0,67.10121047470541,67.758933882039,67.96027778224317,66.68509974761682,54.20714710563119,76261.0,41.74261739032585,80168.0,43.87954731782597,83590.0,54.35032499022088,52.47942468578409,52.5129820024848,11.669869076299094,23.786648177496026,,
,,18.695,19.03,18.565,,0.0,18.668,41721.0,50.11583905348273,50.18832285755622,51.0876589451348,49.83932676386902,67.10121047470541,61258.0,54.20714710563119,76261.0,41.74261739032585,80168.0,57.14139887793984,49.90260627536175,51.24969284577527,9.403393752775091,-25.313062612522486,,
,,25.345,25.475,24.895,,0.0,24.962,53695.0,67.01261915861558,68.04081534232482,68.38981143601202,66.83275194109987,50.11583905348273,41721.0,67.10121047470541,61258.0,54.20714710563119,76261.0,61.40988956226797,53.81596467094884,52.19984429864347,10.085835943894264,33.71544889650735,,
,,20.93,21.165,20.86,,0.0,21.012,21189.0,56.408507081196646,56.18837108364011,56.81924863761313,56.00045011011622,67.01261915861558,53695.0,50.11583905348273,41721.0,67.10121047470541,61258.0,57.84565509776504,54.35249822596905,53.103974288607844,10.11350336389047,-15.824052559891022,,
,,14.8,14.93,14.615,,0.0,14.785,29820.0,39.6915941935795,39.73186297362033,40.080859067307536,39.23521468645008,56.408507081196646,21189.0,67.01261915861558,53695.0,50.11583905348273,41721.0,54.37090681113063,53.75421920821956,52.985660777725975,10.92742378597344,-29.63544641157434,,
,,19.45,19.935,19.27,,0.0,19.815,59506.0,53.1950584339383,52.21518478627807,53.51720867426495,51.7319594257881,39.6915941935795,29820.0,56.408507081196646,21189.0,67.01261915861558,53695.0,49.7650532362382,55.390282214449904,53.67981784319174,9.606844010104888,34.02096719648293,,
,,16.28,16.51,16.28,,0.0,16.457,58385.0,44.18022087546417,43.70504927098237,44.32250389827512,43.70504927098237,53.1950584339383,59506.0,39.6915941935795,29820.0,56.408507081196646,21189.0,45.688957834327375,53.9578641815689,52.01403264216935,10.517062546156223,-16.946757506939193,,
,,20.34,21.725,20.315,,0.0,21.557,139272.0,57.871606089346855,54.604465735367405,58.32261642580417,54.53735110196602,44.18022087546417,58385.0,53.1950584339383,59506.0,39.6915941935795,29820.0,51.748961799583164,52.639349269374826,52.55938697757946,9.074250019718951,30.98985234246825,,
,,24.975,25.365,24.79,,0.0,25.255,49517.0,67.79920266207984,67.0475187679843,68.09450704904593,66.55087048081405,57.871606089346855,139272.0,44.18022087546417,58385.0,53.1950584339383,59506.0,56.617009875630345,55.165544070602984,52.53407517298236,10.589566487700296,17.154520573363662,,
,,18.61,18.805,18.12,,0.0,18.719,55993.0,50.25275290562156,49.96013310399151,50.48362724452232,48.64468628932436,67.79920266207984,49517.0,57.871606089346855,139272.0,44.18022087546417,58385.0,58.64118721901614,52.771277463032405,53.293621066990625,9.278004914468118,-25.880023757671744,,
,,24.95,25.11,24.765,,0.0,24.855,36128.0,66.72536852765765,66.98040413458291,67.4099377883518,66.48375584741267,50.25275290562156,55993.0,67.79920266207984,49517.0,57.871606089346855,139272.0,61.59244136511975,54.245114812526836,54.29880651924794,10.667474658767011,32.779528820983984,,
,,20.97,21.12,20.785,,0.0,21.008,35270.0,56.39776873985242,56.29575449708232,56.69844229749064,55.79910620991206,66.72536852765765,36128.0,50.25275290562156,55993.0,67.79920266207984,49517.0,57.791963391043936,56.63171117628011,55.19296519224984,8.521816655629271,-15.477771072218871,,
,,14.81,14.865,14.585,,0.0,14.73,33829.0,39.54394200009645,39.758708826980886,39.90636102046393,39.15467712636842,56.39776873985242,35270.0,66.72536852765765,36128.0,50.25275290562156,55993.0,54.222359755868894,54.68155168573128,55.035916950090595,10.71826769080094,-29.883853769992374,,
,,19.87,20.02,19.62,,0.0,19.689,45343.0,52.85680068159532,53.34271062742135,53.74539842782967,52.67156429340749,39.54394200009645,33829.0,56.39776873985242,35270.0,66.72536852765765,36128.0,49.599503807181456,55.921063086607155,54.939463634088035,9.760333170543976,33.66598778004073,,
,,16.255,16.455,16.195,,0.0,16.411,95803.0,44.056729950005625,43.63793463758098,44.17485170479206,43.47685951741765,52.85680068159532,45343.0,39.54394200009645,33829.0,56.39776873985242,35270.0,45.48582421056585,53.94750935241556,53.293429310895185,10.655812216646975,-16.648890243283056,,
,,21.7,23.42,21.68,,0.0,23.144,198641.0,62.13204301766682,58.25550179240278,62.87298857041812,58.20181008568167,44.056729950005625,95803.0,52.85680068159532,45343.0,39.54394200009645,33829.0,53.01519121642264,53.1379151174994,54.1517295940512,9.589986861086095,41.02735969776368,,
,,25.33,25.515,25.06,,0.0,25.381,46796.0,68.13746041442282,68.00054656228399,68.49719484945425,67.275708521549,62.13204301766682,198641.0,44.056729950005625,95803.0,52.85680068159532,45343.0,58.10874446069848,55.69287333304244,54.23207539803742,10.975537995304519,9.665572070515061,,
,,18.785,18.88,18.42,,0.0,18.617,44832.0,49.97892520134391,50.42993553780121,50.68497114472648,49.45006189014099,68.13746041442282,46796.0,62.13204301766682,198641.0,44.056729950005625,95803.0,60.082809544477904,53.30052428642619,53.77281954947652,9.946896677061735,-26.649856191639397,,
,,21.025,21.105,20.94,,0.0,20.995,23656.0,56.36286913048371,56.44340669056537,56.65817351744981,56.21521693700066,49.97892520134391,44832.0,68.13746041442282,46796.0,62.13204301766682,198641.0,58.15975158208354,53.29553862794495,54.96362490211253,9.945094098490332,12.773271740881963,,
,,14.74,14.96,14.545,,0.0,14.701,27544.0,39.46608902535085,39.570787853457006,40.1613966273892,39.0472937129262,56.36286913048371,23656.0,49.97892520134391,44832.0,68.13746041442282,46796.0,48.60262778572621,53.28441677440986,53.98298423007058,9.96306328723933,-29.978566325315548,,
,,15.505,15.505,15.355,,0.0,15.368,15.0,41.25670744449982,41.62449563553941,41.62449563553941,41.221807835131095,39.46608902535085,27544.0,56.36286913048371,23656.0,49.97892520134391,44832.0,45.69522186677818,51.62726059768193,53.774161842144544,10.960805554616824,4.537106319298001,,
,,16.38,16.575,16.205,,0.0,16.476,109228.0,44.23122799684923,43.97350780458791,44.49700194511872,43.5037053707782,41.25670744449982,15.0,39.46608902535085,27544.0,56.36286913048371,23656.0,41.651341488900016,51.65218889008817,52.79984912125185,10.940898534425408,7.209786569495047,,
,,23.405,23.67,22.475,,0.0,22.988,179598.0,61.713247705242175,62.83271979037729,63.54413490443199,60.33605542784574,44.23122799684923,109228.0,41.25670744449982,15.0,39.46608902535085,27544.0,49.0670610488638,51.59236098831322,52.36513805290631,10.874987132141026,39.52415634862832,,
,,25.48,25.535,25.05,,0.0,25.233,38982.0,67.74014178468661,68.4032343626923,68.55088655617536,67.24886266818848,61.713247705242175,179598.0,44.23122799684923,109228.0,41.25670744449982,15.0,57.89487249559272,51.535601184065186,53.614237258553814,10.774816538620836,9.765964851226737,,
,,20.96,20.97,20.35,,0.0,20.415,58035.0,54.80580963557156,56.26890864372177,56.29575449708232,54.63131158872796,67.74014178468661,38982.0,61.713247705242175,179598.0,44.23122799684923,109228.0,61.4197330418335,52.225156103240565,52.76284019483338,10.812975615287657,-19.094043514445367,,
,,14.615,14.71,14.33,,0.0,14.488,52295.0,38.89427234877104,39.23521468645008,39.49025029337535,38.47010786567428,54.80580963557156,58035.0,67.74014178468661,38982.0,61.713247705242175,179598.0,53.8134079230098,49.72964227728162,51.512590452613274,11.679906661522933,-29.03257408768063,,
,,16.5,16.575,16.405,,0.0,16.443,61270.0,44.1426366807594,44.29565804491456,44.49700194511872,44.0406224379893,38.89427234877104,52295.0,54.80580963557156,58035.0,67.74014178468661,38982.0,45.9475728883674,50.39772051376855,51.841068644089205,11.115088275262046,13.49392600773054,,
,,15.395,15.63,15.34,,0.0,15.52,69066.0,41.66476441558024,41.32919124857332,41.96006880254634,41.18153905509027,44.1426366807594,61270.0,38.89427234877104,52295.0,54.80580963557156,58035.0,41.56722448170362,50.45601436678004,51.04163748223099,11.060091464875393,-5.61333090068723,,
,,16.435,16.68,16.35,,0.0,16.626,82837.0,44.63391579725755,44.12115999807096,44.778883405404535,43.89297024450625,41.66476441558024,69066.0,44.1426366807594,61270.0,38.89427234877104,52295.0,43.48043896453245,50.51354119540979,51.082865042748985,11.023304407166446,7.1262886597938335,,
,,22.835,23.185,22.58,,0.0,22.85,110586.0,61.34277492886653,61.3025061488257,62.24211101644509,60.61793688813155,44.63391579725755,82837.0,41.66476441558024,69066.0,44.1426366807594,61270.0,49.21381838056816,50.46061651307042,51.02648875069182,10.961285740518624,37.43534223505351,,
,,24.79,24.89,24.425,,0.0,24.581,53203.0,65.98979214557848,66.55087048081405,66.8193290144196,65.57099683315383,61.34277492886653,110586.0,44.63391579725755,82837.0,41.66476441558024,69066.0,57.322160957234246,50.2105665646264,50.873083874345795,10.51217023174903,7.575492341356682,,
,,20.42,20.81,20.35,,0.0,20.636,39194.0,55.39910299483981,54.81923256225184,55.86622084331345,54.63131158872796,65.98979214557848,53203.0,61.34277492886653,110586.0,44.63391579725755,82837.0,60.910556689761655,50.29532275880758,51.26023943102407,10.557688383409193,-16.048980920222945,,
,,19.695,19.76,19.355,,0.0,19.647,44062.0,52.74404809748098,52.87290819361165,53.04740624045525,51.9601491793528,55.39910299483981,39194.0,65.98979214557848,53203.0,61.34277492886653,110586.0,58.04431441263315,52.27386215148043,51.00175221438102,9.286178640328876,-4.792595464237282,,
,,16.46,16.605,16.225,,0.0,16.542,74473.0,44.408410629028886,44.188274631472346,44.57753950520038,43.55739707749933,52.74404809748098,44062.0,55.39910299483981,39194.0,65.98979214557848,53203.0,50.850520573783285,52.31182985837607,51.35477518607231,9.24785643279535,-15.803939532753075,,
,,15.48,15.655,15.47,,0.0,15.589,59606.0,41.85000080376807,41.55738100213802,42.02718343594772,41.530535148777474,44.408410629028886,74473.0,52.74404809748098,44062.0,55.39910299483981,39194.0,46.334153176759365,52.33829219954576,51.39715328316289,9.212510103528857,-5.761092975456405,,
,,16.62,16.685,16.345,,0.0,16.411,118473.0,44.056729950005625,44.61780828524121,44.79230633208481,43.87954731782597,41.85000080376807,59606.0,44.408410629028886,74473.0,52.74404809748098,44062.0,43.43838046093425,52.25583707850977,51.38468913695978,9.295171865559247,5.272948874206151,,
,,18.54,18.675,18.195,,0.0,18.328,41318.0,49.20308003922388,49.77221213046763,50.13463115083511,48.84603018952851,44.056729950005625,118473.0,41.85000080376807,59606.0,44.408410629028886,74473.0,45.03660359766591,50.52159495141796,50.49110573224419,8.407288859661271,11.681189446103213,,
,,24.525,24.91,24.45,,0.0,24.824,48131.0,66.64214638223994,65.83945536675937,66.8730207211407,65.63811146655522,49.20308003922388,41318.0,44.056729950005625,118473.0,41.85000080376807,59606.0,53.300652123823205,50.61478841379817,50.412677489212285,8.608535441303163,35.443037974683556,,
,,19.625,19.8,19.49,,0.0,19.683,31633.0,52.84069316957899,52.68498722008777,53.15478965389747,52.32256819972029,66.64214638223994,48131.0,49.20308003922388,41318.0,44.056729950005625,118473.0,56.228639863680996,50.24930129590376,50.27231202735567,8.423886818674701,-20.709796970673533,,
,,16.465,16.68,16.28,,0.0,16.459,65739.0,44.18559004613629,44.201697558152624,44.778883405404535,43.70504927098237,52.84069316957899,31633.0,66.64214638223994,48131.0,49.20308003922388,41318.0,54.55614319931848,49.02666443142595,50.65026329145319,8.620249039354595,-16.37961692831378,,
,,15.57,15.57,15.375,,0.0,15.438,104.0,41.4446284180237,41.79899368238301,41.79899368238301,41.275499541852206,44.18559004613629,65739.0,52.84069316957899,31633.0,66.64214638223994,48131.0,46.156970544579714,48.60326697271093,50.4575484155435,8.951315592989781,-6.203293031168355,,
,,16.42,16.425,16.42,,0.0,16.397,25.0,44.01914575530084,44.08089121803013,44.0943141447104,44.08089121803013,41.4446284180237,104.0,44.18559004613629,65739.0,52.84069316957899,31633.0,43.216454739820335,48.913144822929894,50.62571851123782,8.712937683743059,6.211944552403126,,
,,25.27,25.51,25.175,,0.0,25.318,39559.0,67.96833153825133,67.83947144212067,68.48377192277397,67.5844358351954,44.01914575530084,25.0,41.4446284180237,104.0,44.18559004613629,65739.0,51.144035237192014,52.329087906965,52.292462492737386,10.90356519484166,54.40629383423803,,
,,18.33,18.62,18.285,,0.0,18.535,39796.0,49.75878920378735,49.20844920989599,49.98697895735207,49.0876428697735,67.96833153825133,39559.0,44.01914575530084,25.0,41.4446284180237,104.0,53.915422165779894,52.408474930474064,51.46503494094601,10.879007291467671,-26.791215735840133,,
,,24.87,25.21,24.675,,0.0,24.97,56413.0,67.03409584130402,66.76563730769848,67.67839632195734,66.24214316716768,49.75878920378735,39796.0,67.96833153825133,39559.0,44.01914575530084,25.0,61.587072194447636,52.46446771034037,51.53962806206926,10.965143528301791,34.7181008902077,,
,,14.69,14.74,14.495,,0.0,14.605,30574.0,39.20836883308952,39.43655858665424,39.570787853457006,38.91306444612343,67.03409584130402,56413.0,49.75878920378735,39796.0,67.96833153825133,39559.0,52.000417959393694,50.51699280512758,50.383147050515674,12.044640840637983,-41.50981177412895,,
,,19.71,20.47,19.575,,0.0,19.995,68986.0,53.67828379442828,52.91317697365248,54.9534618290546,52.550757953285,39.20836883308952,30574.0,67.03409584130402,56413.0,49.75878920378735,39796.0,53.306916156274006,51.87309191202644,50.4498781717262,11.743610349094357,36.90516946251285,,
,,16.64,16.81,16.54,,0.0,16.573,66786.0,44.49163277444661,44.67149999196232,45.12787949909174,44.403041458356775,53.67828379442828,68986.0,39.20836883308952,30574.0,67.03409584130402,56413.0,45.792761800654866,52.30837824865828,50.455822610684606,11.342259276544372,-17.114278569642416,,
,,15.4,15.57,15.345,,0.0,15.493,58272.0,41.59228061150674,41.3426141752536,41.79899368238301,41.19496198177055,44.49163277444661,66786.0,53.67828379442828,68986.0,39.20836883308952,30574.0,46.58739906012727,51.961683228116264,50.43741402552308,11.670211824393565,-6.516623423640877,,
,,22.97,24.82,22.94,,0.0,24.501,183880.0,65.77502531869405,61.664925169193175,66.6314080408957,61.58438760911152,41.59228061150674,58272.0,44.49163277444661,66786.0,53.67828379442828,68986.0,50.61964623488253,51.648353768179504,51.98872083757225,11.188323275413971,58.14238688439946,,
,,25.255,25.32,24.515,,0.0,24.649,76404.0,66.17234394843024,67.79920266207984,67.97370070892343,65.81260951339881,65.77502531869405,183880.0,41.59228061150674,58272.0,44.49163277444661,66786.0,57.846549959543744,53.9931473031285,53.200811116801276,12.382520649106318,0.6040569772662208,,
,,18.535,19.095,18.36,,0.0,18.6,59764.0,49.93328725063096,49.75878920378735,51.2621569919784,49.28898676997765,66.17234394843024,76404.0,65.77502531869405,183880.0,41.59228061150674,58272.0,60.62688550591847,51.55017464731805,52.00732117882921,10.989390511189443,-24.540549312345316,,
,,25.075,25.325,24.18,,0.0,24.367,81985.0,65.4152908836626,67.31597730158984,67.98712363560371,64.91327342582025,49.93328725063096,59764.0,66.17234394843024,76404.0,65.77502531869405,183880.0,60.506974027574664,55.29402065454279,52.90550672983518,10.538871064263796,31.005376344086,,
,,20.715,20.775,20.55,,0.0,20.567,30023.0,55.21386660665198,55.61118523638819,55.77226035655151,55.16822865593904,65.4152908836626,81985.0,49.93328725063096,59764.0,66.17234394843024,76404.0,56.85414824698191,55.513389627717594,53.69324076987202,10.515589852694735,-15.59486190339393,,
,,14.515,14.675,14.51,,0.0,14.642,25765.0,39.30769849052357,38.96675615284454,39.3962898066134,38.95333322616426,55.21386660665198,30023.0,65.4152908836626,81985.0,49.93328725063096,59764.0,53.31228532694612,54.77282758715717,53.54060291790772,11.552575873303809,-28.808285116934908,,
,,20.42,20.585,20.155,,0.0,20.192,63491.0,54.20714710563119,54.81923256225184,55.26218914270098,54.10781744819715,39.30769849052357,25765.0,55.21386660665198,30023.0,65.4152908836626,81985.0,49.57623740093564,56.57495137203209,54.26831730007417,10.038523137796203,37.90465783362929,,
,,16.575,16.75,16.505,,0.0,16.695,48722.0,44.81915218544537,44.49700194511872,44.966804378928416,44.30908097159484,54.20714710563119,63491.0,39.30769849052357,25765.0,55.21386660665198,30023.0,46.11133259386677,53.58125521013942,52.61480448915946,9.962041437807844,-17.318740095087158,,
,,24.7,26.275,22.46,,0.0,24.3,250138.0,65.2354236661469,66.30925780056906,70.53747970485637,60.29578664780491,44.81915218544537,48722.0,54.20714710563119,63491.0,39.30769849052357,25765.0,54.75390765240788,53.44740945552751,53.720278379328,9.769103862303984,45.552560646900275,,
,,24.73,25.06,24.655,,0.0,24.877,53385.0,66.78442940505087,66.38979536065072,67.275708521549,66.18845146044657,65.2354236661469,250138.0,44.81915218544537,48722.0,54.20714710563119,63491.0,58.946335085547766,55.8547154775875,53.70244506245278,10.782497638233076,2.3744855967078093,,
,,19.05,20.0,19.01,,0.0,19.868,82858.0,53.33734145674924,51.1413506518559,53.69170672110856,51.03396723841368,66.78442940505087,53385.0,65.2354236661469,250138.0,44.81915218544537,48722.0,61.785731509315724,54.12929413088559,54.71165739271419,9.930311760891248,-20.135064517425725,,
,,24.265,24.545,24.24,,0.0,24.495,38405.0,65.7589178066777,65.14146317938496,65.89314707348048,65.07434854598357,53.33734145674924,82858.0,66.78442940505087,53385.0,65.2354236661469,250138.0,61.960229556159334,55.635730016603546,55.57455982216057,10.8769860703833,23.28870545600965,,
,,20.63,20.845,20.505,,0.0,20.583,34856.0,55.25681997202887,55.38299548282348,55.960181330075386,55.04742231581655,65.7589178066777,38405.0,53.33734145674924,82858.0,66.78442940505087,53385.0,58.11769307848533,57.91417594253288,56.343501764845016,8.236632648271241,-15.97060624617268,,
,,14.64,14.9,14.57,,0.0,14.743,35542.0,39.57884160946517,39.30232931985147,40.00032150722588,39.11440834632759,55.25681997202887,34856.0,65.7589178066777,38405.0,53.33734145674924,82858.0,53.531526462723974,55.824418014509156,56.199684693270626,10.792941437339108,-28.37292911626099,,
,,20.225,20.455,20.005,,0.0,20.347,63270.0,54.623257832719794,54.29573842172103,54.91319304901377,53.70512964778884,39.57884160946517,35542.0,55.25681997202887,34856.0,65.7589178066777,38405.0,49.819639804737996,57.225004535548365,55.4031298728439,9.708423497256826,38.011259580818034,,
,,16.42,16.5,16.36,,0.0,16.44,60486.0,44.13458292475124,44.08089121803013,44.29565804491456,43.9198160978668,54.623257832719794,63270.0,39.57884160946517,35542.0,55.25681997202887,34856.0,46.11222745564546,54.210598715348986,53.82900408543825,10.075603761653941,-19.201847938270987,,
,,24.58,25.12,23.435,,0.0,24.321,137360.0,65.29179995820407,65.9871075602424,67.43678364171235,62.91325735045895,44.13458292475124,60486.0,54.623257832719794,63270.0,39.57884160946517,35542.0,54.68321357189176,53.99736593722802,54.92604070740776,9.776504762429479,47.93795620437955,,
,,25.015,25.875,25.0,,0.0,25.782,65697.0,69.21397913418105,67.15490218142652,69.4636455704342,67.11463340138569,65.29179995820407,137360.0,44.13458292475124,60486.0,54.623257832719794,63270.0,59.5467873390455,56.26545703400399,55.19737558244479,11.317981979478295,6.00715431108918,,
,,19.99,20.35,19.825,,0.0,20.197,60985.0,54.22057003231147,53.664860867748,54.63131158872796,53.221904287298855,69.21397913418105,65697.0,65.29179995820407,137360.0,44.13458292475124,60486.0,62.908783041565584,54.61712163766595,55.12642582713475,10.516788125678085,-21.66240012411761,,
,,20.6,20.76,20.48,,0.0,20.597,29624.0,55.29440416673365,55.302457922741816,55.73199157651068,54.98030768241516,54.22057003231147,60985.0,69.21397913418105,65697.0,65.29179995820407,137360.0,59.57631777774211,54.622490808338064,56.268333375435475,10.517178730943478,1.9804921522998509,,
,,14.775,14.815,14.58,,0.0,14.696,31781.0,39.45266609867057,39.66474834021895,39.77213175366117,39.14125419968814,55.29440416673365,29624.0,54.22057003231147,60985.0,69.21397913418105,65697.0,49.65588009923862,54.604465735367405,55.21444187493829,10.54732364893388,-28.649803369422735,,
,,15.46,15.565,15.415,,0.0,15.537,41163.0,41.71040236629318,41.50368929541692,41.785570755702736,41.38288295529442,39.45266609867057,31781.0,55.29440416673365,29624.0,54.22057003231147,60985.0,45.48582421056585,52.75977209730645,54.992388316427416,11.618322251418364,5.722645617855182,,
,,16.5,16.64,16.425,,0.0,16.558,56688.0,44.451363994405774,44.29565804491456,44.67149999196232,44.0943141447104,41.71040236629318,41163.0,39.45266609867057,31781.0,55.29440416673365,29624.0,41.87147748645657,52.80502653582853,53.50781262558876,11.579679707857201,6.571410182145843,,
,,24.45,24.58,23.0,,0.0,23.362,151041.0,62.7172826209269,65.63811146655522,65.9871075602424,61.74546272927484,44.451363994405774,56688.0,41.71040236629318,41163.0,39.45266609867057,31781.0,49.62634966054201,52.437238344788945,53.217302141008474,11.149890327860533,41.091919313926795,,
,,25.6,25.685,25.395,,0.0,25.547,42250.0,68.58310158020802,68.72538460301895,68.95357435658366,68.1750446091276,62.7172826209269,151041.0,44.451363994405774,56688.0,41.71040236629318,41163.0,58.58391606518029,52.34711297993565,54.30628500696982,10.993129187304392,9.352795137402637,,
,,20.41,20.78,20.37,,0.0,20.412,40066.0,54.79775587956339,54.79238670889128,55.78568328323179,54.68500329544906,68.58310158020802,42250.0,62.7172826209269,151041.0,44.451363994405774,56688.0,62.03271336023283,52.42956810097164,53.5233448693188,11.011672241596537,-20.10020746075861,,
,,14.695,14.97,14.51,,0.0,14.745,45356.0,39.58421078013728,39.449981513334514,40.18824248074976,38.95333322616426,54.79775587956339,40066.0,68.58310158020802,42250.0,62.7172826209269,151041.0,54.321689413302956,50.1852547600293,52.40387278418369,11.89592980636643,-27.763080540858308,,
,,16.745,16.87,16.665,,0.0,16.786,54746.0,45.063449451026415,44.95338145224814,45.288954619255065,44.7386146253637,39.58421078013728,45356.0,54.79775587956339,40066.0,68.58310158020802,42250.0,46.48180537024242,50.98679523893728,52.79563048715234,11.222195536986009,13.841980332316052,,
,,15.51,15.635,15.38,,0.0,15.559,73478.0,41.7694632436864,41.63791856221969,41.973491729226616,41.28892246853248,45.063449451026415,54746.0,39.58421078013728,45356.0,54.79775587956339,40066.0,42.13904115828342,50.995232507136315,51.87750230222139,11.214078072469615,-7.3096628142499736,,
,,16.585,16.6,16.215,,0.0,16.405,105069.0,44.0406224379893,44.52384779847928,44.56411657852011,43.53055122413876,41.7694632436864,73478.0,45.063449451026415,54746.0,39.58421078013728,45356.0,43.624511710900755,50.936555141933965,51.87079083888125,11.255025299559364,5.437367440066843,,
,,23.625,24.67,23.41,,0.0,24.216,137357.0,65.00991849791824,63.42332856430948,66.2287202404874,62.84614271705756,44.0406224379893,105069.0,41.7694632436864,73478.0,45.063449451026415,54746.0,50.273334726531374,51.26407455293271,51.85065644886083,11.680301797082151,47.613532459615946,,
,,24.475,24.985,24.32,,0.0,24.972,44254.0,67.03946501197615,65.7052260999566,67.07436462134486,65.28911537286801,65.00991849791824,137357.0,44.0406224379893,105069.0,41.7694632436864,73478.0,58.69666864929462,51.043555043185314,51.695334011560476,11.307449943953282,3.121902874132809,,
,,19.925,20.085,19.705,,0.0,19.845,47660.0,53.27559599401996,53.4903628209044,53.91989647467327,52.8997540469722,67.03946501197615,44254.0,65.00991849791824,137357.0,44.0406224379893,105069.0,61.77499316797151,50.82610363096482,51.62783586596823,11.237641600736772,-20.530994714079785,,
,,15.515,15.555,15.265,,0.0,15.399,45745.0,41.33992958991753,41.651341488899966,41.75872490234218,40.9801951548861,53.27559599401996,47660.0,67.03946501197615,44254.0,65.00991849791824,137357.0,53.8849968653046,51.07692060379056,50.63108768190994,10.961101765411241,-22.403628117913822,,
,,15.3,15.345,14.97,,0.0,14.982,101363.0,40.220457504782416,41.07415564164804,41.19496198177055,40.18824248074976,41.33992958991753,45745.0,53.27559599401996,47660.0,67.03946501197615,44254.0,44.94532769624002,50.38506461147,50.685929925203645,11.541409606185011,-2.707968049873377,,
,,17.06,17.49,16.51,,0.0,16.985,176903.0,45.59768193290144,45.7990258331056,46.95339752760943,44.32250389827512,40.220457504782416,101363.0,41.33992958991753,45745.0,53.27559599401996,47660.0,42.38602300920052,50.93195299564358,50.963592751389946,11.149152821595415,13.369376585235626,,
,,25.63,27.855,25.355,,0.0,27.718,240661.0,74.41133634478435,68.80592216310062,74.77912453582394,68.06766119568537,45.59768193290144,176903.0,40.220457504782416,101363.0,41.33992958991753,45745.0,53.40982526082279,55.2706264109,53.103590776416986,13.649444728675578,63.191050927288785,,
,,23.155,23.83,23.13,,0.0,23.779,52010.0,63.83675470606202,62.16157345636344,63.97366855820084,62.094458822962046,74.41133634478435,240661.0,45.59768193290144,176903.0,40.220457504782416,101363.0,61.28192432791599,55.10303158349198,53.183553068212355,13.516484847749918,-14.210982033335739,,
,,19.82,19.985,19.785,,0.0,19.906,35091.0,53.43935569951934,53.20848136061858,53.65143794106773,53.11452087385664,63.83675470606202,52010.0,74.41133634478435,240661.0,45.59768193290144,176903.0,63.89581558345529,53.16015882456958,52.10185693387744,12.450155744604531,-16.28748055006519,,
,,15.4,15.585,15.14,,0.0,15.213,45533.0,40.84059671741122,41.3426141752536,41.83926246242385,40.64462198787918,53.43935569951934,35091.0,63.83675470606202,52010.0,74.41133634478435,240661.0,52.70556904099758,51.383730356482616,51.10491699372371,13.289762140120533,-23.57580628956093,,
,,17.13,17.215,16.925,,0.0,17.122,72719.0,45.96547012394103,45.98694680662948,46.2151365601942,45.43660681273811,40.84059671741122,45533.0,53.43935569951934,35091.0,63.83675470606202,52010.0,46.74847418029059,52.044521861343114,51.56072123256684,12.813597976789508,12.548478275159392,,
,,15.025,15.025,15.025,,0.0,15.025,2.0,40.3358946742328,40.3358946742328,40.3358946742328,40.3358946742328,45.96547012394103,72719.0,40.84059671741122,45533.0,53.43935569951934,35091.0,42.38065383852841,52.06101288555031,51.223038748510156,12.795906296456684,-12.247401004555547,,
,,16.95,17.305,16.855,,0.0,17.28,112695.0,46.3896346070378,45.5037214461395,46.45674924043918,45.24868583921423,40.3358946742328,2.0,45.96547012394103,72719.0,40.84059671741122,45533.0,44.2303331350706,52.17414898185551,51.55305098874954,12.732580216559295,15.008319467554099,,
,,27.62,27.885,25.78,,0.0,26.089,220726.0,70.03814683235005,74.14824698185092,74.8596620959056,69.20860996350893,46.3896346070378,112695.0,40.3358946742328,2.0,45.96547012394103,72719.0,52.25455870454027,51.54940762293633,53.41001701691817,11.508036314219476,50.97800925925924,,
,,22.74,22.82,22.41,,0.0,22.708,51908.0,60.961563811146654,61.04747054190042,61.26223736878487,60.16155738100213,70.03814683235005,220726.0,46.3896346070378,112695.0,40.3358946742328,2.0,59.12978175017822,51.13866606651984,53.12084882500591,11.038102374980198,-12.959484840354163,,
,,19.865,19.955,19.505,,0.0,19.525,53267.0,52.41652868648222,53.32928770074107,53.57090038098605,52.36283697976112,60.961563811146654,51908.0,70.03814683235005,220726.0,46.3896346070378,112695.0,61.13874644332637,50.99254792180026,52.076353373184915,11.009303117105494,-14.017086489342967,,
,,19.755,20.05,19.7,,0.0,19.847,42437.0,53.28096516469208,53.033983313774975,53.82593598791133,52.88633112029193,52.41652868648222,53267.0,60.961563811146654,51908.0,70.03814683235005,220726.0,55.553019220773706,52.769743414268945,52.07673688537578,10.060602237092679,1.6491677336747834,,
,,17.06,17.065,16.56,,0.0,16.714,96559.0,44.870159306830416,45.7990258331056,45.81244875978587,44.456733165077885,53.28096516469208,42437.0,52.41652868648222,53267.0,60.961563811146654,51908.0,50.18921771933497,52.613270440396,52.32889615086956,10.191730403928164,-15.785761072202353,,
,,15.06,15.07,14.345,,0.0,14.454,136741.0,38.80299644734516,40.42985516099474,40.456701014355296,38.51037664571511,44.870159306830416,96559.0,53.28096516469208,42437.0,52.41652868648222,53267.0,45.65137363962261,52.39428497941206,52.22764893248118,10.510964445067435,-13.521598659806134,,
,,17.19,17.37,17.075,,0.0,17.214,94729.0,46.21245197485813,46.14802192679281,46.63124728728278,45.83929461314643,38.80299644734516,136741.0,44.870159306830416,96559.0,53.28096516469208,42437.0,43.29520257634463,52.36897317481496,52.27156107833523,10.528033923628259,19.095060190950576,,
,,20.98,21.02,20.17,,0.0,20.412,7501.0,54.79775587956339,56.32260035044288,56.4299837638851,54.14808622823799,46.21245197485813,94729.0,38.80299644734516,136741.0,44.870159306830416,96559.0,46.604401433922284,50.19177446727401,50.870591045105165,7.36608125107159,18.577901707912158,,
,,22.65,22.77,22.265,,0.0,22.656,60396.0,60.821965373671766,60.80585786165543,61.1280081019821,59.7722925072741,54.79775587956339,7501.0,46.21245197485813,94729.0,38.80299644734516,136741.0,53.94405774269782,50.171831833349025,50.65524894993443,7.3321748731062515,10.993533215755424,,
,,19.855,20.12,19.715,,0.0,19.874,69730.0,53.35344896876557,53.302441847380514,54.01385696143521,52.92659990033276,60.821965373671766,60396.0,54.79775587956339,7501.0,46.21245197485813,94729.0,56.32439007400029,50.30567758796093,50.64911275488059,7.3883168025672,-12.279307909604519,,
,,16.64,17.13,16.61,,0.0,16.94,98306.0,45.47687559277895,44.67149999196232,45.98694680662948,44.590962431880655,53.35344896876557,69730.0,60.821965373671766,60396.0,54.79775587956339,7501.0,53.217429978405484,49.190807649116195,50.98027553169258,7.4530508152839126,-14.763006943745582,,
,,14.455,14.825,14.315,,0.0,14.713,109950.0,39.49830404938351,38.805681032681214,39.79897760702172,38.429839085633446,45.47687559277895,98306.0,53.35344896876557,69730.0,60.821965373671766,60396.0,46.109542870309404,48.42339975519521,50.51833509779561,8.210176800114123,-13.146399055489965,,
,,17.25,17.315,17.03,,0.0,17.122,70561.0,45.96547012394103,46.30909704695613,46.483595093799735,45.71848827302394,39.49830404938351,109950.0,45.47687559277895,98306.0,53.35344896876557,69730.0,43.64688325536789,49.4466102804232,50.920447629917625,7.1949352365482016,16.373275334737958,,
,,23.745,23.89,23.38,,0.0,23.791,41745.0,63.86896973009468,63.745478804636136,64.13474367836417,62.7656051569759,45.96547012394103,70561.0,39.49830404938351,109950.0,45.47687559277895,98306.0,49.7775813011398,51.96896995974271,52.16897156727883,8.79025162737881,38.9498890316552,,
,,20.37,20.37,20.0,,0.0,20.204,9446.0,54.23936212966387,54.68500329544906,54.68500329544906,53.69170672110856,63.86896973009468,41745.0,45.96547012394103,70561.0,39.49830404938351,109950.0,54.691267327899915,51.88919942404277,51.040486945658394,8.762793024033657,-15.077130007145556,,
,,22.905,23.17,22.77,,0.0,22.856,10802.0,61.35888244088286,61.49042712234958,62.20184223640427,61.1280081019821,54.23936212966387,9446.0,63.86896973009468,41745.0,45.96547012394103,70561.0,59.82240476688053,51.96590186221578,51.06886684778241,8.855870515960435,13.12611364086318,,
,,15.225,15.375,15.18,,0.0,15.298,29737.0,41.06878647097594,40.87281174144388,41.275499541852206,40.75200540132139,61.35888244088286,10802.0,54.23936212966387,9446.0,63.86896973009468,41745.0,52.222343680507606,50.21095007681726,50.25831383238909,9.711003227150206,-33.06790339516975,,
,,19.82,19.895,19.375,,0.0,19.648,77808.0,52.74673268281705,53.20848136061858,53.409825260822736,52.01384088607392,41.06878647097594,29737.0,61.35888244088286,10802.0,54.23936212966387,9446.0,51.724800531558664,51.249501089679846,50.220154369398024,9.506928322952811,28.435089554190096,,
,,17.12,17.175,16.965,,0.0,17.053,96966.0,45.780233735753214,45.96010095326892,46.107753146751975,45.543990226180334,52.74673268281705,77808.0,41.06878647097594,29737.0,61.35888244088286,10802.0,46.531917629848785,52.14691961630409,50.28515968574965,8.450590218558052,-13.20745114006514,,
,,14.635,14.8,14.575,,0.0,14.631,74433.0,39.27816805182697,39.28890639317119,39.73186297362033,39.12783127300786,45.780233735753214,96966.0,52.74673268281705,77808.0,41.06878647097594,29737.0,45.9350448234658,51.19159074885922,50.319100514641214,9.569750314913446,-14.202779569577206,,
,,26.755,27.88,26.1,,0.0,27.834,27387.0,74.72274824376679,71.82608066616297,74.84623916922533,70.06767727104666,39.27816805182697,74433.0,45.780233735753214,96966.0,52.74673268281705,77808.0,53.26038334378237,52.742130536526666,52.35555024813469,12.420755118772048,90.23990157883945,,
,,23.905,24.0,23.62,,0.0,23.707,8971.0,63.643464561866026,64.175012458405,64.43004806533027,63.4099056376292,74.72274824376679,27387.0,39.27816805182697,74433.0,45.780233735753214,96966.0,59.21479361915332,54.08557374112697,52.987386582584875,13.099710237912639,-14.827189767909765,,
,,20.22,20.35,19.745,,0.0,19.845,7832.0,53.27559599401996,54.28231549504075,54.63131158872796,53.00713746041442,63.643464561866026,8971.0,74.72274824376679,27387.0,39.27816805182697,74433.0,63.88060293321764,52.93081853443228,52.44836019832403,12.701937367325657,-16.290547095794494,,
,,22.8,23.385,22.725,,0.0,23.042,11441.0,61.85821531338917,61.20854566206376,62.77902808365618,61.007201761859605,53.27559599401996,7832.0,63.643464561866026,8971.0,74.72274824376679,27387.0,59.59242528975844,55.900736940491306,53.05584350865429,11.869309011793899,16.109851347946602,,
,,19.58,19.695,19.47,,0.0,19.635,26040.0,52.711833073448325,52.56418087996527,52.87290819361165,52.268876492999176,61.85821531338917,11441.0,53.27559599401996,7832.0,63.643464561866026,8971.0,55.94854812695254,55.89575128201006,53.57262618584495,11.87086187212897,-14.786042878222371,,
,,15.3,15.325,14.68,,0.0,14.79,61939.0,39.705017120259775,41.07415564164804,41.14127027504944,39.40971273329368,52.711833073448325,26040.0,61.85821531338917,11441.0,53.27559599401996,7832.0,51.42502183569914,55.027863194082435,53.58739140519326,12.910252636688035,-24.675324675324685,,
,,19.695,19.94,19.625,,0.0,19.74,67797.0,52.99371453373414,52.87290819361165,53.53063160094523,52.68498722008777,39.705017120259775,61939.0,52.711833073448325,26040.0,61.85821531338917,11441.0,48.47018824248081,56.987226977212025,54.08940886303562,11.024660671381195,33.468559837728186,,
,,17.035,17.32,16.85,,0.0,17.0,112274.0,45.63795071294227,45.73191119970421,46.49701802048001,45.23526291253396,52.99371453373414,67797.0,39.705017120259775,61939.0,52.711833073448325,26040.0,46.11222745564546,52.832255901379945,52.787193218953306,8.393149211846183,-13.880445795339414,,
,,27.805,28.775,27.36,,0.0,28.243,32283.0,75.82074364621344,74.64489526902118,77.24894304499495,73.4502547944765,45.63795071294227,112274.0,52.99371453373414,67797.0,39.705017120259775,61939.0,58.15080296429667,54.57186719914387,54.32872047013542,11.64097881033866,66.13529411764705,,
,,23.705,23.875,23.325,,0.0,23.47,9332.0,63.007217837220885,63.63809539119392,64.09447489832334,62.61795296349285,75.82074364621344,32283.0,45.63795071294227,112274.0,52.99371453373414,67797.0,61.48863739879226,55.96209889102972,54.446458712730994,12.034810192567294,-16.89976277307652,,
,,19.845,19.995,19.515,,0.0,19.569,7309.0,52.53465044126866,53.27559599401996,53.67828379442828,52.38968283312168,63.007217837220885,9332.0,75.82074364621344,32283.0,45.63795071294227,112274.0,63.787537308234384,54.63016105215536,55.26544899632334,11.786890623273695,-16.621218576906692,,
,,23.33,23.64,23.01,,0.0,23.215,8249.0,62.32264857652676,62.631375890173125,63.46359734435031,61.7723085826354,52.53465044126866,7309.0,63.007217837220885,9332.0,75.82074364621344,32283.0,59.28817228500549,56.003134695452275,55.94944298873117,12.082244059586701,18.631509019367385,,
,,19.595,19.7,19.365,,0.0,19.412,34327.0,52.11317054350796,52.6044496600061,52.88633112029193,51.98699503271336,62.32264857652676,8249.0,52.53465044126866,7309.0,63.007217837220885,9332.0,55.65682318710119,57.775728041630586,56.401795617856514,10.028229351059553,-16.381649795390917,,
,,14.9,15.355,14.84,,0.0,15.222,13459.0,40.86475798543572,40.00032150722588,41.221807835131095,39.83924638706255,52.11317054350796,34327.0,62.32264857652676,8249.0,52.53465044126866,7309.0,51.76685903515687,56.04301996330224,56.51512347025714,11.87075971707791,-21.58458685349268,,
,,19.775,19.8,19.22,,0.0,19.317,78120.0,51.85813493658269,53.08767502049608,53.15478965389747,51.59773015898532,40.86475798543572,13459.0,52.11317054350796,34327.0,62.32264857652676,8249.0,48.278687821842176,56.93161770953659,54.88193680545827,11.174451309895742,26.901852581789477,,
,,17.125,17.175,16.82,,0.0,16.94,78167.0,45.47687559277895,45.9735238799492,46.107753146751975,45.154725352452296,51.85813493658269,78120.0,40.86475798543572,13459.0,52.11317054350796,34327.0,46.066589504932516,52.5967794161888,53.58432330766634,8.08379499953295,-12.305223378371355,,
,,27.98,28.27,26.685,,0.0,27.486,32940.0,73.78851254681949,75.11469770283087,75.89322745028694,71.63815969263908,45.47687559277895,78167.0,51.85813493658269,78120.0,40.86475798543572,13459.0,57.0411743587271,54.136964374702885,55.049531632866305,10.925456409868215,62.25501770956314,,
,,23.56,23.565,23.13,,0.0,23.279,13241.0,62.4944620380343,63.24883051746588,63.26225344414616,62.094458822962046,73.78851254681949,32940.0,45.47687559277895,78167.0,51.85813493658269,78120.0,60.58661672587763,55.55979460281227,55.09497782748381,11.323300629150669,-15.30597395037474,,
,,19.58,19.58,19.035,,0.0,19.176,10397.0,51.47960840419888,52.56418087996527,52.56418087996527,51.10108187181506,62.4944620380343,13241.0,73.78851254681949,32940.0,45.47687559277895,78167.0,62.5875276630176,54.01078886390828,55.00696177968028,10.98042665321806,-17.62532754843421,,
,,23.2,23.35,22.32,,0.0,23.118,14280.0,62.06224379892937,62.28237979648593,62.68506759689424,59.91994470075715,51.47960840419888,10397.0,62.4944620380343,13241.0,73.78851254681949,32940.0,58.67877141372091,55.4320850432542,56.6039065424424,11.332129899795271,20.55694618272841,,
,,19.49,19.65,19.465,,0.0,19.567,17563.0,52.52928127059656,52.32256819972029,52.75210185348915,52.255453566318906,62.06224379892937,14280.0,51.47960840419888,10397.0,62.4944620380343,13241.0,55.35704449124166,57.09844551256289,56.570732737932566,9.550610451976246,-15.36032528765462,,
,,15.31,15.605,15.31,,0.0,15.562,12717.0,41.77751699969456,41.1010014950086,41.89295416914495,41.1010014950086,52.52928127059656,17563.0,62.06224379892937,14280.0,51.47960840419888,10397.0,52.12301402307356,55.658357235864585,56.29498747270059,11.105839123957052,-20.468135125466368,,
,,14.725,14.83,14.625,,0.0,14.67,70791.0,39.382866879933125,39.53051907341617,39.812400533702,39.26206053981063,41.77751699969456,12717.0,52.52928127059656,17563.0,62.06224379892937,14280.0,44.563221716741474,54.787784562600905,53.69228198939485,12.219940782076812,-5.731911065415741,,
,,16.87,17.17,16.83,,0.0,17.148,70667.0,46.03526934267848,45.288954619255065,46.0943302200717,45.18157120581285,39.382866879933125,70791.0,41.77751699969456,12717.0,52.52928127059656,17563.0,42.39855107410211,50.8230355334379,52.47999995407039,9.142446162449675,16.891615541922313,,
,,26.92,27.77,26.81,,0.0,27.301,25328.0,73.29186425964923,72.26903724661213,74.55093478225923,71.973732859646,46.03526934267848,70667.0,39.382866879933125,70791.0,41.77751699969456,12717.0,52.903333494087,52.36552156509716,53.962658083954715,11.926700833077032,59.20807091205968,,
,,23.245,23.345,22.88,,0.0,23.16,16445.0,62.174996383043705,62.40318613660842,62.67164467021396,61.42331248894819,73.29186425964923,25328.0,46.03526934267848,70667.0,39.382866879933125,70791.0,60.50070999512386,53.89343413350357,53.952111498705925,12.467133411018068,-15.16794256620636,,
,,23.02,23.4,22.81,,0.0,23.009,7326.0,61.76962399729934,61.79915443599595,62.819296863697005,61.23539151542431,62.174996383043705,16445.0,73.29186425964923,25328.0,46.03526934267848,70667.0,65.74549487999748,53.85163130469929,54.64185817397674,12.43562876050015,-0.6519861830742602,,
,,19.535,19.55,19.355,,0.0,19.487,15042.0,52.31451444371212,52.44337453984278,52.48364331988361,51.9601491793528,61.76962399729934,7326.0,62.174996383043705,16445.0,73.29186425964923,25328.0,58.75304494135178,53.82095032943008,55.45969792099648,12.439699255406767,-15.307053761571565,,
,,15.59,15.77,15.155,,0.0,15.348,17639.0,41.20301573777871,41.85268538910413,42.3359107495941,40.68489076792,52.31451444371212,15042.0,61.76962399729934,7326.0,62.174996383043705,16445.0,51.76238472626344,53.73887872058496,54.698617978224775,12.53393754398011,-21.23980089290295,,
,,16.935,17.12,16.83,,0.0,17.015,88901.0,45.678219492983104,45.46345266609867,45.96010095326892,45.18157120581285,41.20301573777871,17639.0,52.31451444371212,15042.0,61.76962399729934,7326.0,46.398583224824705,54.63821480816353,54.71299968538221,11.516763546847734,10.86135001303099,,
,,14.735,14.83,14.7,,0.0,14.766,68459.0,39.64058707219445,39.55736492677673,39.812400533702,39.46340444001479,45.678219492983104,88901.0,41.20301573777871,17639.0,52.31451444371212,15042.0,42.17394076765215,53.72468876952295,52.27386215148043,12.522589680424753,-13.217749044960325,,
,,17.265,17.315,17.115,,0.0,17.29,25283.0,46.41648046039835,46.349365826996966,46.483595093799735,45.94667802658864,39.64058707219445,68459.0,45.678219492983104,88901.0,41.20301573777871,17639.0,43.91176234185869,49.88534822677283,51.12543489593501,9.203652492637602,17.093322497629693,,
,,27.5,27.775,26.25,,0.0,26.877,36796.0,72.15360007716173,73.82609674152427,74.56435770893951,70.47036507145498,46.41648046039835,25283.0,39.64058707219445,68459.0,45.678219492983104,88901.0,52.736889203251565,51.31086304021826,52.60214858686091,11.824115587189858,55.44823597455175,,
,,22.92,23.365,22.5,,0.0,23.08,12238.0,61.96022955615927,61.53069590239041,62.72533637693507,60.40317006124712,72.15360007716173,36796.0,46.41648046039835,25283.0,39.64058707219445,68459.0,60.17677003123984,51.33809240576968,52.59486185523448,11.852400550664838,-14.12732075752502,,
,,19.49,19.625,19.36,,0.0,19.459,21151.0,52.239346054302565,52.32256819972029,52.68498722008777,51.97357210603308,61.96022955615927,12238.0,72.15360007716173,36796.0,46.41648046039835,25283.0,62.11772522920791,51.32735406442545,52.57415219692776,11.851402475652346,-15.688908145580594,,
,,19.25,19.25,18.71,,0.0,18.859,87832.0,50.62859485266932,51.67826771906699,51.67826771906699,50.228591637597056,52.239346054302565,21151.0,61.96022955615927,12238.0,72.15360007716173,36796.0,54.942723487710445,52.673865366552675,53.20637204356882,11.015359223342829,-3.083406135978184,,
,,17.005,17.115,16.87,,0.0,16.982,86527.0,45.58962817689327,45.65137363962255,45.94667802658864,45.288954619255065,50.62859485266932,87832.0,52.239346054302565,21151.0,61.96022955615927,12238.0,49.48585636128845,52.661209464254135,53.649712136208834,11.024783195779294,-9.95280767803174,,
,,14.86,14.965,14.77,,0.0,14.85,40161.0,39.8660922404231,39.892938093783656,40.17481955406948,39.65132541353867,45.58962817689327,86527.0,50.62859485266932,87832.0,52.239346054302565,21151.0,45.36143842332862,52.6934244882868,53.209056628904875,10.980636136127561,-12.554469438228711,,
,,17.014,17.014,17.014,,0.0,17.014,53604.0,45.67553490764705,45.67553490764705,45.67553490764705,45.67553490764705,39.8660922404231,40161.0,45.58962817689327,86527.0,50.62859485266932,87832.0,43.71041844165453,52.58757512360804,51.23646167519043,11.054550638726191,14.572390572390571,,
,,19.075,19.175,18.715,,0.0,18.98,17556.0,50.953429678332014,51.20846528525729,51.47692381886283,50.24201456427733,45.67553490764705,53604.0,39.8660922404231,40161.0,45.58962817689327,86527.0,45.49835227546745,49.55897935234665,50.43492119628246,6.938454335300269,11.555189843658153,,
,,23.235,24.14,22.935,,0.0,23.781,20102.0,63.84212387673412,62.37634028324786,64.80589001237803,61.57096468243124,50.953429678332014,17556.0,45.67553490764705,53604.0,39.8660922404231,40161.0,53.490362820904444,49.82782139814306,50.58295690195637,7.511814804538958,25.29504741833508,,
,,18.865,19.09,18.77,,0.0,18.922,26548.0,50.79772372884081,50.64470236468564,51.24873406529812,50.38966675776038,63.84212387673412,20102.0,50.953429678332014,17556.0,45.67553490764705,53604.0,55.19775909463571,49.621875351648534,50.47461470803699,7.45422176679659,-20.432277868886917,,
,,17.065,17.185,16.99,,0.0,17.126,23335.0,45.97620846528526,45.81244875978587,46.13459900011253,45.61110485958172,50.79772372884081,26548.0,63.84212387673412,20102.0,50.953429678332014,17556.0,53.53868535695346,48.95724872487938,50.815557045716034,7.556209763201615,-9.491597082760805,,
,,14.845,14.845,14.555,,0.0,14.642,32098.0,39.30769849052357,39.85266931374283,39.85266931374283,39.07413956628675,45.97620846528526,23335.0,50.79772372884081,26548.0,63.84212387673412,20102.0,45.36054356154994,48.059830198255135,50.360519831254635,8.35377427074791,-14.504262524816081,,
,,17.18,17.605,17.105,,0.0,17.554,52671.0,47.12521098911697,46.12117607343225,47.262124841255805,45.91983217322809,39.30769849052357,32098.0,45.97620846528526,23335.0,50.79772372884081,26548.0,44.13637264830866,49.09684716235426,50.89513582532053,7.5820139085571725,19.88799344351864,,
,,23.015,23.755,22.975,,0.0,23.703,17246.0,63.6327262205218,61.78573150931568,63.77232465799669,61.67834809587346,47.12521098911697,52671.0,39.30769849052357,32098.0,45.97620846528526,23335.0,50.02187856672084,51.66216020705065,52.12486766532935,9.114477446950042,35.02905320724623,,
,,18.98,19.255,18.745,,0.0,19.121,16542.0,51.33195621071583,50.953429678332014,51.69169064574727,50.32255212435899,63.6327262205218,17246.0,47.12521098911697,52671.0,39.30769849052357,32098.0,54.02996447345159,51.71623542596263,50.637607389154645,9.110693914273861,-19.33088638568958,,
,,15.37,15.44,14.595,,0.0,14.798,38165.0,39.72649380294822,41.26207661517193,41.44999758869581,39.181522979728975,51.33195621071583,16542.0,63.6327262205218,17246.0,47.12521098911697,52671.0,51.563725411395346,48.27114541542178,49.04948340678242,8.283162427464035,-22.60865017520004,,
,,18.82,18.965,18.5,,0.0,18.556,29329.0,49.815165495844525,50.52389602456315,50.91316089829119,49.664828717025415,39.72649380294822,38165.0,51.33195621071583,16542.0,63.6327262205218,17246.0,46.95787183650291,48.130779953565174,48.87632765260685,8.241431526068403,25.395323692390882,,
,,17.175,17.18,16.895,,0.0,17.046,40022.0,45.76144163840082,46.107753146751975,46.12117607343225,45.35606925265645,49.815165495844525,29329.0,39.72649380294822,38165.0,51.33195621071583,16542.0,45.10103364573124,48.10009897829597,48.52867385158767,8.251183330197128,-8.137529640008644,,
,,14.575,14.96,14.555,,0.0,14.901,40337.0,40.00300609256193,39.12783127300786,40.1613966273892,39.07413956628675,45.76144163840082,40022.0,49.815165495844525,29329.0,39.72649380294822,38165.0,45.19320440893582,48.19942863573002,48.12962941699258,8.131007525598541,-12.583597324885588,,
,,27.04,27.495,26.48,,0.0,26.768,35393.0,71.8609802755317,72.59118748693878,73.81267381484399,71.08781969874772,40.00300609256193,40337.0,45.76144163840082,40022.0,49.815165495844525,29329.0,52.54180933549821,51.733109962360686,50.414978562357476,12.02765186775527,79.63895040601304,,
,,23.695,24.015,23.595,,0.0,23.937,18643.0,64.26091918915878,63.611249537833366,64.4703168453711,63.34279100422781,71.8609802755317,35393.0,40.00300609256193,40337.0,45.76144163840082,40022.0,58.70830185241753,51.822851815023114,51.74250601103688,12.13311734085832,-10.57606096832039,,
,,19.105,19.18,18.9,,0.0,18.974,20488.0,50.93732216631569,51.28900284533895,51.49034674554311,50.73866285144758,64.26091918915878,18643.0,71.8609802755317,35393.0,40.00300609256193,40337.0,62.35307387700211,51.76647552296595,51.741355474464285,12.136694736091934,-20.733592346576437,,
,,19.485,19.54,19.37,,0.0,19.431,17669.0,52.16417766489303,52.30914527304001,52.45679746652306,52.00041795939364,50.93732216631569,20488.0,64.26091918915878,18643.0,71.8609802755317,35393.0,55.78747300678922,53.54328750324378,50.90721645933278,10.930795458893583,2.4085590808474944,,
,,14.835,14.96,14.56,,0.0,14.651,36267.0,39.33185975854808,39.825823460382274,40.1613966273892,39.08756249296703,52.16417766489303,17669.0,50.93732216631569,20488.0,64.26091918915878,18643.0,47.477786529918994,52.045672397915716,50.08822617574044,12.174149963479419,-24.59986619319645,,
,,18.5,18.62,18.44,,0.0,18.489,22731.0,49.6352982783288,49.664828717025415,49.98697895735207,49.50375359686209,39.33185975854808,36267.0,52.16417766489303,17669.0,50.93732216631569,20488.0,47.04377856725669,52.59908048933399,50.34958973381498,11.92639990069458,26.196164084362806,,
,,17.035,17.26,16.8,,0.0,17.132,43451.0,45.9923159773016,45.73191119970421,46.33594290031669,45.10103364573119,49.6352982783288,22731.0,39.33185975854808,36267.0,52.16417766489303,17669.0,44.98649133805955,53.45469618715395,50.827062411441986,11.05514802478668,-7.339499161663654,,
,,26.81,27.015,26.29,,0.0,26.426,35088.0,70.94285209060074,71.973732859646,72.52407285353739,70.5777484848972,45.9923159773016,43451.0,49.6352982783288,22731.0,39.33185975854808,36267.0,55.523488782077095,53.3235350178781,52.5283224901194,10.80294456228317,54.249357926686855,,
,,23.915,23.96,23.64,,0.0,23.822,30165.0,63.9521918755124,64.20185831176555,64.32266465188805,63.46359734435031,70.94285209060074,35088.0,45.9923159773016,43451.0,49.6352982783288,22731.0,60.29578664780497,53.279431115928624,52.55114146547586,10.751356699680326,-9.853931733898447,,
,,19.075,19.335,19.02,,0.0,19.161,25397.0,51.43933962415805,51.20846528525729,51.9064574726317,51.06081309177424,63.9521918755124,30165.0,70.94285209060074,35088.0,45.9923159773016,43451.0,62.11146119675711,53.351147895620386,52.55881170929316,10.734791448008123,-19.565947443539578,,
,,24.02,24.465,23.95,,0.0,24.055,20288.0,64.57770025881331,64.48373977205138,65.67838024659605,64.29581879852749,51.43933962415805,25397.0,63.9521918755124,30165.0,70.94285209060074,35088.0,59.98974391949465,55.12450826618043,54.3338978847121,11.503821214427985,25.54146443296277,,
,,19.4,19.735,19.38,,0.0,19.459,33274.0,52.239346054302565,52.080955519475296,52.98029160705386,52.02726381275419,64.57770025881331,20288.0,51.43933962415805,25397.0,63.9521918755124,30165.0,56.08546197909137,56.968434879859636,54.507053638887676,9.390983013933496,-19.106214924132193,,
,,14.72,14.745,13.95,,0.0,14.078,34627.0,37.79359236098831,39.5170961467359,39.58421078013728,37.44996543797322,52.239346054302565,33274.0,64.57770025881331,20288.0,51.43933962415805,25397.0,51.53687955803479,55.276762605953856,53.93792154764393,11.71189409274903,-27.653014029497914,,
,,18.49,19.035,18.47,,0.0,18.651,45153.0,50.070201102769786,49.63798286366486,51.10108187181506,49.58429115694375,37.79359236098831,34627.0,52.239346054302565,33274.0,64.57770025881331,20288.0,46.701046506020276,55.85931762387788,54.657006905515914,11.266044266455468,32.483307287967044,,
,,17.65,17.9,17.64,,0.0,17.785,57969.0,47.74535020174578,47.3829311813783,48.05407751539215,47.35608532801775,50.070201102769786,45153.0,37.79359236098831,34627.0,52.239346054302565,33274.0,45.20304788850135,52.54538878261288,52.934461900245495,9.336229656971035,-4.6431826711704645,,
,,26.76,27.795,26.31,,0.0,27.604,61890.0,74.10529361647401,71.83950359284324,74.61804941566062,70.6314401916183,47.74535020174578,57969.0,50.070201102769786,45153.0,37.79359236098831,34627.0,57.30694830699658,53.99583188846454,53.637631502196584,11.853121589325545,55.20944616249648,,
,,23.93,23.945,23.465,,0.0,23.596,34221.0,63.34547558956388,64.24212709180638,64.28239587184721,62.993794910540615,74.10529361647401,61890.0,47.74535020174578,57969.0,50.070201102769786,45153.0,61.73203980259461,55.69670845495109,54.52392817528574,12.271975292287562,-14.51963483553106,,
,,19.18,19.385,18.77,,0.0,18.825,40127.0,50.53731895124343,51.49034674554311,52.04068673943447,50.38966675776038,63.34547558956388,34221.0,74.10529361647401,61890.0,47.74535020174578,57969.0,62.66269605242716,53.69093969672682,54.40772398145362,11.713196204121793,-20.21952873368369,,
,,24.4,24.765,24.03,,0.0,24.7,42111.0,66.30925780056906,65.50388219975244,66.48375584741267,64.51058562541193,50.53731895124343,40127.0,63.34547558956388,34221.0,74.10529361647401,61890.0,60.064017447125515,55.7009270890506,56.334680984455126,12.596482805023008,31.208499335989348,,
,,19.39,19.545,19.36,,0.0,19.475,35689.0,52.28229941967946,52.05410966611475,52.47022039320334,51.97357210603308,66.30925780056906,42111.0,50.53731895124343,40127.0,63.34547558956388,34221.0,56.376292057164044,57.77074238314935,56.5237524945516,10.108195560703628,-21.153846153846136,,
,,14.14,14.585,14.075,,0.0,14.437,51802.0,38.75735849663221,37.96003665182375,39.15467712636842,37.78553860498015,52.28229941967946,35689.0,66.30925780056906,42111.0,50.53731895124343,40127.0,52.44963857229363,56.15462201084397,56.00696981736093,12.226891267211979,-25.86906290115534,,
,,14.935,14.995,14.82,,0.0,14.972,34909.0,40.19361165142187,40.09428199398781,40.25535711415114,39.78555468034144,38.75735849663221,51802.0,52.28229941967946,35689.0,66.30925780056906,42111.0,43.74442318924457,55.07580221794056,53.810595500276726,13.372062011751167,3.705756043499364,,
,,17.78,18.33,17.755,,0.0,18.298,70026.0,49.12254247914221,47.73192727506551,49.20844920989599,47.66481264166412,40.19361165142187,34909.0,38.75735849663221,51802.0,52.28229941967946,35689.0,42.691170875732155,51.506837769750305,52.75133482910742,10.464459395817885,22.214800961795333,,
,,27.775,28.195,26.705,,0.0,27.198,109158.0,73.01535197003552,74.56435770893951,75.69188355008278,71.69185139936019,49.12254247914221,70026.0,40.19361165142187,34909.0,38.75735849663221,51802.0,54.11050203353326,52.888248681246246,54.292478568098666,12.689459061301484,48.639195540496246,,
,,23.61,24.18,23.355,,0.0,24.11,60078.0,64.72535245229636,63.383059784268646,64.91327342582025,62.69849052357451,73.01535197003552,109158.0,49.12254247914221,70026.0,40.19361165142187,34909.0,62.28774896715809,54.9151106099681,54.30302515334746,13.366420598868658,-11.353776012942129,,
,,24.55,25.16,24.265,,0.0,24.439,59324.0,65.6085810278586,65.90657000016076,67.54416705515457,65.14146317938496,64.72535245229636,60078.0,73.01535197003552,109158.0,49.12254247914221,70026.0,67.78309515006355,54.815013928152325,55.25797050860147,13.26914203275409,1.3645790128577362,,
,,19.48,19.95,19.47,,0.0,19.609,56741.0,52.64203385471089,52.29572234635973,53.55747745430579,52.268876492999176,65.6085810278586,59324.0,64.72535245229636,60078.0,73.01535197003552,109158.0,60.99198911162201,54.86640456172824,56.31857347243879,13.258390389674116,-19.763492777936907,,
,,14.505,14.67,14.35,,0.0,14.549,45284.0,39.05803205427042,38.939910299483984,39.382866879933125,38.52379957239538,52.64203385471089,56741.0,65.6085810278586,59324.0,64.72535245229636,60078.0,52.436215645613366,54.90935792710513,55.53198996897455,13.19785244914237,-25.804477535825388,,
,,17.1,17.565,17.1,,0.0,17.529,56179.0,47.05809635571559,45.90640924654782,47.15474142781359,45.90640924654782,39.05803205427042,45284.0,52.64203385471089,56741.0,65.6085810278586,59324.0,46.25272075489902,55.889998599147084,55.48290040854382,12.134368425636142,20.482507388823954,,
,,14.82,14.82,14.82,,0.0,14.767,1.0,39.643271657530505,39.78555468034144,39.78555468034144,39.78555468034144,47.05809635571559,56179.0,39.05803205427042,45284.0,52.64203385471089,56741.0,41.91980002250556,54.53581705320256,53.02132741147643,13.470822808933345,-15.756745963831353,,
,,18.295,18.62,18.17,,0.0,18.456,100711.0,49.54670696223898,49.11448872313406,49.98697895735207,48.77891555612713,39.643271657530505,1.0,47.05809635571559,56179.0,39.05803205427042,45284.0,45.41602499182841,51.18315348066019,52.035701080953224,10.750921979383982,24.981377395544115,,
,,27.265,27.99,27.05,,0.0,27.79,101673.0,74.60462648898034,73.19521918755125,75.14154355619142,72.61803334029933,49.54670696223898,100711.0,39.643271657530505,1.0,47.05809635571559,56179.0,54.59820170291667,52.59447834304361,53.754794476505865,13.19548736161107,50.57433896835717,,
,,23.97,24.14,24.14,,0.0,24.14,53604.0,64.80589001237803,64.3495105052486,64.80589001237803,64.80589001237803,74.60462648898034,101673.0,49.54670696223898,100711.0,39.643271657530505,1.0,62.98574115453251,52.479808197974975,53.64741106306364,13.06640081681819,-13.13422094278518,,
,,19.54,19.675,19.475,,0.0,19.492,29947.0,52.327937370392405,52.45679746652306,52.81921648689054,52.28229941967946,64.80589001237803,53604.0,74.60462648898034,101673.0,49.54670696223898,100711.0,63.91281795725032,52.434937271643754,53.650670916685996,13.066290187723782,-19.254349627174804,,
,,18.61,18.88,18.37,,0.0,18.768,49271.0,50.38429758708828,49.96013310399151,50.68497114472648,49.31583262333821,52.327937370392405,29947.0,64.80589001237803,53604.0,74.60462648898034,101673.0,55.839374989952965,54.05297520490344,54.48116656600428,11.77076065416515,-3.7143443463985237,,
,,17.61,17.755,17.345,,0.0,17.516,83750.0,47.02319674634687,47.27554776793608,47.66481264166412,46.564132653881394,50.38429758708828,49271.0,52.327937370392405,29947.0,64.80589001237803,53604.0,49.911810567942574,54.04798954642221,54.96899407278464,11.774224102744459,-6.670929241261748,,
,,14.775,14.845,14.71,,0.0,14.81,60288.0,39.758708826980886,39.66474834021895,39.85266931374283,39.49025029337535,47.02319674634687,83750.0,50.38429758708828,49271.0,52.327937370392405,29947.0,45.72206772013874,54.06448057062939,54.300148811915975,11.750743676275532,-15.448732587348701,,
,,18.45,18.76,18.15,,0.0,18.323,158358.0,49.18965711254361,49.530599450222645,50.36282090439983,48.725223849406014,39.758708826980886,60288.0,47.02319674634687,83750.0,50.38429758708828,49271.0,45.323854228623844,54.01347344924435,52.59831346495226,11.774373833025312,23.720459149223515,,
,,18.81,18.83,18.4,,0.0,18.67,37736.0,50.12120822415484,50.4970501712026,50.5507418779237,49.39637018341987,49.18965711254361,158358.0,39.758708826980886,60288.0,47.02319674634687,83750.0,46.3565247212265,50.51584226855499,51.5551603057993,7.498171476018715,1.8937946842765951,,
,,23.895,24.065,23.41,,0.0,23.513,41073.0,63.12265500667128,64.14816660504445,64.60454611217386,62.84614271705756,50.12120822415484,37736.0,49.18965711254361,158358.0,39.758708826980886,60288.0,54.144506781123305,50.275380124882595,51.377594161428775,6.972050887867649,25.940010712372796,,
,,18.86,18.94,18.55,,0.0,18.577,54220.0,49.87154178790169,50.631279438005365,50.8460462648898,49.799057983828185,63.12265500667128,41073.0,50.12120822415484,37736.0,49.18965711254361,158358.0,54.37180167290933,49.924466470241065,51.1797018709424,6.913092324270423,-20.992642368051705,,
,,17.44,17.555,17.37,,0.0,17.503,87226.0,46.98829713697816,46.81916826080666,47.12789557445304,46.63124728728278,49.87154178790169,54220.0,63.12265500667128,41073.0,50.12120822415484,37736.0,53.327497977183775,49.439323548796764,51.746149376850106,6.994130551413563,-5.781342520320831,,
,,14.78,14.825,14.545,,0.0,14.594,76533.0,39.17883839439291,39.67817126689922,39.79897760702172,39.0472937129262,46.98829713697816,87226.0,49.87154178790169,54220.0,63.12265500667128,41073.0,45.34622577309097,48.31870092708905,51.18334523675562,8.001629984754592,-16.62000799862883,,
,,18.365,18.575,18.165,,0.0,18.48,112887.0,49.611137010304304,49.30240969665793,49.86617261722957,48.76549262944685,39.17883839439291,76533.0,46.98829713697816,87226.0,49.87154178790169,54220.0,45.25942418055851,49.726190667563834,51.89533561909661,7.0555678860272435,26.627381115526937,,
,,24.13,24.28,23.95,,0.0,24.006,47609.0,64.4461555773466,64.77904415901747,65.18173195942579,64.29581879852749,49.611137010304304,112887.0,39.17883839439291,76533.0,46.98829713697816,87226.0,51.078710327348,51.90569044824997,52.95958194874715,8.961251705700603,29.90259740259742,,
,,18.675,18.7,18.225,,0.0,18.287,54000.0,49.0930120404456,50.13463115083511,50.2017457842365,48.92656774961018,64.4461555773466,47609.0,49.611137010304304,112887.0,39.17883839439291,76533.0,54.38343487603223,51.75880527914865,51.13732377385181,9.003702470325154,-23.823210863950695,,
,,14.58,14.67,14.39,,0.0,14.586,29289.0,39.15736171170448,39.14125419968814,39.382866879933125,38.63118298583761,49.0930120404456,54000.0,64.4461555773466,47609.0,49.611137010304304,112887.0,50.898843109832285,48.33519195129626,49.30528603808943,8.50501176628676,-20.238420736041963,,
,,18.58,18.795,18.52,,0.0,18.622,42303.0,49.992348128024176,49.87959554390984,50.45678139116177,49.718520423746526,39.15736171170448,29289.0,49.0930120404456,54000.0,64.4461555773466,47609.0,46.080907293391476,48.352449999885174,49.138458235063126,8.50877059039671,27.6703688468394,,
,,17.51,17.695,17.34,,0.0,17.575,79977.0,47.18158728117415,47.00708923433054,47.5037375215008,46.55070972720112,49.992348128024176,42303.0,39.15736171170448,29289.0,49.0930120404456,54000.0,45.44376570696766,48.38006287762746,48.90969321321211,8.503918027744323,-5.622382128665004,,
,,14.575,14.59,14.43,,0.0,14.557,29608.0,39.079508736958864,39.12783127300786,39.1681000530487,38.73856639927983,47.18158728117415,79977.0,49.992348128024176,42303.0,39.15736171170448,29289.0,45.41781471538579,48.36587292656545,48.34228692682726,8.521894319782273,-17.172119487908976,,
,,27.83,28.65,27.79,,0.0,28.594,89757.0,76.76303309916891,74.71200990242255,76.913369877988,74.60462648898034,39.079508736958864,29608.0,47.18158728117415,79977.0,49.992348128024176,42303.0,54.341376372434034,52.244715224974684,50.98545294626926,13.755400133426217,96.42783540564676,,
,,24.065,24.27,23.83,,0.0,23.925,43898.0,64.2287041651261,64.60454611217386,65.15488610606523,63.97366855820084,76.76303309916891,89757.0,39.079508736958864,29608.0,47.18158728117415,79977.0,60.02374866708468,52.21365073751461,52.0596705928823,13.723460971468322,-16.328600405679527,,
,,18.29,18.39,17.8,,0.0,17.882,59063.0,48.005754979343166,49.101065796453774,49.36952433005932,47.78561898178661,64.2287041651261,43898.0,76.76303309916891,89757.0,39.079508736958864,29608.0,62.999164081212776,52.058328300214264,51.90856678968146,13.770738370604144,-25.258098223615445,,
,,21.88,22.185,21.42,,0.0,21.72,45290.0,58.309193499123886,58.73872715289277,59.55752568038967,57.50381789830727,48.005754979343166,59063.0,64.2287041651261,43898.0,76.76303309916891,89757.0,56.84788421453111,54.794304269845604,51.56474811057093,12.636183738917312,21.462923610334393,,
,,19.16,19.35,18.855,,0.0,18.975,60066.0,50.940006751651744,51.436655038822,51.94672625267253,50.61785651132509,58.309193499123886,45290.0,48.005754979343166,59063.0,64.2287041651261,43898.0,52.41831841003966,54.929684073220976,51.641067036553075,12.581119250916661,-12.638121546961312,,
,,17.97,18.125,17.725,,0.0,17.867,80739.0,47.96548619930233,48.24199848891603,48.65810921600463,47.58427508158246,50.940006751651744,60066.0,58.309193499123886,45290.0,48.005754979343166,59063.0,52.40489548335938,55.04166963295358,51.71086625529051,12.503910271082944,-5.839262187088268,,
,,14.295,14.39,14.19,,0.0,14.244,81486.0,38.23923352677352,38.376147378912336,38.63118298583761,38.09426591862652,47.96548619930233,80739.0,50.940006751651744,60066.0,58.309193499123886,45290.0,45.714908825909255,54.92163031721281,51.64375162188913,12.685405294899182,-20.27760676106789,,
,,18.005,18.005,17.405,,0.0,17.436,201.0,46.80842991946244,48.335958975677976,48.335958975677976,46.725207774044726,38.23923352677352,81486.0,47.96548619930233,80739.0,50.940006751651744,60066.0,44.33771654851282,50.64240129154046,51.44355825825757,8.427253237823644,22.409435551811274,,
,,23.79,23.89,23.36,,0.0,23.796,46642.0,63.88239265677496,63.86628514475863,64.13474367836417,62.71191345025479,46.80842991946244,201.0,38.23923352677352,81486.0,47.96548619930233,80739.0,49.64335203433703,50.592928218918864,51.403289478216735,8.334708506108004,36.4762560220234,,
,,19.785,19.93,19.295,,0.0,19.491,75107.0,52.32525278505634,53.11452087385664,53.50378574758467,51.799074059189486,63.88239265677496,46642.0,46.80842991946244,201.0,38.23923352677352,81486.0,54.33869178709798,51.20999933402074,51.63416381711751,8.270895165115142,-18.091275844679778,,
,,14.555,14.59,14.31,,0.0,14.363,24163.0,38.55869918176411,39.07413956628675,39.1681000530487,38.41641615895317,52.32525278505634,75107.0,63.88239265677496,46642.0,46.80842991946244,201.0,51.58878154119853,48.38850014582649,51.59140220783605,8.797509828162903,-26.309578779949717,,
,,18.94,19.175,18.845,,0.0,19.066,36172.0,51.18430401723278,50.8460462648898,51.47692381886283,50.59101065796453,38.55869918176411,24163.0,52.32525278505634,75107.0,63.88239265677496,46642.0,47.356085328017805,48.42339975519521,51.67654191420809,8.809794572977655,32.74385574044418,,
,,17.845,17.865,17.66,,0.0,17.789,83941.0,47.75608854309001,47.906425321909104,47.960117028630215,47.40977703473885,51.18430401723278,36172.0,38.55869918176411,24163.0,52.32525278505634,75107.0,45.83303058069569,48.39348580430773,51.71757771863066,8.811963818452787,-6.697786635896352,,
,,14.215,14.315,14.07,,0.0,14.142,63768.0,37.96540582249586,38.16138055202791,38.429839085633446,37.77211567829987,47.75608854309001,83941.0,51.18430401723278,36172.0,38.55869918176411,24163.0,45.63526612760628,48.3543675608395,51.637998939026154,8.865001778142128,-20.501433470121988,,
,,26.91,27.545,26.85,,0.0,27.355,50898.0,73.43683186779623,72.24219139325157,73.94690308164677,72.08111627308823,37.96540582249586,63768.0,47.75608854309001,83941.0,51.18430401723278,36172.0,53.05277541112742,52.15842498203004,51.40041313678525,12.89039475495552,93.4309150049498,,
,,23.775,23.98,23.435,,0.0,23.885,41580.0,64.1213207516839,63.8260163647178,64.37635635860916,62.91325735045895,73.43683186779623,50898.0,37.96540582249586,63768.0,47.75608854309001,83941.0,58.50785281399205,52.19255756701703,51.392742892967945,12.926877449427746,-12.68506671540851,,
,,19.3,19.685,19.215,,0.0,19.569,45692.0,52.53465044126866,51.81249698586976,52.846062340251095,51.58430723230505,64.1213207516839,41580.0,73.43683186779623,50898.0,37.96540582249586,63768.0,63.36426768691632,52.22247151790451,51.71623542596262,12.92747796464093,-18.069918358802607,,
,,18.61,18.71,18.555,,0.0,18.62,25461.0,49.98697895735207,49.96013310399151,50.228591637597056,49.81248091050846,52.53465044126866,45692.0,64.1213207516839,41580.0,73.43683186779623,50898.0,55.5476500501016,53.855082914417075,51.121791530121776,11.564016977157436,-4.849506873115617,,
,,14.365,14.41,14.24,,0.0,14.326,20467.0,38.45936952433006,38.564068352436216,38.68487469255872,38.22849518542929,49.98697895735207,25461.0,52.53465044126866,45692.0,64.1213207516839,41580.0,46.99366630765032,52.03723512971668,50.23031744245595,12.968692228989982,-23.06122448979593,,
,,19.02,19.28,18.875,,0.0,19.041,44499.0,51.1171893838314,51.06081309177424,51.75880527914865,50.6715482180462,38.45936952433006,20467.0,49.98697895735207,25461.0,52.53465044126866,45692.0,46.52117928850456,52.517392392679746,50.45543909849374,12.845403068022,32.91218763088093,,
,,17.845,17.915,17.63,,0.0,17.701,74016.0,47.51984503351713,47.906425321909104,48.094346295432985,47.32923947465719,51.1171893838314,44499.0,38.45936952433006,20467.0,49.98697895735207,25461.0,45.69880131389292,53.882312279968495,51.118339920404004,11.476064963341031,-7.037445512315532,,
,,27.38,27.865,27.195,,0.0,27.464,59641.0,73.72945166942625,73.50394650119762,74.8059703891845,73.00729821402736,47.51984503351713,74016.0,51.1171893838314,44499.0,38.45936952433006,20467.0,57.45549536225832,53.92411510877279,53.04127004540141,11.55939643432488,55.15507598440763,,
,,23.865,23.94,23.67,,0.0,23.801,32466.0,63.89581558345523,64.06762904496279,64.26897294516694,63.54413490443199,73.72945166942625,59641.0,47.51984503351713,74016.0,51.1171893838314,44499.0,61.7150374287996,53.89190008474011,53.042228825878574,11.526508710604485,-13.33745994756772,,
,,19.6,19.625,19.11,,0.0,19.269,48927.0,51.72927484045204,52.61787258668639,52.68498722008777,51.30242577201923,63.89581558345523,32466.0,73.72945166942625,59641.0,47.51984503351713,74016.0,63.11818069777791,53.7768464274806,52.99965897269255,11.546316716295529,-19.04121675559849,,
,,22.3,22.49,21.685,,0.0,22.009,39998.0,59.08503866124392,59.86625299403604,60.37632420788657,58.21523301236195,51.72927484045204,48927.0,63.89581558345523,32466.0,73.72945166942625,59641.0,58.23670969505046,55.07656924232229,54.46582607836968,11.560661975420068,14.219731174425254,,
,,18.645,18.885,18.61,,0.0,18.721,39678.0,50.25812207629367,50.05409359075345,50.69839407140675,49.96013310399151,59.08503866124392,39998.0,51.72927484045204,48927.0,63.89581558345523,32466.0,53.69081185932993,56.762105321174225,54.39967022544546,9.390529940423386,-14.939342996047078,,
,,14.905,14.965,14.31,,0.0,14.885,49373.0,39.96005272718504,40.01374443390615,40.17481955406948,38.41641615895317,50.25812207629367,39678.0,59.08503866124392,39998.0,51.72927484045204,48927.0,49.76773782157428,55.168228655939046,53.84281052430939,11.267601867268024,-20.490358421024535,,
,,19.06,19.085,18.715,,0.0,18.862,40621.0,50.63664860867748,51.16819650521646,51.235311138617845,50.24201456427733,39.96005272718504,49373.0,50.25812207629367,39678.0,59.08503866124392,39998.0,46.951607804052124,55.61348630953337,54.74789929475093,10.972714462687193,26.718172657037307,,
,,17.865,17.865,17.865,,0.0,17.901,40.0,48.05676210072821,47.960117028630215,47.960117028630215,47.960117028630215,50.63664860867748,40621.0,39.96005272718504,49373.0,50.25812207629367,39678.0,46.21782114553031,51.945959228290796,52.935037168531785,7.7153890772874245,-5.094899798536757,,
,,27.35,27.705,27.055,,0.0,27.476,63279.0,73.76166669345893,73.42340894111595,74.37643673541562,72.63145626697961,48.05676210072821,40.0,50.63664860867748,40621.0,39.96005272718504,49373.0,57.48502580095493,53.355366529719895,53.62363330723001,10.61747297611375,53.48863192000448,,
,,23.865,24.0,22.585,,0.0,22.794,84843.0,61.19243815004742,64.06762904496279,64.43004806533027,60.63135981481184,73.76166669345893,63279.0,48.05676210072821,40.0,50.63664860867748,40621.0,61.003622314744916,54.70724700251924,54.242046714999915,10.97244158564324,-17.04032610278061,,
,,19.175,19.64,18.77,,0.0,19.381,56410.0,52.02994839809025,51.47692381886283,52.7252560001286,50.38966675776038,61.19243815004742,84843.0,73.76166669345893,63279.0,48.05676210072821,40.0,62.32801774719892,53.69937696492586,54.38797310362407,10.826349800551792,-14.973238571553916,,
,,21.83,22.14,21.64,,0.0,21.784,33212.0,58.48100696063144,58.60449788608999,59.436719340267175,58.09442667223946,52.02994839809025,56410.0,61.19243815004742,84843.0,73.76166669345893,63279.0,57.234464502923096,54.87407480554554,55.81809006335988,10.836831064425985,12.39874103503431,,
,,18.695,18.8,18.49,,0.0,18.734,32253.0,50.29302168566239,50.18832285755622,50.47020431784204,49.63798286366486,58.48100696063144,33212.0,52.02994839809025,56410.0,61.19243815004742,84843.0,53.60132568146142,56.350213228185154,55.7592209420621,9.017820743277026,-14.001101726037458,,
,,14.925,15.275,14.77,,0.0,14.984,41177.0,40.22582667545453,40.06743614062726,41.00704100824666,39.65132541353867,50.29302168566239,32253.0,58.48100696063144,33212.0,52.02994839809025,56410.0,49.666618440582845,54.86295295201045,55.23821963077192,10.799644784931921,-20.017081242660417,,
,,14.095,14.285,14.065,,0.0,14.223,55974.0,38.18285723471635,37.83923031170126,38.34930152555178,37.75869275161959,40.22582667545453,41177.0,50.29302168566239,32253.0,58.48100696063144,33212.0,42.90056853194449,53.45239511400876,52.69917717114977,12.367751144393104,-5.078750667378529,,
,,17.925,18.17,17.82,,0.0,18.14,86207.0,48.698377996045465,48.12119214879354,48.77891555612713,47.83931068850772,38.18285723471635,55974.0,40.22582667545453,41177.0,50.29302168566239,32253.0,42.36902063540551,49.87192530009255,51.61364591490623,8.545597582666849,27.53990016170991,,
,,27.345,27.4,26.405,,0.0,27.1,93485.0,72.7522626071021,73.40998601443567,73.55763820791873,70.88647579854357,48.698377996045465,86207.0,38.18285723471635,55974.0,40.22582667545453,41177.0,53.2111659459547,51.5233287939575,53.115287898238364,11.650674643334204,49.39360529217198,,
,,22.91,23.13,22.305,,0.0,22.337,62803.0,59.96558265147009,61.50385004902985,62.094458822962046,59.87967592071632,72.7522626071021,93485.0,48.698377996045465,86207.0,38.18285723471635,55974.0,60.47207441820595,52.65699083015462,53.17818389754024,12.08613515117065,-17.57564575645757,,
,,21.77,23.0,21.225,,0.0,21.564,61803.0,57.89039818669925,58.44342276592666,61.74546272927484,56.98032375777646,59.96558265147009,62803.0,72.7522626071021,93485.0,48.698377996045465,86207.0,63.536081148423875,52.57261814816432,53.72334647685492,12.040677824077529,-3.4606258673948953,,
,,18.51,18.62,18.27,,0.0,18.517,42602.0,49.71046666773836,49.69167457038597,49.98697895735207,49.04737408973267,57.89039818669925,61803.0,59.96558265147009,62803.0,72.7522626071021,93485.0,55.8554825019693,52.489396002746595,54.41980461546587,12.061055815903458,-14.130031534038212,,
,,15.12,15.435,15.015,,0.0,15.163,45221.0,40.70636745060845,40.59093028115807,41.43657466201553,40.30904882087225,49.71046666773836,42602.0,57.89039818669925,61803.0,59.96558265147009,62803.0,49.435744101682076,52.558044684911444,53.71049881846095,11.980720937477672,-18.1130852729924,,
,,17.655,17.675,17.11,,0.0,17.156,83368.0,46.05674602536691,47.39635410805858,47.450045814779685,45.933255099908365,40.70636745060845,45221.0,49.71046666773836,42602.0,57.89039818669925,61803.0,45.49119338123796,53.68288594071866,53.567640527363714,10.708174760179586,13.143836971575551,,
,,14.23,14.265,14.105,,0.0,14.185,68175.0,38.08084299194624,38.20164933206873,38.29560981883068,37.866076165061806,46.05674602536691,83368.0,40.70636745060845,45221.0,49.71046666773836,42602.0,41.61465215597392,52.16609522584734,51.01901026296995,12.182390887281201,-17.317556539986,,
,,18.095,18.12,17.58,,0.0,17.919,99132.0,48.105084636777214,48.57757165592296,48.64468628932436,47.195010207854416,38.08084299194624,68175.0,46.05674602536691,83368.0,40.70636745060845,45221.0,44.08089121803018,48.64506980151521,50.08419929773636,8.127956545846573,26.32358124779699,,
,,27.285,27.58,26.87,,0.0,27.129,52391.0,72.8301155818477,73.24891089427236,74.0408635684087,72.13480797980934,48.105084636777214,99132.0,38.08084299194624,68175.0,46.05674602536691,83368.0,53.00534773685711,50.48286022014059,51.56992552514761,11.757991456298052,51.39795747530555,,
,,22.965,23.445,22.855,,0.0,23.292,49716.0,62.52936164740303,61.651502242512905,62.940103203819504,61.3561978555468,72.8301155818477,52391.0,48.105084636777214,99132.0,38.08084299194624,68175.0,61.1548539553427,51.14556928595541,51.859093717059864,12.360383443943691,-14.14353643702312,,
,,18.525,18.595,17.78,,0.0,17.844,63258.0,47.903740736573056,49.7319433504268,49.91986432395068,47.73192727506551,62.52936164740303,49716.0,72.8301155818477,52391.0,48.105084636777214,99132.0,61.08773932194132,50.887465581503236,51.688430792124905,12.4140920157357,-23.390005151983516,,
,,18.845,19.38,18.84,,0.0,19.29,47938.0,51.7856511325092,50.59101065796453,52.02726381275419,50.57758773128426,47.903740736573056,63258.0,62.52936164740303,49716.0,72.8301155818477,52391.0,54.07291783882849,52.47022039320334,52.51413253905738,11.577811192293108,8.103564223268322,,
,,17.245,17.375,17.16,,0.0,17.279,67628.0,46.386950021701736,46.295674120275855,46.64467021396306,46.067484366711135,51.7856511325092,47938.0,47.903740736573056,63258.0,62.52936164740303,49716.0,48.69211396359472,52.517392392679746,53.1001391666992,11.547959564280013,-10.42509072058061,,
,,14.21,14.215,14.21,,0.0,14.189,438.0,38.09158133329046,38.14795762534763,38.16138055202791,38.14795762534763,46.386950021701736,67628.0,51.7856511325092,47938.0,47.903740736573056,63258.0,45.42139416250052,52.518926441443206,52.34251083364527,11.545722658469076,-17.882979339082127,,
,,17.845,18.015,17.655,,0.0,17.884,65159.0,48.01112415001527,47.906425321909104,48.36280482903853,47.39635410805858,38.09158133329046,438.0,46.386950021701736,67628.0,51.7856511325092,47938.0,44.16321850166921,52.50550351476293,50.57528665813907,11.551762427114594,26.041299598280364,,
,,19.6,19.69,19.235,,0.0,19.358,43386.0,51.96820293536097,52.61787258668639,52.85948526693137,51.63799893902616,48.01112415001527,65159.0,38.09158133329046,438.0,46.386950021701736,67628.0,46.02363613955563,49.52523027955054,50.00404524984556,7.3675406047342955,8.242004025944972,,
,,23.08,23.18,21.755,,0.0,21.927,54853.0,58.86490266368736,61.96022955615927,62.228688089764816,58.40315398588583,51.96820293536097,43386.0,48.01112415001527,65159.0,38.09158133329046,438.0,52.948076583021255,49.00173613901973,50.07365271248757,6.349378607114552,13.270999070151856,,
,,19.22,19.365,19.145,,0.0,19.277,35459.0,51.75075152314048,51.59773015898532,51.98699503271336,51.39638625878117,58.86490266368736,54853.0,51.96820293536097,43386.0,48.01112415001527,65159.0,54.19461904072966,49.55130910852936,50.219387345016294,6.404749939374851,-12.085556619692618,,
,,17.345,17.445,17.01,,0.0,17.334,79415.0,46.53460221518478,46.564132653881394,46.83259118748694,45.664796566302826,51.75075152314048,35459.0,58.86490266368736,54853.0,51.96820293536097,43386.0,52.38341880067093,48.80115926319729,50.63568982820032,6.406950566671076,-10.079369196451726,,
,,14.285,14.385,14.21,,0.0,14.305,84729.0,38.40299323227289,38.34930152555178,38.61776005915733,38.14795762534763,46.53460221518478,79415.0,51.75075152314048,35459.0,58.86490266368736,54853.0,45.56278232353278,47.660594007564605,50.08899320012217,7.52198245379338,-17.474327910464982,,
,,17.755,17.95,17.74,,0.0,17.738,53.0,47.61917469095118,47.66481264166412,48.18830678219493,47.62454386162329,38.40299323227289,84729.0,46.53460221518478,79415.0,51.75075152314048,35459.0,44.18559004613635,49.02167877294471,50.770302607193955,6.2576509176177595,23.998601887451976,,
,,22.33,22.5,22.025,,0.0,22.204,50401.0,59.60853280177472,59.9467905541177,60.40317006124712,59.1279920266208,47.61917469095118,53.0,38.40299323227289,84729.0,46.53460221518478,79415.0,48.54356690833299,50.67845143748177,51.591977476122345,7.380098892615469,25.177584846093115,,
,,19.595,19.605,19.07,,0.0,19.183,41284.0,51.49840050155128,52.6044496600061,52.63129551336666,51.19504235857701,59.60853280177472,50401.0,47.61917469095118,53.0,38.40299323227289,84729.0,52.90870266475912,50.61133680408039,50.068283541815454,7.36854219991959,-13.60565663844351,,
,,15.165,15.245,15.08,,0.0,15.221,21582.0,40.86207340009967,40.71173662128056,40.92650344816499,40.48354686771585,51.49840050155128,41284.0,59.60853280177472,50401.0,47.61917469095118,53.0,50.65633556780861,48.039504052139286,48.5206200955795,7.14608291893309,-20.65370380023981,,
,,19.32,19.955,19.07,,0.0,19.768,85478.0,53.0688829231437,51.86618869259087,53.57090038098605,51.19504235857701,40.86207340009967,21582.0,51.49840050155128,41284.0,59.60853280177472,50401.0,48.4764522749316,48.227808537854024,48.8895588231917,7.276355434869329,29.87320149793049,,
,,17.225,17.225,16.865,,0.0,17.018,84994.0,45.68627324899128,46.24198241355475,46.24198241355475,45.27553169257479,53.0688829231437,85478.0,40.86207340009967,21582.0,51.49840050155128,41284.0,46.53907652407827,48.10661868554068,48.45388897436899,7.3162118567670875,-13.911371914204762,,
,,14.35,14.465,14.18,,0.0,14.359,102098.0,38.54796084041989,38.52379957239538,38.83252688604177,38.06742006526597,45.68627324899128,84994.0,53.0688829231437,85478.0,40.86207340009967,21582.0,45.76770567085168,48.127328343847395,47.893961175705996,7.284301913838968,-15.624632741802802,,
,,27.005,27.13,23.78,,0.0,24.387,176173.0,65.46898259038372,72.49722700017684,72.83280016718376,63.83943929139808,38.54796084041989,102098.0,45.68627324899128,84994.0,53.0688829231437,85478.0,49.90107222659835,50.67730090090918,49.84948983692694,9.775177388082115,69.83773243262064,,
,,22.265,22.72,22.21,,0.0,22.611,40127.0,60.70115903354928,59.7722925072741,60.99377883517931,59.624640313791055,65.46898259038372,176173.0,38.54796084041989,102098.0,45.68627324899128,84994.0,54.90603415478435,50.83339036259126,50.75592090003652,9.94874229041667,-7.2825685816213515,,
,,19.265,19.96,19.23,,0.0,19.48,69772.0,52.29572234635973,51.71853649910782,53.584323307666345,51.62457601234588,60.70115903354928,40127.0,65.46898259038372,176173.0,38.54796084041989,102098.0,59.48862132343097,50.94729348327818,50.77931514367929,9.962180131763896,-13.847242492592105,,
,,17.855,17.865,17.325,,0.0,17.774,73039.0,47.715819763049176,47.93327117526966,47.960117028630215,46.51044094716029,52.29572234635973,69772.0,60.70115903354928,40127.0,65.46898259038372,176173.0,53.570900380986124,51.926400106556684,49.98295207934798,9.105771134161904,-8.757700205338804,,
,,15.18,15.22,14.695,,0.0,14.756,44587.0,39.61374121883389,40.75200540132139,40.85938881476361,39.449981513334514,47.715819763049176,73039.0,52.29572234635973,69772.0,60.70115903354928,40127.0,46.541761109414324,50.00423700594099,49.11602277189751,10.181058660473862,-16.979858219871737,,
,,19.9,20.145,19.785,,0.0,20.099,69407.0,53.95748066937804,53.423248187503006,54.0809715948366,53.11452087385664,39.61374121883389,44587.0,47.715819763049176,73039.0,52.29572234635973,69772.0,47.09568055042043,51.18583806599624,49.64622837576845,10.075827424157016,36.20899972892384,,
,,17.035,17.1,16.94,,0.0,16.984,52171.0,45.5949973475654,45.73191119970421,45.90640924654782,45.47687559277895,53.95748066937804,69407.0,39.61374121883389,44587.0,47.715819763049176,73039.0,46.388739745259166,52.19255756701703,50.159942955432214,8.884264739623852,-15.498283496691345,,
,,24.785,25.3,23.91,,0.0,24.523,107856.0,65.83408619608726,66.53744755413378,67.92000900220233,64.18843538508527,45.5949973475654,52171.0,53.95748066937804,69407.0,39.61374121883389,44587.0,55.12885473767697,52.244715224974684,51.46100806294193,8.97579856029555,44.38883655204893,,
,,22.485,23.15,22.455,,0.0,22.907,50214.0,61.49579629302168,60.36290128120629,62.14815052968315,60.28236372112463,65.83408619608726,107856.0,45.5949973475654,52171.0,53.95748066937804,69407.0,57.64162661222485,52.358234833470746,51.595812598030996,9.104674723271083,-6.589732088243705,,
,,19.645,19.89,19.25,,0.0,19.617,62338.0,52.66351053739933,52.73867892680888,53.39640233414246,51.67826771906699,61.49579629302168,50214.0,65.83408619608726,107856.0,45.5949973475654,52171.0,59.997797675502824,52.410776003619254,51.67903474344872,9.105315044173087,-14.362421967084282,,
,,21.857,21.857,21.857,,0.0,21.857,53604.0,58.67698169016348,58.67698169016348,58.67698169016348,58.67698169016348,52.66351053739933,62338.0,61.49579629302168,50214.0,65.83408619608726,107856.0,57.61209617352822,53.97665627892129,52.95152819273899,9.105853654573163,11.418667482285748,,
,,17.725,17.99,17.61,,0.0,17.779,45722.0,47.729242689729446,47.58427508158246,48.29569019563714,47.27554776793608,58.67698169016348,53604.0,52.66351053739933,62338.0,61.49579629302168,50214.0,53.023244972430824,55.13601363190638,52.57012531892368,7.312403912744318,-18.657638285217548,,
,,14.765,14.91,14.685,,0.0,14.789,25265.0,39.70233253492372,39.6379024868584,40.027167360586425,39.42313565997396,47.729242689729446,45722.0,58.67698169016348,53604.0,52.66351053739933,62338.0,48.70285230493894,53.099563898412896,52.14270098220457,9.386223819504341,-16.817593790426898,,
,,19.96,20.025,19.665,,0.0,19.81,47205.0,53.18163550725802,53.584323307666345,53.75882135450994,52.792370633529984,39.70233253492372,25265.0,47.729242689729446,45722.0,58.67698169016348,53604.0,46.87107024397046,54.18336934979756,53.1879634584073,8.794628686274994,33.95090945973358,,
,,18.03,18.78,17.99,,0.0,18.711,125832.0,50.231276222933104,48.40307360907936,50.416512611120936,48.29569019563714,53.18163550725802,47205.0,39.70233253492372,25265.0,47.729242689729446,45722.0,47.70508142170501,51.95439649648983,52.09955586073225,7.178376784508411,-5.547703180212016,,
,,24.525,24.62,22.725,,0.0,23.105,149462.0,62.02734418956066,65.83945536675937,66.09449097368463,61.007201761859605,50.231276222933104,125832.0,53.18163550725802,47205.0,39.70233253492372,25265.0,55.14675197325065,52.030331910281106,52.194283371875926,7.297946759224192,23.48351237240127,,
,,22.695,22.88,22.465,,0.0,22.679,42215.0,60.88371083640104,60.92666420177793,61.42331248894819,60.30920957448519,62.02734418956066,149462.0,50.231276222933104,125832.0,53.18163550725802,47205.0,57.714110416298325,53.20464623870993,52.80771112116458,8.040402826193667,-1.8437567626054974,,
,,19.66,19.745,18.76,,0.0,18.91,80879.0,50.76550870480813,52.778947706849706,53.00713746041442,50.36282090439983,60.88371083640104,42215.0,62.02734418956066,149462.0,50.231276222933104,125832.0,57.892187910256666,52.07443581223059,53.02554604557594,7.691443005097428,-16.618898540500037,,
,,21.586,21.586,21.586,,0.0,21.586,53604.0,57.94945906409246,57.94945906409246,57.94945906409246,57.94945906409246,50.76550870480813,80879.0,60.88371083640104,42215.0,62.02734418956066,149462.0,56.53289286843394,53.53446672285388,54.33524017738013,7.699168094911638,14.151242728714974,,
,,17.765,17.87,17.51,,0.0,17.702,49723.0,47.52252961885319,47.69165849502468,47.97353995531049,47.00708923433054,57.94945906409246,53604.0,50.76550870480813,80879.0,60.88371083640104,42215.0,52.07916579591799,54.6516377348438,53.875600816628356,5.653053602280984,-17.993143704252734,,
,,14.765,15.18,14.745,,0.0,15.13,44699.0,40.61777613451862,39.6379024868584,40.75200540132139,39.58421078013728,47.52252961885319,49723.0,57.94945906409246,53604.0,50.76550870480813,80879.0,48.69658827248816,52.85680068159532,53.52008501569644,7.788670989708383,-14.52943170263249,,
,,14.325,14.42,14.22,,0.0,14.341,65301.0,38.49963830437088,38.456684938994,38.71172054591927,38.174803478708185,40.61777613451862,44699.0,47.52252961885319,49723.0,57.94945906409246,53604.0,42.21331468591429,51.180852407515,51.567624452002406,9.517996018391988,-5.214805023132863,,
,,18.52,18.52,18.52,,0.0,18.517,3.0,49.71046666773836,49.718520423746526,49.718520423746526,49.718520423746526,38.49963830437088,65301.0,40.61777613451862,44699.0,47.52252961885319,49723.0,42.94262703554268,49.421298475826106,50.725815193053606,8.229995233016593,29.11930827696816,,
,,22.875,23.44,21.81,,0.0,23.196,157037.0,62.27164145514171,61.40988956226792,62.926680277139226,58.55080617936888,49.71046666773836,3.0,38.49963830437088,65301.0,40.61777613451862,44699.0,50.16058214241705,49.61957427850333,51.41211025860663,8.562185796838998,25.268672031106565,,
,,22.53,22.79,22.09,,0.0,22.425,41005.0,60.201826161042966,60.48370762132879,61.1816998087032,59.302490073464405,62.27164145514171,157037.0,49.71046666773836,3.0,38.49963830437088,65301.0,57.394644761307745,50.96761962939403,51.521027720812306,9.467633099471648,-3.3238489394723403,,
,,21.886,21.886,21.886,,0.0,21.886,53604.0,58.75483466490909,58.75483466490909,58.75483466490909,58.75483466490909,60.201826161042966,41005.0,62.27164145514171,157037.0,49.71046666773836,3.0,60.40943409369799,51.08267328665355,52.30857000475371,9.57094939340195,-2.403567447045707,,
,,17.675,17.69,17.27,,0.0,17.438,52894.0,46.81379909013455,47.450045814779685,47.49031459482052,46.36278875367724,58.75483466490909,53604.0,60.201826161042966,41005.0,62.27164145514171,157037.0,55.25681997202893,50.98142606826517,52.816531901554484,9.618518083381955,-20.323494471351545,,
,,15.07,15.185,14.945,,0.0,15.111,28655.0,40.56676901313357,40.456701014355296,40.76542832800167,40.12112784734837,46.81379909013455,52894.0,58.75483466490909,53604.0,60.201826161042966,41005.0,48.71180092272581,50.974139336638736,51.91547000911702,9.627692789324165,-13.344420231677944,,
,,17.03,17.225,16.87,,0.0,17.147,88807.0,46.03258475734241,45.71848827302394,46.24198241355475,45.288954619255065,40.56676901313357,28655.0,46.81379909013455,52894.0,58.75483466490909,53604.0,44.47105095353691,52.0502745442061,51.61556347586055,8.335207730214629,13.47362848256235,,
,,14.295,14.595,14.25,,0.0,14.493,94182.0,38.90769527545132,38.376147378912336,39.181522979728975,38.25534103878984,46.03258475734241,88807.0,40.56676901313357,28655.0,46.81379909013455,52894.0,41.835683015309165,50.507021488165094,49.964159981995586,9.724842812841418,-15.477926167842748,,
,,18.68,18.75,17.875,,0.0,18.073,129832.0,48.51851077852975,50.14805407751539,50.33597505103927,47.98696288199077,38.90769527545132,94182.0,46.03258475734241,88807.0,40.56676901313357,28655.0,44.48626360377455,48.54228853436338,49.080931406433365,8.22559085236949,24.701580073138764,,
,,23.24,23.415,22.52,,0.0,23.093,92164.0,61.99512916552799,62.38976320992814,62.85956564373784,60.45686176796824,48.51851077852975,129832.0,38.90769527545132,94182.0,46.03258475734241,88807.0,49.807111739836415,48.79847467786124,49.88304715362763,8.665417408894411,27.77624080119514,,
,,21.805,22.13,21.665,,0.0,21.766,35721.0,58.43268442458243,58.5373832526886,59.40987348690662,58.16154130564084,61.99512916552799,92164.0,48.51851077852975,129832.0,38.90769527545132,94182.0,56.31544145621345,48.75245321495743,49.91756325080549,8.604367308224136,-5.746330056727156,,
,,17.5,17.725,17.44,,0.0,17.537,36390.0,47.07957303840403,46.98024338096999,47.58427508158246,46.81916826080666,58.43268442458243,35721.0,61.99512916552799,92164.0,48.51851077852975,129832.0,55.83579554283821,48.79042092185307,49.88592349505912,8.594968276953885,-19.429385279794175,,
,,19.79,19.825,19.425,,0.0,19.596,52934.0,52.607134245342166,53.12794380053691,53.221904287298855,52.14807015287669,47.07957303840403,36390.0,58.43268442458243,35721.0,61.99512916552799,92164.0,52.70646390277627,50.51047309788287,50.742306217260804,7.847182844298565,11.740890688259142,,
,,17.2,17.295,16.815,,0.0,16.883,85598.0,45.32385422862379,46.17486778015336,46.42990338707863,45.14130242577202,52.607134245342166,52934.0,47.07957303840403,36390.0,58.43268442458243,35721.0,48.33685383745672,50.40922587949449,51.22975021185029,7.91883246719604,-13.84466217595428,,
,,14.5,14.545,14.34,,0.0,14.401,86774.0,38.660713424534215,38.926487372803706,39.0472937129262,38.49695371903484,45.32385422862379,85598.0,52.607134245342166,52934.0,47.07957303840403,36390.0,45.53056729950012,50.37394275793491,50.44048212305,7.978941766080833,-14.701178700467931,,
,,17.99,18.11,17.785,,0.0,17.912,107355.0,48.08629253942482,48.29569019563714,48.6178404359638,47.74535020174578,38.660713424534215,86774.0,45.32385422862379,85598.0,52.607134245342166,52934.0,44.02362006419434,50.312197295205635,49.42724291478451,7.997344334380957,24.380251371432536,,
,,18.85,19.045,18.31,,0.0,18.48,80356.0,49.611137010304304,50.604433584644816,51.12792772517563,49.154757503174885,48.08629253942482,107355.0,38.660713424534215,86774.0,45.32385422862379,85598.0,45.45271432475451,48.54305555874511,48.67076511830317,6.13509914979098,3.1710585082626253,,
,,21.73,22.175,21.41,,0.0,21.831,33510.0,58.60718247142604,58.33603935248444,59.53067982702911,57.47697204494671,49.611137010304304,80356.0,48.08629253942482,107355.0,38.660713424534215,86774.0,52.101537340385114,48.56798385115134,48.66021853305438,6.1821543027600265,18.133116883116873,,
,,19.51,19.61,19.045,,0.0,19.165,65048.0,51.450077965502274,52.3762599064414,52.64471844004694,51.12792772517563,58.60718247142604,33510.0,49.611137010304304,80356.0,48.08629253942482,107355.0,53.22279914907761,49.192341697879655,48.99138130986637,6.227312577534026,-12.2119921212954,,
,,16.87,16.94,16.75,,0.0,16.827,82289.0,45.17351744980469,45.288954619255065,45.47687559277895,44.966804378928416,51.450077965502274,65048.0,58.60718247142604,33510.0,49.611137010304304,80356.0,51.74359262891107,48.13039644137431,49.32043476962859,6.181593345434095,-12.199321680146081,,
,,14.32,14.385,14.12,,0.0,14.201,138.0,38.12379635732313,38.44326201231373,38.61776005915733,37.90634494510264,45.17351744980469,82289.0,51.450077965502274,65048.0,58.60718247142604,33510.0,44.915797257543424,47.10181674547421,48.755521312484355,7.235584639409438,-15.605871516015945,,
,,17.82,17.83,17.33,,0.0,17.552,227.0,47.11984181844486,47.83931068850772,47.86615654186827,46.52386387384056,38.12379635732313,138.0,45.17351744980469,82289.0,51.450077965502274,65048.0,43.472385208524294,48.31026365889001,49.34210320841247,6.226928114715548,23.59692979367649,,
,,22.395,22.865,22.39,,0.0,22.694,35208.0,60.92397961644188,60.12128860096131,61.38304370890736,60.10786567428103,47.11984181844486,227.0,38.12379635732313,138.0,45.17351744980469,82289.0,48.722539264070015,50.14421895560674,50.228208125406184,7.833259490339548,29.29580674567005,,
,,18.35,18.785,18.295,,0.0,18.337,61952.0,49.22724130724838,49.26214091661711,50.42993553780121,49.11448872313406,60.92397961644188,35208.0,47.11984181844486,227.0,38.12379635732313,138.0,52.42368758071177,50.08937671231303,49.316216135529075,7.838955536332657,-19.198907200141015,,
,,15.07,15.11,14.47,,0.0,14.538,54715.0,39.02850161557381,40.456701014355296,40.56408442779751,38.84594981272205,49.22724130724838,61952.0,60.92397961644188,35208.0,47.11984181844486,227.0,49.72657417975475,47.292422304334146,47.93020307774274,7.78593399061303,-20.717674646888806,,
,,19.19,19.27,18.975,,0.0,19.121,49929.0,51.33195621071583,51.51719259890366,51.7319594257881,50.940006751651744,39.02850161557381,54715.0,49.22724130724838,61952.0,60.92397961644188,35208.0,46.52923304451273,47.27554776793608,48.23394473290788,7.775542306609159,31.52428119411197,,
,,16.78,16.925,16.705,,0.0,16.847,67332.0,45.2272091565258,45.04734193901008,45.43660681273811,44.84599803880592,51.33195621071583,49929.0,39.02850161557381,54715.0,49.22724130724838,61952.0,45.195888994271876,47.283218011753384,47.706807226563846,7.773149262593877,-11.892683437058704,,
,,14.27,14.755,14.255,,0.0,14.712,113071.0,39.49561946404745,38.30903274551096,39.61105663349784,38.26876396547012,45.2272091565258,67332.0,51.33195621071583,49929.0,39.02850161557381,54715.0,45.35159494376308,47.47919274128543,47.29050474337982,7.516802735490471,-12.672879444411489,,
,,22.995,23.86,22.61,,0.0,23.604,77561.0,63.36695227225232,61.73203980259456,64.05420611828251,60.69847444821322,39.49561946404745,113071.0,45.2272091565258,67332.0,51.33195621071583,49929.0,49.36326029760858,49.80020852040078,49.0552360896454,9.605518468441545,60.44045676998371,,
,,22.625,22.68,22.08,,0.0,22.467,54308.0,60.31457874515729,60.73874322825405,60.8863954217371,59.27564422010384,63.36695227225232,77561.0,39.49561946404745,113071.0,45.2272091565258,67332.0,54.392383493819075,49.71315125307441,49.92868510434057,9.489964483047308,-4.81698017285207,,
,,18.365,18.965,17.895,,0.0,18.88,81968.0,50.68497114472648,49.30240969665793,50.91316089829119,48.04065458871188,60.31457874515729,54308.0,63.36695227225232,77561.0,39.49561946404745,113071.0,58.12216738737876,49.92139837271414,50.00538754251359,9.493518075714313,-15.965638492010491,,
,,17.575,17.635,17.43,,0.0,17.567,27028.0,47.1601105984857,47.18158728117415,47.34266240133747,46.79232240744611,50.68497114472648,81968.0,60.31457874515729,54308.0,63.36695227225232,77561.0,52.71988682945655,51.08305679884442,49.18773955158928,8.369435176490668,-6.954449152542386,,
,,14.585,14.7,14.455,,0.0,14.573,32011.0,39.12246210233575,39.15467712636842,39.46340444001479,38.805681032681214,47.1601105984857,27028.0,50.68497114472648,81968.0,60.31457874515729,54308.0,45.65584794851603,49.338843354790114,48.307195561363095,9.504232231387393,-17.0433198611032,,
,,19.255,19.46,19.05,,0.0,19.188,52239.0,51.51182342823154,51.69169064574727,52.24203063963863,51.1413506518559,39.12246210233575,32011.0,47.1601105984857,27028.0,50.68497114472648,81968.0,45.93146537635106,50.236645393605215,48.7599317026793,9.346626387470788,31.6681534344335,,
,,16.9,16.905,16.64,,0.0,16.676,70358.0,44.76814506406031,45.36949217933672,45.38291510601701,44.67149999196232,51.51182342823154,52239.0,39.12246210233575,32011.0,47.1601105984857,27028.0,45.1341435315426,50.989863336464204,49.234528038874814,8.51195283028988,-13.0915155305399,,
,,23.805,24.545,23.51,,0.0,24.445,76907.0,65.62468853987494,63.90655392479946,65.89314707348048,63.11460125066311,44.76814506406031,70358.0,51.51182342823154,52239.0,39.12246210233575,32011.0,53.96821901072232,51.31239708898172,50.55630280469125,9.082745803352145,46.58791076996884,,
,,22.475,22.565,21.41,,0.0,21.485,77565.0,57.678315945150864,60.33605542784574,60.57766810809073,57.47697204494671,65.62468853987494,76907.0,44.76814506406031,70358.0,51.51182342823154,52239.0,56.0237165163621,50.935788117552235,50.32446968531332,8.693584186637134,-12.1088157087339,,
,,18.91,18.915,18.465,,0.0,18.712,58387.0,50.23396080826917,50.76550870480813,50.77893163148841,49.57086823026348,57.678315945150864,77565.0,65.62468853987494,76907.0,44.76814506406031,70358.0,57.845655097765054,50.8713580694869,50.39637822110052,8.69742327609568,-12.906679078426798,,
,,21.71,21.708,21.708,,0.0,21.708,53604.0,58.27697847509123,58.28234764576334,58.27697847509123,58.27697847509123,50.23396080826917,58387.0,57.678315945150864,77565.0,65.62468853987494,76907.0,55.396418409503816,52.45948205185912,51.77126942535177,8.918949126986286,16.011115861479254,,
,,17.46,17.575,16.85,,0.0,17.057,62479.0,45.79097207709743,46.87285996752777,47.18158728117415,45.23526291253396,58.27697847509123,53604.0,50.23396080826917,58387.0,57.678315945150864,77565.0,51.433970453486005,53.412126333967926,51.37548484437902,7.500290299164947,-21.425281002395437,,
,,14.605,14.725,14.435,,0.0,14.518,36029.0,38.97480990885271,39.20836883308952,39.53051907341617,38.7519893259601,45.79097207709743,62479.0,58.27697847509123,53604.0,50.23396080826917,58387.0,47.68092015368052,51.6211244026281,50.92888489811666,9.308573704112746,-14.885384299700966,,
,,19.16,19.77,19.12,,0.0,19.214,70702.0,51.58162264696899,51.436655038822,53.07425209381581,51.32927162537978,38.97480990885271,36029.0,45.79097207709743,62479.0,58.27697847509123,53604.0,45.44913487763977,52.594478343043626,51.79217083975391,8.815739482595912,32.346053175368475,,
,,17.59,17.66,16.98,,0.0,16.998,93090.0,45.63258154227017,47.22185606121498,47.40977703473885,45.58425900622116,51.58162264696899,70702.0,38.97480990885271,36029.0,45.79097207709743,62479.0,45.39633803269735,49.7384630576715,50.52543007332661,6.926849234068104,-11.53325700010408,,
,,24.505,24.505,23.235,,0.0,23.494,89045.0,63.07164788528623,65.78576366003826,65.78576366003826,62.37634028324786,45.63258154227017,93090.0,51.58162264696899,70702.0,38.97480990885271,36029.0,53.42861735817519,50.50893904911941,50.72236358333583,8.149279752098726,38.21626073655726,,
,,21.515,22.225,21.46,,0.0,22.047,64028.0,59.18705290401402,57.75885350523253,59.66490909383189,57.61120131174948,63.07164788528623,89045.0,45.63258154227017,93090.0,51.58162264696899,70702.0,55.9637607771902,51.78795220565439,51.32965513757064,8.777314389295892,-6.1590193240827595,,
,,18.81,19.3,18.745,,0.0,19.039,52039.0,51.1118202131593,50.4970501712026,51.81249698586976,50.32255212435899,59.18705290401402,64028.0,63.07164788528623,89045.0,45.63258154227017,93090.0,57.79017366748658,50.76435816823555,51.61192011004733,8.29922653628037,-13.643579625345836,,
,,17.36,17.68,17.28,,0.0,17.345,28012.0,46.564132653881394,46.60440143392223,47.46346874145996,46.3896346070378,51.1118202131593,52039.0,59.18705290401402,64028.0,63.07164788528623,89045.0,52.28766859035162,50.874809679204695,52.1434680065863,8.226835104390384,-8.897526130574096,,
,,15.815,15.985,15.615,,0.0,15.907,38237.0,42.70369894063369,42.45671708971659,42.91309659684601,41.91980002250551,46.564132653881394,28012.0,51.1118202131593,52039.0,59.18705290401402,64028.0,46.79321726922486,51.40750811231625,51.51431625747217,7.407828942320827,-8.290573652349376,,
,,17.515,17.705,17.43,,0.0,17.458,48047.0,46.867490796855655,47.02051216101082,47.530583374861344,46.79232240744611,42.70369894063369,38237.0,46.564132653881394,28012.0,51.1118202131593,52039.0,45.37844079712365,50.734060705157205,51.66426952410041,7.6011216202408365,9.750424341484877,,
,,17.275,17.45,17.2,,0.0,17.411,76290.0,46.74131528606106,46.37621168035752,46.84601411416722,46.17486778015336,46.867490796855655,48047.0,42.70369894063369,38237.0,46.564132653881394,28012.0,45.43750167451686,50.89245123998448,50.315457148827996,7.487808009422592,-0.2692175506930683,,
,,25.24,25.31,24.015,,0.0,24.129,91366.0,64.77635957368142,67.758933882039,67.94685485556288,64.4703168453711,46.74131528606106,76290.0,46.867490796855655,48047.0,42.70369894063369,38237.0,52.7950552188661,51.1359814811838,50.82246026515161,7.962605766547768,38.58480271092986,,
,,22.57,23.285,22.48,,0.0,23.17,68834.0,62.20184223640427,60.59109103477101,62.51056955005063,60.34947835452601,64.77635957368142,91366.0,46.74131528606106,76290.0,46.867490796855655,48047.0,57.90650569871564,51.56666567152526,51.677308938589825,8.531838846896799,-3.974470554105014,,
,,19.01,19.29,18.41,,0.0,18.918,70140.0,50.786985387496586,51.03396723841368,51.7856511325092,49.42321603678042,62.20184223640427,68834.0,64.77635957368142,91366.0,46.74131528606106,76290.0,59.25506239919415,51.52026069643058,51.14230943233306,8.535607649320344,-18.35131635735866,,
,,21.39,21.68,21.11,,0.0,21.354,26136.0,57.3266352661276,57.4232803382256,58.20181008568167,56.67159644413008,50.786985387496586,70140.0,62.20184223640427,68834.0,64.77635957368142,91366.0,56.77182096334288,53.05776106960861,51.966285374406645,8.463086674352734,12.876625436092603,,
,,17.5,17.57,17.325,,0.0,17.403,25226.0,46.71983860337261,46.98024338096999,47.16816435449387,46.51044094716029,57.3266352661276,26136.0,50.786985387496586,70140.0,62.20184223640427,68834.0,51.611153085665656,53.63149530714274,52.519501709729504,7.750284705907645,-18.502388311323404,,
,,16.14,16.195,15.79,,0.0,16.117,55252.0,43.26746186120533,43.32920732393461,43.47685951741765,42.3896024563152,46.71983860337261,25226.0,57.3266352661276,26136.0,50.786985387496586,70140.0,49.10464524356858,53.1172054591927,51.925633082174954,8.368706113204809,-7.389530540711375,,
,,17.525,17.6,17.315,,0.0,17.441,52679.0,46.82185284614272,47.04735801437137,47.248701914575534,46.483595093799735,43.26746186120533,55252.0,46.71983860337261,25226.0,57.3266352661276,26136.0,45.60305110357361,53.12871082491865,52.01058103245157,8.358528722846149,8.214928336539074,,
,,17.59,17.735,17.455,,0.0,17.71,48001.0,47.54400630154163,47.22185606121498,47.61112093494301,46.85943704084749,46.82185284614272,52679.0,43.26746186120533,55252.0,46.71983860337261,25226.0,45.87777366962995,50.666946071755824,50.901463776469804,6.7365819449150335,1.5423427555759428,,
,,24.24,24.725,23.93,,0.0,24.395,62163.0,65.49045927307216,65.07434854598357,66.37637243397045,64.24212709180638,47.54400630154163,48001.0,46.82185284614272,52679.0,43.26746186120533,55252.0,53.28543947358556,51.136748505565514,51.35170708854538,7.718235243197497,37.74703557312253,,
,,23.1,23.625,22.925,,0.0,23.477,52250.0,63.02600993457328,62.01392126288039,63.42332856430948,61.54411882907068,65.49045927307216,62163.0,47.54400630154163,48001.0,46.82185284614272,52679.0,58.68682516972908,52.885180583719325,52.202720640074965,8.918707226770842,-3.7630662020905925,,
,,18.865,19.055,18.01,,0.0,18.071,66539.0,48.51314160785764,50.64470236468564,51.15477357853618,48.34938190235825,63.02600993457328,52250.0,65.49045927307216,62163.0,47.54400630154163,48001.0,59.009870271834416,51.62611006110934,52.34193556535898,8.80862670554038,-23.026792179580013,,
,,21.29,21.525,20.495,,0.0,21.191,56327.0,56.88904785635057,57.154821804620056,57.78569935859308,55.02057646245599,48.51314160785764,66539.0,63.02600993457328,52250.0,65.49045927307216,62163.0,56.14273313292722,53.07885424010619,53.35517477362447,8.702539683886043,17.265231586519825,,
,,17.38,17.82,17.02,,0.0,17.464,64550.0,46.88359830887199,46.65809314064334,47.83931068850772,45.69164241966338,56.88904785635057,56327.0,48.51314160785764,66539.0,63.02600993457328,52250.0,50.76192925769345,53.59544516120143,53.356325310197064,8.110229076913726,-17.58765513661461,,
,,16.164,16.164,16.164,,0.0,16.164,53604.0,43.39363737199994,43.39363737199994,43.39363737199994,43.39363737199994,46.88359830887199,64550.0,56.88904785635057,56327.0,48.51314160785764,66539.0,49.05542784574089,53.10570009346674,53.1172054591927,8.67151728147673,-7.443884562528624,,
,,14.665,14.665,14.665,,0.0,14.656,1.0,39.34528268522836,39.36944395325285,39.36944395325285,39.36944395325285,43.39363737199994,53604.0,46.88359830887199,64550.0,56.88904785635057,56327.0,43.207506122033486,51.934453862564844,51.30069996716033,9.999876641386587,-9.329373917347162,,
,,17.455,17.455,17.4,,0.0,17.308,23.0,46.46480299644735,46.85943704084749,46.85943704084749,46.71178484736444,39.34528268522836,1.0,43.39363737199994,53604.0,46.88359830887199,64550.0,43.067907684558605,49.21650296590416,50.17662573573484,8.107878837162012,18.094978165938834,,
,,24.37,24.44,23.65,,0.0,24.224,70895.0,65.03139518060668,65.42334463967077,65.61126561319466,63.49044319771086,46.46480299644735,23.0,39.34528268522836,1.0,43.39363737199994,53604.0,50.28049362076084,49.50298657248037,51.19408357809984,8.69156697107103,39.9584007395424,,
,,23.565,23.645,23.1,,0.0,23.349,50497.0,62.68238301155818,63.26225344414616,63.47702027103059,62.01392126288039,65.03139518060668,70895.0,46.46480299644735,23.0,39.34528268522836,1.0,58.05952706287079,51.52716391586615,51.57663698848775,9.977438369455799,-3.6121202113606365,,
,,21.365,21.365,21.365,,0.0,21.365,53604.0,57.35616570482421,57.35616570482421,57.35616570482421,57.35616570482421,62.68238301155818,50497.0,65.03139518060668,70895.0,46.46480299644735,23.0,61.68998129899641,51.59389503707667,52.33637463859144,10.02074473001232,-8.497151912287471,,
,,17.45,17.54,17.2,,0.0,17.437,36259.0,46.811114504798496,46.84601411416722,47.0876267944122,46.17486778015336,57.35616570482421,53604.0,62.68238301155818,50497.0,65.03139518060668,70895.0,55.616554407060356,51.58354020792332,52.589492684562366,10.026459107940465,-18.385209454715646,,
,,16.12,16.165,15.935,,0.0,16.114,31670.0,43.25940810519717,43.27551561721349,43.39632195733599,42.77886733004324,46.811114504798496,36259.0,57.35616570482421,53604.0,62.68238301155818,50497.0,49.14222943827335,51.56436459838007,52.3350323459234,10.044844335387305,-7.587314331593731,,
,,17.425,17.495,17.135,,0.0,17.369,76431.0,46.62856270194673,46.77889948076583,46.96682045428971,46.00036973330975,43.25940810519717,31670.0,46.811114504798496,36259.0,57.35616570482421,53604.0,45.56636177064752,52.60483317219697,52.26964351738091,8.877607972888823,7.788258657068381,,
,,14.725,14.88,14.64,,0.0,14.701,65724.0,39.46608902535085,39.53051907341617,39.946629800504766,39.30232931985147,46.62856270194673,76431.0,43.25940810519717,31670.0,46.811114504798496,36259.0,43.11801994416496,51.60501689061176,50.41075992825795,10.006670599659188,-15.360700097875524,,
,,17.43,17.49,17.18,,0.0,17.427,78063.0,46.784268651437934,46.79232240744611,46.95339752760943,46.12117607343225,39.46608902535085,65724.0,46.62856270194673,76431.0,43.25940810519717,31670.0,44.292973459578555,48.998284529301934,49.25063555089115,8.126164976127532,18.542956261478793,,
,,24.43,24.66,24.185,,0.0,24.405,50140.0,65.51730512643272,65.5844197598341,66.20187438712685,64.92669635250053,46.784268651437934,78063.0,39.46608902535085,65724.0,46.62856270194673,76431.0,50.58922093440722,49.40327340285545,50.465218659360794,8.950630532890585,40.0413152005509,,
,,21.947,21.947,21.947,,0.0,21.947,53604.0,58.91859437040847,58.91859437040847,58.91859437040847,58.91859437040847,65.51730512643272,50140.0,46.784268651437934,78063.0,39.46608902535085,65724.0,57.073389382759764,49.626477497938914,50.61018626750779,9.1980688035613,-10.071706617496423,,
,,17.37,17.44,17.22,,0.0,17.331,23932.0,46.52654845917662,46.63124728728278,46.81916826080666,46.22855948687447,58.91859437040847,53604.0,65.51730512643272,50140.0,46.784268651437934,78063.0,56.98748265200599,49.5858252057072,50.584682706815265,9.213201952365754,-21.032487355902852,,
,,17.45,17.515,17.36,,0.0,17.474,32380.0,46.910444162232544,46.84601411416722,47.02051216101082,46.60440143392223,46.52654845917662,23932.0,58.91859437040847,53604.0,65.51730512643272,50140.0,50.78519566393927,50.10740178528369,50.835883191831876,8.893146769564343,0.8251110726444022,,
,,17.26,17.28,16.985,,0.0,17.041,87407.0,45.74801871172055,46.33594290031669,46.3896346070378,45.59768193290144,46.910444162232544,32380.0,46.52654845917662,23932.0,58.91859437040847,53604.0,46.39500377770995,49.981609786679954,51.29322147943846,8.956557102815818,-2.477967265651815,,
,,14.675,14.76,14.615,,0.0,14.663,57992.0,39.36407478258074,39.3962898066134,39.62447956017812,39.23521468645008,45.74801871172055,87407.0,46.910444162232544,32380.0,46.52654845917662,23932.0,44.00751255217801,49.96703632342708,50.78602660701942,8.976579497006952,-13.954580130274053,,
,,17.415,17.665,17.33,,0.0,17.612,61036.0,47.28091693860819,46.75205362740528,47.42319996141913,46.52386387384056,39.36407478258074,57992.0,45.74801871172055,87407.0,46.910444162232544,32380.0,44.13100347763655,50.03798607873712,49.51813530401953,8.949151421761583,20.11184614335402,,
,,18.16,18.89,18.155,,0.0,18.719,50191.0,50.25275290562156,48.75206970276657,50.71181699808703,48.7386467760863,47.28091693860819,61036.0,39.36407478258074,57992.0,45.74801871172055,87407.0,45.63258154227022,47.85733576147838,48.63030458216691,5.883225064879466,6.2854871678401425,,
,,21.905,22.05,21.74,,0.0,21.913,22838.0,58.82731846898259,58.80584178629415,59.19510666002218,58.362885205845,50.25275290562156,50191.0,47.28091693860819,61036.0,39.36407478258074,57992.0,52.1203294377375,47.84429634698897,48.73538692246394,5.854655005337714,17.062877290453528,,
,,17.46,17.73,17.455,,0.0,17.638,57106.0,47.35071615734564,46.87285996752777,47.59769800826273,46.85943704084749,58.82731846898259,22838.0,50.25275290562156,50191.0,47.28091693860819,61036.0,52.14359584398332,47.96203458958455,48.77392989764588,5.831981327709932,-19.508967279696975,,
,,17.045,17.12,16.92,,0.0,16.997,67714.0,45.6298969569341,45.75875705306477,45.96010095326892,45.42318388605784,47.35071615734564,57106.0,58.82731846898259,22838.0,50.25275290562156,50191.0,50.6026438610875,47.779099274541906,48.9432505299128,5.890257541693197,-3.6341988887629184,,
,,14.625,14.68,14.47,,0.0,14.604,74765.0,39.20568424775347,39.26206053981063,39.40971273329368,38.84594981272205,45.6298969569341,67714.0,47.35071615734564,57106.0,58.82731846898259,22838.0,44.06209912067779,46.84448006540375,48.413044926041856,6.725998921487444,-14.078955109725232,,
,,17.47,17.47,17.465,,0.0,17.502,30.0,46.98561255164209,46.89970582088832,46.89970582088832,46.88628289420805,39.20568424775347,74765.0,45.6298969569341,67714.0,47.35071615734564,57106.0,43.940397918776604,47.93327117526966,48.950153749348374,5.876500681641904,19.843878389482317,,
,,23.38,23.495,23.035,,0.0,23.264,46484.0,62.45419325799347,62.7656051569759,63.074332470622274,61.83942321603678,46.98561255164209,30.0,39.20568424775347,74765.0,45.6298969569341,67714.0,49.5484966857964,50.100882078038985,50.06943407838805,8.007719343128054,32.92195177693977,,
,,18.625,18.865,18.49,,0.0,18.6,38585.0,49.93328725063096,50.00040188403234,50.64470236468564,49.63798286366486,62.45419325799347,46484.0,46.98561255164209,30.0,39.20568424775347,74765.0,53.12436435342223,50.05524412732604,48.956289944402215,8.007619891806485,-20.048143053645106,,
,,15.835,16.04,15.735,,0.0,15.841,34847.0,42.52651630845403,42.5104087964377,43.06074879032906,42.24195026283216,49.93328725063096,38585.0,62.45419325799347,46484.0,46.98561255164209,30.0,51.63799893902621,47.7265581043934,47.78542722569118,7.376820251653399,-14.833333333333353,,
,,17.625,17.79,17.57,,0.0,17.663,41476.0,47.41783079074702,47.31581654797692,47.75877312842606,47.16816435449387,42.52651630845403,34847.0,49.93328725063096,38585.0,62.45419325799347,46484.0,46.62587811661073,47.736145909165025,47.84909024937478,7.376293943598987,11.501799128842883,,
,,17.015,17.315,16.93,,0.0,17.255,104054.0,46.32251997363641,45.678219492983104,46.483595093799735,45.45002973941839,47.41783079074702,41476.0,42.52651630845403,34847.0,49.93328725063096,38585.0,45.4222890242792,47.835092054408214,47.807095664475064,7.347922555768927,-2.3099133782483072,,
,,14.6,14.74,14.58,,0.0,14.65,56131.0,39.32917517321202,39.194945906409245,39.570787853457006,39.14125419968814,46.32251997363641,104054.0,47.41783079074702,41476.0,42.52651630845403,34847.0,44.356508645865205,47.852733615188,47.34860684029588,7.323860089200046,-15.097073312083452,,
,,24.29,25.12,24.215,,0.0,24.698,62583.0,66.30388862989696,65.20857781278634,67.43678364171235,65.0072339125822,39.32917517321202,56131.0,46.32251997363641,104054.0,47.41783079074702,41476.0,50.65186125891518,50.61248734065298,49.27287925796132,10.068209851628012,68.58703071672355,,
,,23.25,24.18,23.22,,0.0,23.883,76326.0,64.11595158101179,62.416609063288696,64.91327342582025,62.33607150320703,66.30388862989696,62583.0,39.32917517321202,56131.0,46.32251997363641,104054.0,56.583005128040305,50.84988138679846,50.475381732418725,10.407818804664528,-3.299862337031345,,
,,18.685,18.755,18.305,,0.0,18.359,35613.0,49.286302184641606,50.16147700419567,50.34939797771955,49.14133457649461,64.11595158101179,76326.0,66.30388862989696,62583.0,39.32917517321202,56131.0,59.9020474651835,50.75745494879998,50.40634953806301,10.420180662303354,-23.12942260185068,,
,,17.335,17.52,17.25,,0.0,17.354,22225.0,46.58829392190589,46.537286800520846,47.0339350876911,46.30909704695613,49.286302184641606,35613.0,64.11595158101179,76326.0,66.30388862989696,62583.0,53.330182562519816,51.33770889357881,49.532133498986106,9.989641973015999,-5.474154365706219,,
,,15.83,15.965,15.74,,0.0,15.917,36338.0,42.73054479399425,42.496985869757424,42.85940489012491,42.25537318951243,46.58829392190589,22225.0,49.286302184641606,35613.0,64.11595158101179,76326.0,46.201713633513975,50.66809660832842,49.20212125874672,10.44299482669656,-8.280511697591308,,
,,17.695,17.745,17.45,,0.0,17.549,49381.0,47.1117880624367,47.5037375215008,47.637966788303565,46.84601411416722,42.73054479399425,36338.0,46.58829392190589,22225.0,49.286302184641606,35613.0,45.476875592779,50.780849192442744,49.307970623425476,10.392394237065048,10.253188414902304,,
,,17.275,17.315,16.945,,0.0,17.078,96816.0,45.8473483691546,46.37621168035752,46.483595093799735,45.49029851945922,47.1117880624367,49381.0,42.73054479399425,36338.0,46.58829392190589,22225.0,45.22989374186191,51.712016791863114,49.782375203525554,9.44404776137406,-2.683913613311284,,
,,24.485,24.915,24.735,,0.0,24.98,56490.0,67.06094169466458,65.73207195331715,66.88644364782098,66.403218287331,45.8473483691546,96816.0,47.1117880624367,49381.0,42.73054479399425,36338.0,53.340026042085356,51.82016722968706,51.21632728517002,9.641275201172903,46.27005504157391,,
,,23.71,24.495,23.615,,0.0,24.445,70427.0,65.62468853987494,63.6515183178742,65.7589178066777,63.39648271094892,67.06094169466458,56490.0,45.8473483691546,96816.0,47.1117880624367,49381.0,59.510992867898096,52.035701080953224,51.44279123387584,9.973117507666693,-2.1417133706965408,,
,,18.405,18.96,18.15,,0.0,18.689,56081.0,50.17221534553989,49.40979311010015,50.89973797161091,48.725223849406014,65.62468853987494,70427.0,67.06094169466458,56490.0,45.8473483691546,96816.0,60.95261519335986,52.16226010393869,51.45985752636933,9.937971803653936,-23.54673757414605,,
,,21.91,22.335,21.855,,0.0,22.278,27714.0,59.80719211664282,58.81926471297442,59.96021348079798,58.671612519491376,50.17221534553989,56081.0,65.62468853987494,70427.0,67.06094169466458,56490.0,58.53469866735261,54.05067413175825,52.69419151266853,9.958186206320308,19.203809727647283,,
,,17.42,17.655,17.355,,0.0,17.549,33369.0,47.1117880624367,46.76547655408556,47.39635410805858,46.59097850724195,59.80719211664282,27714.0,50.17221534553989,56081.0,65.62468853987494,70427.0,52.36373184153987,54.67656602725003,52.67233131778922,9.239890530772103,-21.22721967860669,,
,,15.9,15.94,15.61,,0.0,15.71,38543.0,42.17483562943077,42.6849068432813,42.79229025672352,41.90637709582523,47.1117880624367,33369.0,59.80719211664282,27714.0,50.17221534553989,56081.0,49.69793860283682,53.97128710824918,52.376068150345965,10.065112442919148,-10.479229585731387,,
,,17.535,17.56,17.395,,0.0,17.493,33232.0,46.96145128361759,47.07420386773192,47.14131850113331,46.69836192068417,42.17483562943077,38543.0,47.1117880624367,33369.0,59.80719211664282,27714.0,45.41602499182841,54.13044466745818,52.92123072966065,9.923045825104882,11.349458943348179,,
,,17.615,17.895,17.53,,0.0,17.602,74730.0,47.254071085247645,47.28897069461636,48.04065458871188,47.06078094105165,46.96145128361759,33232.0,42.17483562943077,38543.0,47.1117880624367,33369.0,45.463452666098725,51.300891723255766,51.56052947647141,8.31507869181048,0.6231063854113428,,
,,24.795,25.425,24.775,,0.0,25.241,76573.0,67.76161846737506,66.56429340749433,68.25558216920926,66.51060170077322,47.254071085247645,74730.0,46.96145128361759,33232.0,42.17483562943077,38543.0,53.99238027874682,51.606167427184346,51.82093425406879,8.944041021996297,43.39847744574479,,
,,24.37,24.55,24.07,,0.0,24.17,57479.0,64.8864275724597,65.42334463967077,65.90657000016076,64.61796903885414,67.76161846737506,76573.0,47.254071085247645,74730.0,46.96145128361759,33232.0,59.967372375027516,53.70819774531575,52.93522892462722,10.192763687736573,-4.243096549265079,,
,,18.625,19.405,18.205,,0.0,19.066,83601.0,51.18430401723278,50.00040188403234,52.09437844615558,48.87287604288906,64.8864275724597,57479.0,67.76161846737506,76573.0,47.254071085247645,74730.0,61.277450019022574,52.47635658825718,53.26351536000771,9.848052839012224,-21.117087298303694,,
,,22.22,22.83,21.985,,0.0,22.79,43298.0,61.1816998087032,59.6514861671516,61.289083222145415,59.02060861317858,51.18430401723278,83601.0,64.8864275724597,57479.0,67.76161846737506,76573.0,59.08414379946529,54.48634398058096,54.581455003915494,10.005239695748585,19.532151473827764,,
,,17.52,17.535,17.115,,0.0,17.231,35373.0,46.25808992557108,47.0339350876911,47.07420386773192,45.94667802658864,61.1816998087032,43298.0,51.18430401723278,83601.0,64.8864275724597,57479.0,52.87469791716908,55.06966602288672,54.520476565567954,9.259031652881482,-24.392277314611665,,
,,15.68,15.91,15.64,,0.0,15.837,32731.0,42.51577796710981,42.09429806934911,42.71175269664185,41.986914655906894,46.25808992557108,35373.0,61.1816998087032,43298.0,51.18430401723278,83601.0,49.985189233794756,54.434569834814184,54.282507251136174,10.028389134323566,-8.090070222273804,,
,,14.65,14.715,14.54,,0.0,14.587,54171.0,39.16004629704052,39.32917517321202,39.50367322005562,39.03387078624592,42.51577796710981,32731.0,46.25808992557108,35373.0,61.1816998087032,43298.0,42.64463806324053,53.278280579356014,52.2895861513059,11.371045135884769,-7.892909010544935,,
,,17.58,17.68,17.44,,0.0,17.5,55445.0,46.98024338096999,47.195010207854416,47.46346874145996,46.81916826080666,39.16004629704052,54171.0,42.51577796710981,32731.0,46.25808992557108,35373.0,42.88535588170683,50.30951270986959,50.95784006852697,9.521966904894448,19.969836155480913,,
,,25.18,25.225,24.46,,0.0,24.709,73168.0,66.33341906859357,67.59785876187568,67.71866510199817,65.66495731991577,46.98024338096999,55445.0,39.16004629704052,54171.0,42.51577796710981,32731.0,50.82456958220141,50.51622578074585,52.1122117630308,9.899386668321831,41.19428571428572,,
,,24.22,24.92,24.185,,0.0,24.449,79709.0,65.63542688121916,65.02065683926246,66.89986657450126,64.92669635250053,66.33341906859357,73168.0,46.98024338096999,55445.0,39.16004629704052,54171.0,59.6496964435943,52.58067190417247,52.52851424621483,11.44768890260138,-1.0522481686834784,,
,,22.72,22.82,22.5,,0.0,22.617,25836.0,60.717266545565614,60.99377883517931,61.26223736878487,60.40317006124712,65.63542688121916,79709.0,66.33341906859357,73168.0,46.98024338096999,55445.0,64.22870416512616,52.514324295152825,53.50033413786689,11.39073574278479,-7.493149004049249,,
,,17.175,17.25,17.035,,0.0,17.158,29519.0,46.06211519603904,46.107753146751975,46.30909704695613,45.73191119970421,60.717266545565614,25836.0,65.63542688121916,79709.0,66.33341906859357,73168.0,57.47160287427465,52.48632790521968,53.7779969640532,11.408901581355495,-24.136711323340844,,
,,15.815,16.1,15.705,,0.0,15.827,46786.0,42.48893211374926,42.45671708971659,43.22182391049239,42.161412702750496,46.06211519603904,29519.0,60.717266545565614,25836.0,65.63542688121916,79709.0,49.75610461845135,52.482492783311024,53.4585313090626,11.412815642544006,-7.75731437230448,,
,,17.035,17.13,16.87,,0.0,17.075,89287.0,45.83929461314643,45.73191119970421,45.98694680662948,45.288954619255065,42.48893211374926,46786.0,46.06211519603904,29519.0,60.717266545565614,25836.0,44.79678064097829,53.43667111418329,53.35747584676966,10.342352028455434,7.885259366904651,,
,,14.585,14.84,14.54,,0.0,14.793,82876.0,39.71307087626794,39.15467712636842,39.83924638706255,39.03387078624592,45.83929461314643,89287.0,42.48893211374926,46786.0,46.06211519603904,29519.0,42.68043253438793,52.39850361351158,51.35400816169057,11.408276783273948,-13.364568081991212,,
,,17.55,17.63,17.515,,0.0,17.58,47452.0,47.195010207854416,47.11447264777276,47.32923947465719,47.02051216101082,39.71307087626794,82876.0,45.83929461314643,89287.0,42.48893211374926,46786.0,44.24912523242298,49.66444520483456,50.0903354927902,9.673517304051941,18.839991888055163,,
,,24.835,24.98,24.5,,0.0,24.675,51327.0,66.24214316716768,66.67167682093654,67.06094169466458,65.77234073335798,47.195010207854416,47452.0,39.71307087626794,82876.0,45.83929461314643,89287.0,51.05007475043007,49.75111895997005,51.165895432071274,9.841721138727717,40.35836177474403,,
,,22.545,22.91,22.51,,0.0,22.822,30195.0,61.26760653945697,60.52397640136962,61.50385004902985,60.43001591460768,66.24214316716768,51327.0,47.195010207854416,47452.0,39.71307087626794,82876.0,58.23491997149308,49.82973895909739,51.1720316271251,9.945574186578787,-7.509625126646413,,
,,17.2,17.355,17.135,,0.0,17.182,27724.0,46.12654524410436,46.17486778015336,46.59097850724195,46.00036973330975,61.26760653945697,30195.0,66.24214316716768,51327.0,47.195010207854416,47452.0,57.878764983576396,49.83894325167815,51.162635578448906,9.941535237261245,-24.712996231706242,,
,,17.52,17.89,17.465,,0.0,17.604,61313.0,47.25944025591975,47.0339350876911,48.0272316620316,46.88628289420805,46.12654524410436,27724.0,61.26760653945697,30195.0,66.24214316716768,51327.0,51.55119734649375,50.520444414845365,51.501468599078194,9.507758256391659,2.456058666045857,,
,,17.1,17.17,16.89,,0.0,16.966,85318.0,45.54667481151639,45.90640924654782,46.0943302200717,45.342646325976176,47.25944025591975,61313.0,46.12654524410436,27724.0,61.26760653945697,30195.0,46.310886770513555,50.47864158604107,51.95765635011218,9.532381572281954,-3.624176323562822,,
,,14.775,14.83,14.66,,0.0,14.676,63221.0,39.39897439194946,39.66474834021895,39.812400533702,39.35602102657257,45.54667481151639,85318.0,47.25944025591975,61313.0,46.12654524410436,27724.0,44.06836315312859,50.433770659709865,51.416137136610715,9.592055821198944,-13.497583402098313,,
,,17.575,17.86,17.485,,0.0,17.804,72102.0,47.79635732313083,47.18158728117415,47.94669410194994,46.93997460092916,39.39897439194946,63221.0,45.54667481151639,85318.0,47.25944025591975,61313.0,44.24733550886561,50.519677390463634,50.09206129764909,9.560857086237265,21.313709457617858,,
,,19.395,19.675,18.985,,0.0,19.189,60163.0,51.51450801356761,52.06753259279503,52.81921648689054,50.96685260501229,47.79635732313083,72102.0,39.39897439194946,63221.0,45.54667481151639,85318.0,46.23661324288269,48.415729511377904,49.08342423567398,6.723931271515554,7.779150752639885,,
,,22.73,22.755,22.26,,0.0,22.639,34959.0,60.77632742295883,61.02062468853987,61.087739321941264,59.758869580593824,51.51450801356761,60163.0,47.79635732313083,72102.0,39.39897439194946,63221.0,53.362397586552476,48.3455467804496,49.0876428697735,6.568189359090995,17.97905049768096,,
,,17.605,17.82,17.51,,0.0,17.78,48402.0,47.73192727506551,47.262124841255805,47.83931068850772,47.00708923433054,60.77632742295883,34959.0,51.51450801356761,60163.0,47.79635732313083,72102.0,53.34092090386404,48.57488707058691,49.20691516113253,6.5055239481482285,-21.462962144971065,,
,,16.96,17.05,16.81,,0.0,16.925,90310.0,45.43660681273811,45.530567299500056,45.77217997974504,45.12787949909174,47.73192727506551,48402.0,60.77632742295883,34959.0,51.51450801356761,60163.0,51.31495383692087,48.31448229298953,49.41746335391745,6.602711301134775,-4.808773903262098,,
,,14.72,14.8,14.61,,0.0,14.63,68594.0,39.27548346649091,39.5170961467359,39.73186297362033,39.2217917597698,45.43660681273811,90310.0,47.73192727506551,48402.0,60.77632742295883,34959.0,44.14800585143157,47.418597815128756,48.94861970058491,7.416190146160384,-13.559822747415051,,
,,17.88,17.945,17.88,,0.0,17.861,18.0,47.949378687286,48.00038580867105,48.17488385551465,48.00038580867105,39.27548346649091,68594.0,45.43660681273811,90310.0,47.73192727506551,48402.0,44.22048965550507,48.64008414303397,49.53692740137192,6.525877006756327,22.08475734791524,,
,,24.395,24.695,24.365,,0.0,24.592,43593.0,66.01932258427507,65.49045927307216,66.29583487388878,65.4099217129905,47.949378687286,18.0,39.27548346649091,68594.0,45.43660681273811,90310.0,51.081394912684054,51.243364894626,50.88152114254482,9.214200846098816,37.6854599406528,,
,,19.195,19.41,18.74,,0.0,19.349,53072.0,51.94404166733647,51.53061552558394,52.10780137283585,50.30912919767872,66.01932258427507,43593.0,47.949378687286,18.0,39.27548346649091,68594.0,55.304247646299245,51.30472684516441,49.86022817827116,9.217737029947013,-21.319941444372148,,
,,15.845,15.98,15.77,,0.0,15.905,24404.0,42.698329769961575,42.53725464979826,42.89967367016573,42.3359107495941,51.94404166733647,53072.0,66.01932258427507,43593.0,47.949378687286,18.0,53.553898007191094,48.72215575187909,48.53385126616435,8.635886314938094,-17.799369476458736,,
,,17.77,17.87,17.575,,0.0,17.626,47965.0,47.31850113331298,47.70508142170495,47.97353995531049,47.18158728117415,42.698329769961575,24404.0,51.94404166733647,53072.0,66.01932258427507,43593.0,47.3202908568704,48.66309487448587,48.618990972536395,8.645195883730944,10.820496699151239,,
,,16.96,17.045,16.755,,0.0,16.811,89310.0,45.1305640844278,45.530567299500056,45.75875705306477,44.98022730560869,47.31850113331298,47965.0,42.698329769961575,24404.0,51.94404166733647,53072.0,45.049131662567504,48.61937448472726,48.46692838885839,8.664983549428639,-4.623851129013956,,
,,14.66,14.795,14.595,,0.0,14.7,83353.0,39.46340444001479,39.35602102657257,39.71844004694005,39.181522979728975,45.1305640844278,89310.0,47.31850113331298,47965.0,42.698329769961575,24404.0,43.97082321925192,48.64622033808781,48.03240907660829,8.631435595844888,-12.557254178811494,,
,,24.75,24.765,24.145,,0.0,24.42,66833.0,65.55757390647355,66.44348706737183,66.48375584741267,64.8193129390583,39.46340444001479,83353.0,45.1305640844278,89310.0,47.31850113331298,47965.0,50.05051414363877,51.16167679797176,49.900880470502855,10.710008757302436,66.12244897959184,,
,,24.65,24.655,23.925,,0.0,24.088,60188.0,64.66629157490316,66.1750285337663,66.18845146044657,64.2287041651261,65.55757390647355,66833.0,39.46340444001479,83353.0,45.1305640844278,89310.0,56.56242330713056,50.96838665377577,51.10587577420089,10.405040284177367,-1.3595413595413497,,
,,19.325,19.765,19.18,,0.0,19.486,54205.0,52.31182985837607,51.879611619271145,53.06082916713553,51.49034674554311,64.66629157490316,60188.0,65.55757390647355,66833.0,39.46340444001479,83353.0,60.84523177991766,51.02092782392428,51.16282733454434,10.411714498652465,-19.104948522085685,,
,,17.185,17.23,17.08,,0.0,17.161,18921.0,46.0701689520472,46.13459900011253,46.25540534023502,45.8527175398267,52.31182985837607,54205.0,64.66629157490316,60188.0,65.55757390647355,66833.0,54.3494301284422,51.50261913565079,50.11238744376494,10.033634952912099,-11.93164323103768,,
,,15.84,15.95,15.78,,0.0,15.863,26860.0,42.58557718584725,42.52383172311798,42.81913611008408,42.36275660295465,46.0701689520472,18921.0,52.31182985837607,54205.0,64.66629157490316,60188.0,46.989191998756894,50.82648714315569,49.74479100882079,10.510706403376961,-7.563661791270915,,
,,17.615,17.725,17.545,,0.0,17.639,44158.0,47.353400742681686,47.28897069461636,47.58427508158246,47.10104972109249,42.58557718584725,26860.0,46.0701689520472,18921.0,52.31182985837607,54205.0,45.33638229352544,51.14403523719195,49.88170486095961,10.342167944052832,11.195864590556637,,
,,16.8,16.87,16.6,,0.0,16.752,102188.0,44.97217354960053,45.10103364573119,45.288954619255065,44.56411657852011,47.353400742681686,44158.0,42.58557718584725,26860.0,46.0701689520472,18921.0,44.97038382604321,51.931002252847065,50.28861129546743,9.47876704343851,-5.028629740915003,,
,,24.385,24.76,24.265,,0.0,24.57,51247.0,65.96026170688185,65.4636134197116,66.47033292073239,65.14146317938496,44.97217354960053,102188.0,47.353400742681686,44158.0,42.58557718584725,26860.0,52.76194533305474,51.98852908147682,51.57510293972429,9.5759738271344,46.66905444126073,,
,,24.22,24.33,23.905,,0.0,24.191,47363.0,64.94280386451685,65.02065683926246,65.31596122622855,64.175012458405,65.96026170688185,51247.0,44.97217354960053,102188.0,47.353400742681686,44158.0,58.62507970699979,52.02803083713592,51.49820874545584,9.637360453132871,-1.5425315425315445,,
,,19.555,19.66,19.255,,0.0,19.494,53418.0,52.33330654106451,52.49706624656389,52.778947706849706,51.69169064574727,64.94280386451685,47363.0,65.96026170688185,51247.0,44.97217354960053,102188.0,61.078790704154464,52.031098934662836,51.52601337929356,9.637469277945426,-19.416311851515022,,
,,22.59,22.715,22.375,,0.0,22.538,26576.0,60.505184304017234,60.64478274149212,60.98035590849904,60.0675968942402,52.33330654106451,53418.0,64.94280386451685,47363.0,65.96026170688185,51247.0,59.260431569866256,54.093243984944266,52.797931560297535,9.69359948308429,15.615061044423939,,
,,17.095,17.4,17.06,,0.0,17.226,30082.0,46.24466699889079,45.89298631986753,46.71178484736444,45.7990258331056,60.505184304017234,26576.0,52.33330654106451,53418.0,64.94280386451685,47363.0,53.02771928132424,54.61597110109335,52.72122912212452,9.04669631884091,-23.569083325938433,,
,,15.905,16.37,15.72,,0.0,16.293,68814.0,43.739948880351086,42.698329769961575,43.94666195122736,42.20168148279133,46.24466699889079,30082.0,60.505184304017234,26576.0,52.33330654106451,53418.0,50.1632667277531,54.09976369218898,52.621899464690465,9.615386334967887,-5.416231278300232,,
,,17.6,17.935,17.505,,0.0,17.796,68645.0,47.77488064044239,47.248701914575534,48.148038002154095,46.993666307650265,43.739948880351086,68814.0,46.24466699889079,30082.0,60.505184304017234,26576.0,45.919832173228144,54.5001504194521,53.21557633614958,9.222282827584298,9.22482047505062,,
,,18.065,18.145,17.785,,0.0,17.876,80882.0,47.98964746732683,48.4970340958413,48.71180092272574,47.74535020174578,47.77488064044239,68645.0,43.739948880351086,68814.0,46.24466699889079,30082.0,46.50149232937349,51.932919813801384,51.9607244476391,7.908021143149153,0.44953922229715726,,
,,24.495,23.5,23.3,,0.0,23.359,125279.0,62.70922886491874,65.7589178066777,63.08775539730255,62.550838330091466,47.98964746732683,80882.0,47.77488064044239,68645.0,43.739948880351086,68814.0,52.824585657562714,51.613837671001654,51.82093425406879,7.3186958111642815,30.67240993510851,,
,,24.13,24.31,24.02,,0.0,24.12,45204.0,64.75219830565692,64.77904415901747,65.26226951950746,64.48373977205138,62.70922886491874,125279.0,47.98964746732683,80882.0,47.77488064044239,68645.0,58.48369154596755,53.38796506594343,52.709532000303135,8.864216818901829,3.2578449419923716,,
,,19.565,19.62,18.95,,0.0,19.147,50425.0,51.40175542945327,52.523912099924445,52.67156429340749,50.87289211825036,64.75219830565692,45204.0,62.70922886491874,125279.0,47.98964746732683,80882.0,59.621060866676366,52.08747522672001,53.09035960583214,8.295554443584289,-20.61774461028194,,
,,22.525,22.63,22.3,,0.0,22.492,29289.0,60.38169337855869,60.470284694648505,60.75216615493433,59.86625299403604,51.40175542945327,50425.0,64.75219830565692,45204.0,62.70922886491874,125279.0,58.845215704556345,54.107050423815416,54.36151076245438,8.356656030622823,17.470099754530754,,
,,17.2,17.315,17.015,,0.0,17.264,31316.0,46.3466812416609,46.17486778015336,46.483595093799735,45.678219492983104,60.38169337855869,29289.0,51.40175542945327,50425.0,64.75219830565692,45204.0,52.71004334989101,54.47944076114539,54.289602226667185,7.861064533216275,-23.243820024897754,,
,,15.935,16.01,15.535,,0.0,15.55,60549.0,41.7453019756619,42.77886733004324,42.9802112302474,41.70503319562107,46.3466812416609,31316.0,60.38169337855869,29289.0,51.40175542945327,50425.0,49.49122553196056,53.618072380462465,54.05911139995728,8.97024237277061,-9.928174235403143,,
,,14.72,14.78,14.405,,0.0,14.442,90289.0,38.770781423312485,39.5170961467359,39.67817126689922,38.67145176587844,41.7453019756619,60549.0,46.3466812416609,31316.0,60.38169337855869,29289.0,42.287588213545156,52.30109151703185,52.11700566541662,10.483425815372085,-7.125401929260455,,
,,17.9,17.9,17.805,,0.0,17.831,76751.0,47.868841127204334,48.05407751539215,48.05407751539215,47.79904190846689,38.770781423312485,90289.0,41.7453019756619,60549.0,46.3466812416609,31316.0,42.79497484205964,50.181036125929786,50.89743689846572,9.480386572592202,23.466278908738424,,
,,23.44,23.65,22.625,,0.0,23.36,101168.0,62.71191345025479,62.926680277139226,63.49044319771086,60.73874322825405,47.868841127204334,76751.0,38.770781423312485,90289.0,41.7453019756619,60549.0,49.78384533359059,49.889566860872335,51.63876596340788,8.975669114489264,31.007795412483862,,
,,24.135,24.14,23.705,,0.0,23.949,56590.0,64.29313421319145,64.79246708569775,64.80589001237803,63.63809539119392,62.71191345025479,101168.0,47.868841127204334,76751.0,38.770781423312485,90289.0,58.291296263550244,51.73119240140636,51.90933381406318,10.526243094458376,2.521404109589054,,
,,22.68,22.69,22.635,,0.0,22.983,63.0,61.6998247785619,60.8863954217371,60.91324127509765,60.76558908161461,64.29313421319145,56590.0,62.71191345025479,101168.0,47.868841127204334,76751.0,62.9016241473361,51.91949688712111,53.01327365546826,10.71684823351821,-4.033571339095598,,
,,17.095,17.205,16.33,,0.0,16.42,79249.0,44.08089121803013,45.89298631986753,46.188290706833634,43.839278537785134,61.6998247785619,63.0,64.29313421319145,56590.0,62.71191345025479,101168.0,56.69128340326122,51.595812598030996,53.0376266795882,10.945007083489156,-28.55588913544793,,
,,15.6,15.655,15.475,,0.0,15.567,38106.0,41.79093992637484,41.87953124246467,42.02718343594772,41.54395807545775,44.08089121803013,79249.0,61.6998247785619,63.0,64.29313421319145,56590.0,49.19055197432234,51.6023323052757,52.61020234286908,10.938172847004447,-5.194884287454348,,
,,16.85,16.9,16.69,,0.0,16.847,61313.0,45.2272091565258,45.23526291253396,45.36949217933672,44.80572925876509,41.79093992637484,38106.0,44.08089121803013,79249.0,61.6998247785619,63.0,43.69968010031031,52.52467912430618,52.41288532066901,9.898654647046396,8.22252200167024,,
,,14.47,14.53,14.375,,0.0,14.462,73227.0,38.8244731300336,38.84594981272205,39.007024932885365,38.59091420579677,45.2272091565258,61313.0,41.79093992637484,38106.0,44.08089121803013,79249.0,41.9475407376448,51.23262655328178,50.70683133960579,11.122298929291912,-14.156823173265277,,
,,17.79,17.82,17.715,,0.0,17.815,29.0,47.825887761827445,47.75877312842606,47.83931068850772,47.55742922822191,38.8244731300336,73227.0,45.2272091565258,61313.0,41.79093992637484,38106.0,43.95919001612901,49.10605145493503,49.49780915790368,9.919751263875774,23.184898354307816,,
,,23.35,23.755,23.49,,0.0,23.646,77991.0,63.479704856366645,62.68506759689424,63.77232465799669,63.060909543942,47.825887761827445,29.0,38.8244731300336,73227.0,45.2272091565258,61313.0,50.04335524940928,48.98984726110291,50.360519831254635,9.714839991122671,32.73084479371315,,
,,22.68,22.69,21.73,,0.0,21.867,50493.0,58.70382754352404,60.8863954217371,60.91324127509765,58.33603935248444,63.479704856366645,77991.0,47.825887761827445,29.0,38.8244731300336,73227.0,56.66980672057277,48.5618476560975,50.240672271609306,9.108643286447382,-7.523471200202991,,
,,16.495,16.515,15.635,,0.0,16.106,79442.0,43.23793142250872,44.28223511823428,44.33592682495539,41.973491729226616,58.70382754352404,50493.0,63.479704856366645,77991.0,47.825887761827445,29.0,55.14048794079986,48.44142482816587,50.018618713098434,9.183026888218476,-26.345634975076592,,
,,17.8,17.925,17.755,,0.0,17.796,47375.0,47.77488064044239,47.78561898178661,48.12119214879354,47.66481264166412,43.23793142250872,79442.0,58.70382754352404,50493.0,63.479704856366645,77991.0,49.90554653549177,49.29627350160409,50.4493029034399,8.727999626893759,10.492983981125036,,
,,16.865,16.91,16.645,,0.0,16.693,67820.0,44.81378301477326,45.27553169257479,45.39633803269728,44.6849229186426,47.77488064044239,47375.0,43.23793142250872,79442.0,58.70382754352404,50493.0,45.275531692574845,49.23721262421087,50.88094587425853,8.761458059134315,-6.1980220274218905,,
,,14.48,14.49,14.24,,0.0,14.282,75808.0,38.34124776954362,38.8727956660826,38.89964151944315,38.22849518542929,44.81378301477326,67820.0,47.77488064044239,47375.0,43.23793142250872,79442.0,43.643303808253144,49.16818042985516,50.20040349156847,8.858540438143667,-14.443179775953997,,
,,17.895,18.185,17.795,,0.0,18.067,99909.0,48.50240326651341,48.04065458871188,48.81918433616796,47.77219605510634,38.34124776954362,75808.0,44.81378301477326,67820.0,47.77488064044239,47375.0,43.88581135027681,49.264825501953155,49.1854384784441,8.845135762103185,26.50189049152778,,
,,19.2,19.225,18.865,,0.0,19.119,35793.0,51.32658704004373,51.54403845226422,51.611153085665606,50.64470236468564,48.50240326651341,99909.0,38.34124776954362,75808.0,44.81378301477326,67820.0,46.05674602536697,47.52866581390702,48.259256537504974,6.461512622738619,5.822770797586774,,
,,20.7,20.855,20.41,,0.0,20.442,64881.0,54.878293439645056,55.57091645634736,55.98702718343594,54.79238670889128,51.32658704004373,35793.0,48.50240326651341,99909.0,38.34124776954362,75808.0,51.56909458206744,46.982160941924306,47.77200429901091,5.439806763894462,6.919817982112031,,
,,15.64,15.79,15.535,,0.0,15.621,36629.0,41.93590753452184,41.986914655906894,42.3896024563152,41.70503319562107,54.878293439645056,64881.0,51.32658704004373,35793.0,48.50240326651341,99909.0,49.38026267140359,46.79615752935475,47.61879117876031,5.608805928215573,-23.583798062811855,,
,,14.25,14.35,14.14,,0.0,14.204,38717.0,38.1318501133313,38.25534103878984,38.52379957239538,37.96003665182375,41.93590753452184,36629.0,54.878293439645056,64881.0,51.32658704004373,35793.0,44.982017029166116,45.41858173976747,47.357427620685776,6.449554794985188,-9.071122207285054,,
,,16.86,17.07,16.82,,0.0,17.047,70448.0,45.76412622373688,45.26210876589451,45.82587168646615,45.154725352452296,38.1318501133313,38717.0,41.93590753452184,36629.0,54.878293439645056,64881.0,41.94396129053006,45.55434505533369,47.395778839772284,6.444702476566458,20.015488594762033,,
,,14.0,14.015,13.945,,0.0,13.952,9.0,37.45533460864533,37.58419470477599,37.62446348481682,37.43654251129294,45.76412622373688,70448.0,38.1318501133313,38717.0,41.93590753452184,36629.0,40.45043698190455,45.427786032348216,47.29798323110169,6.616371330847607,-18.15568721769226,,
,,16.9,16.98,16.895,,0.0,16.913,94525.0,45.40439178870545,45.36949217933672,45.58425900622116,45.35606925265645,37.45533460864533,9.0,45.76412622373688,70448.0,38.1318501133313,38717.0,42.87461754036261,44.985212964089946,47.12501923302155,6.4786109266666845,21.2227637614679,,
,,24.365,24.765,24.68,,0.0,24.775,59687.0,66.51060170077322,65.4099217129905,66.48375584741267,66.25556609384796,45.40439178870545,94525.0,37.45533460864533,9.0,45.76412622373688,70448.0,49.790109366041385,47.154357915622725,47.341511864764875,10.344301197467638,46.48495240347661,,
,,20.595,20.885,20.57,,0.0,20.722,51579.0,55.62997733374058,55.28903499606153,56.067564743517615,55.22192036266015,66.51060170077322,59687.0,45.40439178870545,94525.0,37.45533460864533,9.0,55.84832360773981,47.26174132906495,47.121951135494626,10.441293260756602,-16.35923309788092,,
,,15.63,16.38,15.25,,0.0,16.314,80767.0,43.79632517240825,41.96006880254634,43.97350780458791,40.93992637484527,55.62997733374058,51579.0,66.51060170077322,59687.0,45.40439178870545,94525.0,55.312301402307405,47.52751527733443,47.161836403344594,10.305935043567501,-21.272077984750503,,
,,17.39,17.49,16.62,,0.0,16.893,126942.0,45.35070008198435,46.68493899400389,46.95339752760943,44.61780828524121,43.79632517240825,80767.0,55.62997733374058,51579.0,66.51060170077322,59687.0,48.25900086271111,48.55877955857058,46.98868064916902,9.541918405381656,3.549098933431427,,
,,17.06,17.095,16.86,,0.0,17.073,73706.0,45.833925442474325,45.7990258331056,45.89298631986753,45.26210876589451,45.35070008198435,126942.0,43.79632517240825,80767.0,55.62997733374058,51579.0,44.99365023228902,48.56875087553307,47.06154796543338,9.538547127591837,1.0655301012253648,,
,,13.97,14.17,13.86,,0.0,14.08,88767.0,37.79896153166042,37.50365714469433,38.04057421190541,37.20835275772823,45.833925442474325,73706.0,45.35070008198435,126942.0,43.79632517240825,80767.0,42.99452901870641,48.6178404359638,47.02281323415601,9.472475571600487,-17.530603877467364,,
,,16.93,17.08,16.845,,0.0,17.028,75957.0,45.71311910235183,45.45002973941839,45.8527175398267,45.22183998585368,37.79896153166042,88767.0,45.833925442474325,73706.0,45.35070008198435,126942.0,43.11533535882891,48.66194433791328,46.823578651001604,9.45572400247254,20.937500000000032,,
,,21.77,22.19,21.37,,0.0,22.113,61441.0,59.36423553619368,58.44342276592666,59.57094860706994,57.36958863150449,45.71311910235183,75957.0,37.79896153166042,88767.0,45.833925442474325,73706.0,47.62543872340203,47.64103488583049,47.39769640072661,7.361306189983802,29.86257928118392,,
,,20.755,20.82,20.55,,0.0,20.727,26908.0,55.64340026042085,55.7185686498304,55.893066696674005,55.16822865593904,59.36423553619368,61441.0,45.71311910235183,75957.0,37.79896153166042,88767.0,53.573584966322166,47.64295244678481,47.452346887924875,7.363735435104771,-6.267806267806286,,
,,16.92,17.135,16.82,,0.0,17.043,68066.0,45.75338788239266,45.42318388605784,46.00036973330975,45.154725352452296,55.64340026042085,26908.0,59.36423553619368,61441.0,45.71311910235183,75957.0,53.58700789300244,47.92253283392545,47.72502405562994,7.2292732905207355,-17.773918077869432,,
,,17.025,17.205,16.94,,0.0,16.971,102216.0,45.56009773819667,45.70506534634365,46.188290706833634,45.47687559277895,45.75338788239266,68066.0,55.64340026042085,26908.0,59.36423553619368,61441.0,48.98562862700344,47.95244678481292,48.25561317169174,7.217280949459537,-0.4224608343601499,,
,,14.1,14.325,14.07,,0.0,14.263,77895.0,38.290240648158566,37.85265323838153,38.456684938994,37.77211567829987,45.56009773819667,102216.0,45.75338788239266,68066.0,55.64340026042085,26908.0,43.201242089582685,46.87477752848209,47.721764202007584,8.09604186611747,-15.956631901479001,,
,,16.96,16.97,16.8,,0.0,16.933,7.0,45.45808349542656,45.530567299500056,45.557413152860605,45.10103364573119,38.290240648158566,77895.0,45.56009773819667,102216.0,45.75338788239266,68066.0,43.10280729392732,47.96893780902012,48.29338912249195,7.124273557424919,18.719764425436438,,
,,25.425,25.465,24.97,,0.0,25.105,67966.0,67.39651486167152,68.25558216920926,68.36296558265147,67.03409584130402,45.45808349542656,7.0,38.290240648158566,77895.0,45.56009773819667,102216.0,50.381613001752264,51.06656577463722,49.86425505627525,10.080563652659233,48.26079253528614,,
,,22.065,22.38,21.45,,0.0,21.518,92250.0,57.7669072612407,59.23537544006302,60.08101982092048,57.58435545838893,67.39651486167152,67966.0,45.45808349542656,7.0,38.290240648158566,77895.0,56.87383520611297,50.838376021072506,49.2397054534515,9.877460368196155,-14.287990440151354,,
,,14.265,14.42,14.17,,0.0,14.222,41898.0,38.180172649380296,38.29560981883068,38.71172054591927,38.04057421190541,57.7669072612407,92250.0,67.39651486167152,67966.0,45.45808349542656,7.0,54.44786492409755,48.34362921949529,47.99329083314005,10.637675681136432,-33.90649688632773,,
,,17.085,17.235,16.855,,0.0,16.927,59923.0,45.441975983410224,45.86614046650698,46.2688282669153,45.24868583921423,38.180172649380296,41898.0,57.7669072612407,92250.0,67.39651486167152,67966.0,47.12968529801046,48.29914180535494,48.11083731964019,10.65095653599696,19.019828434819285,,
,,16.975,17.125,16.945,,0.0,17.072,73332.0,45.83124085713826,45.57083607954089,45.9735238799492,45.49029851945922,45.441975983410224,59923.0,38.180172649380296,41898.0,57.7669072612407,92250.0,43.15112982997632,48.3378765366323,48.145161660722614,10.639822373381852,0.8566196018195749,,
,,14.27,14.4,14.215,,0.0,14.382,76506.0,38.60970630314916,38.30903274551096,38.65802883919817,38.16138055202791,45.83124085713826,73332.0,45.441975983410224,59923.0,38.180172649380296,41898.0,43.29430771456594,48.383514487345245,47.629146007913675,10.590110561345801,-15.756794751640113,,
,,24.8,25.155,24.255,,0.0,24.802,81247.0,66.58308550484672,66.57771633417461,67.5307441284743,65.1146173260244,38.60970630314916,76506.0,45.83124085713826,73332.0,45.441975983410224,59923.0,50.34134422171143,51.40137191726241,49.68515486314126,12.462053366591363,72.45167570574331,,
,,25.185,25.54,24.88,,0.0,24.999,11997.0,67.11194881604963,67.61128168855595,68.56430948285563,66.79248316105904,66.58308550484672,81247.0,38.60970630314916,76506.0,45.83124085713826,73332.0,57.43491354134856,51.36071962503071,51.21364269983396,12.401496583673596,0.7942907830013501,,
,,21.63,22.155,21.455,,0.0,21.524,70885.0,57.78301477325703,58.0675808188789,59.47698812030801,57.5977783850692,67.11194881604963,11997.0,66.58308550484672,81247.0,38.60970630314916,76506.0,63.826016364717844,51.3630206981759,51.10069835962421,12.402884765013644,-13.900556022240885,,
,,16.305,16.455,16.015,,0.0,16.057,56521.0,43.106386741042,43.77216390438375,44.17485170479206,42.99363415692768,57.78301477325703,70885.0,67.11194881604963,11997.0,66.58308550484672,81247.0,56.00045011011627,52.06676556841329,50.205197393954286,11.646938272159844,-25.399553986247913,,
,,14.22,14.25,14.08,,0.0,14.171,45781.0,38.04325879724146,38.174803478708185,38.25534103878984,37.79896153166042,43.106386741042,56521.0,57.78301477325703,70885.0,67.11194881604963,11997.0,46.31088677051355,51.00980597038919,49.654473887872065,12.64158340995805,-11.745656100143265,,
,,16.96,17.08,16.575,,0.0,16.772,63637.0,45.02586525632163,45.530567299500056,45.8527175398267,44.49700194511872,38.04325879724146,45781.0,43.106386741042,56521.0,57.78301477325703,70885.0,42.058503598201746,50.894752313129665,49.61631442488099,12.700099311255496,18.35438571731003,,
,,17.08,17.385,17.02,,0.0,17.373,99243.0,46.63930104329095,45.8527175398267,46.671516067323616,45.69164241966338,45.02586525632163,63637.0,38.04325879724146,45781.0,43.106386741042,56521.0,43.23614169895139,52.041837276007065,50.212675881676155,11.731233366194797,3.58335320772718,,
,,24.88,24.9,24.435,,0.0,24.651,57191.0,66.17771311910235,66.79248316105904,66.84617486778015,65.59784268651438,46.63930104329095,99243.0,45.02586525632163,63637.0,38.04325879724146,45781.0,52.61429313957169,51.98392693518644,51.69264942622443,11.648194626195565,41.89259195303057,,
,,24.92,25.335,24.91,,0.0,25.223,10983.0,67.71329593132606,66.89986657450126,68.01396948896426,66.8730207211407,66.17771311910235,57191.0,46.63930104329095,99243.0,45.02586525632163,63637.0,60.17677003123983,52.069833665940216,51.71527664548546,11.779834262575658,2.320392681838479,,
,,21.715,21.715,20.975,,0.0,21.164,15136.0,56.81656405227708,58.295770572443615,58.295770572443615,56.309177423762605,67.71329593132606,10983.0,66.17771311910235,57191.0,46.63930104329095,99243.0,63.56919103423521,51.93176927722879,51.64739498770235,11.707152728781299,-16.092455298735274,,
,,20.775,20.8,20.29,,0.0,20.357,46401.0,54.65010368608034,55.77226035655151,55.839374989952894,54.47023646856463,56.81656405227708,15136.0,67.71329593132606,10983.0,66.17771311910235,57191.0,59.72665455656121,53.58087169794855,52.82381863318092,11.051468556864728,-3.8130788130788296,,
,,16.13,16.4,15.97,,0.0,16.174,43565.0,43.42048322536049,43.30236147057405,44.02719951130901,42.872827816805184,54.65010368608034,46401.0,56.81656405227708,15136.0,67.71329593132606,10983.0,51.629050321239355,54.34904661625127,52.679426293320226,9.920476919870788,-20.54821437343419,,
,,14.16,14.21,13.99,,0.0,14.081,46404.0,37.80164611699648,38.01372835854485,38.14795762534763,37.55734885141543,43.42048322536049,43565.0,54.65010368608034,46401.0,56.81656405227708,15136.0,45.29074434281248,53.317015310633394,52.105883811881526,11.32794705001973,-12.940521825151485,,
,,16.765,16.84,16.52,,0.0,16.721,19303.0,44.88895140418281,45.00707315896925,45.20841705917341,44.34934975163567,37.80164611699648,46404.0,43.42048322536049,43565.0,54.65010368608034,46401.0,42.03702691551331,53.06696536218937,52.55440131909821,11.51764606119839,18.74866841843619,,
,,16.95,17.03,16.705,,0.0,17.0,91331.0,45.63795071294227,45.5037214461395,45.71848827302394,44.84599803880592,44.88895140418281,19303.0,37.80164611699648,46404.0,43.42048322536049,43565.0,42.776182744707235,50.13271358988079,51.05832026253362,10.156826459878172,1.6685604927934694,,
,,24.685,24.51,24.415,,0.0,24.558,13856.0,65.92804668284919,66.26898902052822,65.79918658671853,65.54415097979327,45.63795071294227,91331.0,44.88895140418281,19303.0,37.80164611699648,46404.0,52.15164959999148,49.87767798295552,50.97375582444787,9.651658858665826,44.45882352941175,,
,,25.2,25.28,24.79,,0.0,24.96,16559.0,67.00724998794347,67.65155046859678,67.86631729548122,66.55087048081405,65.92804668284919,13856.0,45.63795071294227,91331.0,44.88895140418281,19303.0,59.52441579457835,51.33349025947929,51.63262976835404,11.470000609154853,1.6369411189836258,,
,,21.195,21.51,21.065,,0.0,21.196,8921.0,56.90247078303086,56.8997861976948,57.74543057855225,56.55079010400759,67.00724998794347,16559.0,65.92804668284919,13856.0,45.63795071294227,91331.0,63.27925581794122,51.65525698761508,52.618064342781814,11.60929488601638,-15.080128205128174,,
,,20.395,20.475,20.2,,0.0,20.334,41809.0,54.588358223351065,54.75211792885045,54.96688475573489,54.228623788319645,56.90247078303086,8921.0,67.00724998794347,16559.0,65.92804668284919,13856.0,59.49935966477518,53.250667701613736,53.799857158932504,11.042558603135452,-4.066805057558054,,
,,16.165,16.535,15.87,,0.0,16.294,82926.0,43.74263346568714,43.39632195733599,44.3896185316765,42.60436928319964,54.588358223351065,41809.0,56.90247078303086,8921.0,67.00724998794347,16559.0,51.74448749068974,54.09938017999811,53.70819774531576,9.81764449036283,-19.868201042588762,,
,,14.155,14.4,14.125,,0.0,14.253,11177.0,38.26339479479802,38.000305431864575,38.65802883919817,37.91976787178292,43.74263346568714,82926.0,54.588358223351065,41809.0,56.90247078303086,8921.0,45.531462161278796,53.15287209294314,53.10991872756626,11.09047753712459,-12.526083220817474,,
,,14.4,14.42,14.325,,0.0,14.403,61338.0,38.666082595206326,38.65802883919817,38.71172054591927,38.456684938994,38.26339479479802,11177.0,43.74263346568714,82926.0,54.588358223351065,41809.0,40.22403695189721,52.15689093326658,51.14480226157368,12.14112384501478,1.0524100189433616,,
,,17.103,17.103,17.103,,0.0,17.103,53604.0,45.91446300255599,45.91446300255599,45.91446300255599,45.91446300255599,38.666082595206326,61338.0,38.26339479479802,11177.0,43.74263346568714,82926.0,40.947980130853495,49.29780755036755,49.58774276666154,10.618725602900641,18.74609456363261,,
,,24.53,24.31,24.2,,0.0,24.164,18318.0,64.87032006044336,65.85287829343964,65.26226951950746,64.96696513254136,45.91446300255599,53604.0,38.666082595206326,61338.0,38.26339479479802,11177.0,49.81695521940194,48.992531846438965,50.16301105295913,10.039674979939793,41.28515465123077,,
,,24.92,25.1,24.67,,0.0,24.844,16775.0,66.69583808896105,66.89986657450126,67.38309193499124,66.2287202404874,64.87032006044336,18318.0,45.91446300255599,53604.0,38.666082595206326,61338.0,59.160207050653526,50.391584318714706,51.0234206531649,11.845596406904539,2.814103625227604,,
,,20.345,20.49,19.78,,0.0,20.058,59266.0,53.84741267059977,54.61788866204768,55.007153535775714,53.10109794717636,66.69583808896105,16775.0,64.87032006044336,18318.0,45.91446300255599,53604.0,61.80452360666811,50.28573495403595,51.76820132782484,11.805086016816748,-19.264208662051207,,
,,16.12,16.32,15.955,,0.0,16.137,44073.0,43.32115356792644,43.27551561721349,43.812432684424586,42.83255903676435,53.84741267059977,59266.0,66.69583808896105,16775.0,64.87032006044336,18318.0,54.62146810916247,50.225523540070135,52.16245186003413,11.84502831066662,-19.548309901286277,,
,,14.265,14.395,14.07,,0.0,14.126,15849.0,37.92245245711897,38.29560981883068,38.64460591251789,37.77211567829987,43.32115356792644,44073.0,53.84741267059977,59266.0,66.69583808896105,16775.0,45.03033956521511,50.17681749183027,51.66484479238671,11.902973032557174,-12.46204375038731,,
,,17.335,17.335,16.82,,0.0,16.842,137409.0,45.21378622984551,46.537286800520846,46.537286800520846,45.154725352452296,37.92245245711897,15849.0,43.32115356792644,44073.0,53.84741267059977,59266.0,42.15246408496369,51.11220372535016,51.63454732930837,11.076210480791499,19.226957383548047,,
,,14.41,14.475,14.205,,0.0,14.269,99999.0,38.306348160174906,38.68487469255872,38.85937273940232,38.13453469866735,45.21378622984551,137409.0,37.92245245711897,15849.0,43.32115356792644,44073.0,40.48086228237984,50.02533017643857,49.66156886340307,12.005547336157035,-15.277282983018626,,
,,17.1,17.1,17.1,,0.0,17.1,53604.0,45.90640924654782,45.90640924654782,45.90640924654782,45.90640924654782,38.306348160174906,99999.0,45.21378622984551,137409.0,37.92245245711897,15849.0,43.14218121218946,47.31620006016778,48.154365953303376,10.0831136403604,19.840213049267618,,
,,24.2,24.505,24.335,,0.0,24.491,18721.0,65.74817946533348,64.96696513254136,65.78576366003826,65.32938415290884,45.90640924654782,53604.0,38.306348160174906,99999.0,45.21378622984551,137409.0,49.986978957352115,47.180820256792416,48.78620228775356,9.781396329544842,43.22222222222221,,
,,19.925,20.09,19.74,,0.0,19.976,24308.0,53.62727667304322,53.4903628209044,53.93331940135355,52.99371453373414,65.74817946533348,18721.0,45.90640924654782,53604.0,38.306348160174906,99999.0,55.09395512830822,47.14937225714147,48.71755360558871,9.756713142001365,-18.435343595606557,,
,,16.315,16.66,16.16,,0.0,16.459,21994.0,44.18559004613629,43.79900975774431,44.72519169868343,43.38289903065571,53.62727667304322,24308.0,65.74817946533348,18721.0,45.90640924654782,53604.0,54.52034872817105,47.27286318260003,48.74919336133508,9.705519946684413,-17.606127352823375,,
,,16.695,16.86,16.615,,0.0,16.621,18656.0,44.62049287057727,44.81915218544537,45.26210876589451,44.60438535856093,44.18559004613629,21994.0,53.62727667304322,24308.0,65.74817946533348,18721.0,47.47778652991897,48.229726098808364,49.20327179531931,8.929151561663444,0.9842639285497334,,
,,16.9,17.035,16.885,,0.0,16.96,79849.0,45.530567299500056,45.36949217933672,45.73191119970421,45.3292233992959,44.62049287057727,18656.0,44.18559004613629,21994.0,53.62727667304322,24308.0,44.77888340540459,48.27498053733043,49.6935921313403,8.912105202552523,2.039588472414411,,
,,14.45,14.45,14.45,,0.0,14.48,1.0,38.8727956660826,38.792258106000936,38.792258106000936,38.792258106000936,45.530567299500056,79849.0,44.62049287057727,18656.0,44.18559004613629,21994.0,43.00795194538669,48.35590160960296,49.19061589302077,8.808474387305164,-14.622641509433942,,
,,17.28,17.31,17.155,,0.0,17.211,29371.0,46.20439821884996,46.3896346070378,46.47017216711946,46.054061440030864,38.8727956660826,1.0,45.530567299500056,79849.0,44.62049287057727,18656.0,43.53592039481092,48.398471462788976,47.85733576147838,8.795373735169157,18.860497237569017,,
,,21.175,21.23,20.79,,0.0,21.062,13131.0,56.54273634799942,56.84609449097368,56.99374668445673,55.81252913659234,46.20439821884996,29371.0,38.8727956660826,1.0,45.530567299500056,79849.0,47.20664341097737,47.083408160312686,47.132114208552544,6.018894377542776,22.375225146708534,,
,,20.02,20.075,19.85,,0.0,19.901,22264.0,53.42593277283907,53.74539842782967,53.89305062131272,53.28901892070024,56.54273634799942,13131.0,46.20439821884996,29371.0,38.8727956660826,1.0,52.057689113229536,47.05464474599781,47.10200850156964,5.982782925176094,-5.512297027822621,,
,,16.68,16.985,16.625,,0.0,16.735,21077.0,44.92653559888758,44.778883405404535,45.59768193290144,44.63123121192149,53.42593277283907,22264.0,56.54273634799942,13131.0,46.20439821884996,29371.0,51.63173490657541,47.16049411067656,47.21667864663829,5.92988327925978,-15.908748304105325,,
,,17.24,17.24,17.15,,0.0,17.216,3559.0,46.217821145530245,46.28225119359558,46.28225119359558,46.04063851335058,44.92653559888758,21077.0,53.42593277283907,22264.0,56.54273634799942,13131.0,48.190096505752344,47.38868386424127,47.809204981524815,5.845990453692125,2.8742157155661863,,
,,17.22,17.355,17.1,,0.0,17.147,25048.0,46.03258475734241,46.22855948687447,46.59097850724195,45.90640924654782,46.217821145530245,3559.0,44.92653559888758,21077.0,53.42593277283907,22264.0,45.72564716725346,47.46040064393304,47.86769059063174,5.822428342941021,-0.40078996282529866,,
,,24.725,25.02,24.21,,0.0,24.362,20934.0,65.40186795698233,66.37637243397045,67.1683251081068,64.99381098590192,46.03258475734241,25048.0,46.217821145530245,3559.0,44.92653559888758,21077.0,52.55075795328505,51.250268114061576,49.80308486183226,7.648656231148758,42.07733131159972,,
,,21.05,21.555,21.05,,0.0,21.229,21781.0,56.99106209912068,56.51052132396676,57.86623691867474,56.51052132396676,65.40186795698233,20934.0,46.03258475734241,25048.0,46.217821145530245,3559.0,56.141838271148515,52.79122009695739,50.59484577987319,7.54857419581229,-12.860192102454626,,
,,14.115,14.185,13.89,,0.0,14.061,26125.0,37.74795441027537,37.89292201842236,38.08084299194624,37.28889031780989,56.99106209912068,21781.0,65.40186795698233,20934.0,46.03258475734241,25048.0,53.38029482212617,50.1062512487111,48.594829704511895,9.161953927920242,-33.76513260162986,,
,,16.475,16.485,16.305,,0.0,16.485,2374.0,44.25538926487373,44.22854341151318,44.25538926487373,43.77216390438375,37.74795441027537,26125.0,56.99106209912068,21781.0,65.40186795698233,20934.0,46.33146859142331,48.796173604716046,47.92540917535693,9.26324794697848,17.239172178365703,,
,,14.61,14.645,14.285,,0.0,14.367,35565.0,38.569437523108334,39.2217917597698,39.315752246531744,38.34930152555178,44.25538926487373,2374.0,37.74795441027537,26125.0,56.99106209912068,21781.0,40.190927066085855,47.888016736747595,47.52425542371208,9.989038704767363,-12.848043676069143,,
,,24.305,23.79,23.71,,0.0,23.757,25369.0,63.7776938286688,65.24884659282718,63.86628514475863,63.6515183178742,38.569437523108334,35565.0,44.25538926487373,2374.0,37.74795441027537,26125.0,48.86750687221701,50.39656997719595,48.89262692071862,11.57819628096636,65.35811234078095,,
,,24.28,24.405,23.335,,0.0,23.492,35399.0,63.066278714614114,65.18173195942579,65.51730512643272,62.64479881685341,63.7776938286688,25369.0,38.569437523108334,35565.0,44.25538926487373,2374.0,55.1378033554638,52.82995482823477,50.1451777360839,12.277047652581585,-1.1154607063181388,,
,,21.26,21.78,21.095,,0.0,21.526,20315.0,57.78838394392914,57.0742842445384,58.47026861928722,56.63132766408925,63.066278714614114,35399.0,63.7776938286688,25369.0,38.569437523108334,35565.0,61.54411882907073,51.74231425494145,51.496291184501516,11.273920346271353,-8.368806402179473,,
,,16.46,16.525,16.305,,0.0,16.435,33255.0,44.12115999807096,44.188274631472346,44.36277267831594,43.77216390438375,57.78838394392914,20315.0,63.066278714614114,35399.0,63.7776938286688,25369.0,54.99194088553812,49.90375681193435,51.347488454445866,11.324591705818863,-23.65046920003716,,
,,14.11,14.3,14.05,,0.0,14.188,26707.0,38.088896747954415,37.87949909174208,38.38957030559261,37.71842397157876,44.12115999807096,33255.0,57.78838394392914,20315.0,63.066278714614114,35399.0,46.666146896651554,49.95246286017421,50.029357054442656,11.264169182044393,-13.672041375114075,,
,,17.24,17.24,17.035,,0.0,17.093,32329.0,45.88761714919543,46.28225119359558,46.28225119359558,45.73191119970421,38.088896747954415,26707.0,44.12115999807096,33255.0,57.78838394392914,20315.0,42.699224631740314,50.18563827222017,49.49090593846811,11.14282109599887,20.475049337468263,,
,,23.735,23.45,23.275,,0.0,23.41,42706.0,62.84614271705756,63.71863295127558,62.95352613049978,62.48372369669008,45.88761714919543,32329.0,38.088896747954415,26707.0,44.12115999807096,33255.0,48.94088553806918,53.65373901421292,50.77087787548025,10.693712837632154,36.95664892061077,,
,,23.695,23.745,23.45,,0.0,23.536,31342.0,63.18440046940055,63.611249537833366,63.745478804636136,62.95352613049978,62.84614271705756,42706.0,45.88761714919543,32329.0,38.088896747954415,26707.0,57.30605344521789,53.56898282003174,51.982776398613844,10.602057401934797,0.5382315249893299,,
,,19.895,20.15,19.62,,0.0,19.926,26745.0,53.49304740624045,53.409825260822736,54.09439452151687,52.67156429340749,63.18440046940055,31342.0,62.84614271705756,42706.0,45.88761714919543,32329.0,59.8411968642329,52.20137834740694,52.51566658782085,9.75650611853901,-15.338205302515306,,
,,16.515,16.755,16.505,,0.0,16.611,49961.0,44.59364701721672,44.33592682495539,44.98022730560869,44.30908097159484,53.49304740624045,26745.0,63.18440046940055,31342.0,62.84614271705756,42706.0,53.75703163095262,50.31641592930516,51.02936509212331,9.77179470960281,-16.63655525444141,,
,,14.17,14.25,14.115,,0.0,14.175,3133.0,38.053997138585686,38.04057421190541,38.25534103878984,37.89292201842236,44.59364701721672,49961.0,53.49304740624045,26745.0,63.18440046940055,31342.0,45.380230520681,49.449678377950114,49.676717594942225,10.643111322546645,-14.664981036662471,,
,,16.41,16.67,16.245,,0.0,16.554,42455.0,44.440625653061545,44.05404536466957,44.75203755204399,43.61108878422043,38.053997138585686,3133.0,44.59364701721672,49961.0,53.49304740624045,26745.0,42.3627566029547,50.35706822153685,50.154765540855536,9.746064739193276,16.783068783068767,,
,,17.1,17.115,16.965,,0.0,17.03,32707.0,45.71848827302394,45.90640924654782,45.94667802658864,45.543990226180334,44.440625653061545,42455.0,38.053997138585686,3133.0,44.59364701721672,49961.0,42.73770368822377,50.33290695351234,50.25927261286626,9.75919235119607,2.875437960613758,,
,,23.39,23.64,23.21,,0.0,23.446,30230.0,62.94278778915557,62.79245101033646,63.46359734435031,62.30922564984648,45.71848827302394,32707.0,44.440625653061545,42455.0,38.053997138585686,3133.0,51.03396723841373,50.34671339238349,52.000226203298205,9.779891812426817,37.67469172049325,,
,,21.785,21.88,21.355,,0.0,21.609,30139.0,58.01120452682175,58.48369154596749,58.73872715289277,57.32931985146366,62.94278778915557,30230.0,45.71848827302394,32707.0,44.440625653061545,42455.0,55.557493529667134,49.607685400586526,51.58833411030913,8.793868900456479,-7.83502516420711,,
,,20.22,20.335,19.835,,0.0,19.893,36406.0,53.40445609015063,54.28231549504075,54.59104280868713,53.24875014065941,58.01120452682175,30139.0,62.94278778915557,30230.0,45.71848827302394,32707.0,58.119482802042704,49.59502949828798,50.89820392284745,8.787406613838607,-7.941135637928642,,
,,16.54,16.545,16.53,,0.0,16.606,96.0,44.58022409053644,44.403041458356775,44.41646438503706,44.37619560499623,53.40445609015063,36406.0,58.01120452682175,30139.0,62.94278778915557,30230.0,51.99862823583632,49.59311193733365,49.9547639333194,8.788681270038701,-16.523400191021963,,
,,14.175,14.175,14.175,,0.0,14.175,53604.0,38.053997138585686,38.053997138585686,38.053997138585686,38.053997138585686,44.58022409053644,96.0,53.40445609015063,36406.0,58.01120452682175,30139.0,45.346225773090964,49.59311193733365,49.52139515764189,8.788681270038701,-14.63928700469712,,
,,14.42,14.545,14.32,,0.0,14.343,43956.0,38.505007475043,38.71172054591927,39.0472937129262,38.44326201231373,38.053997138585686,53604.0,44.58022409053644,96.0,53.40445609015063,36406.0,40.379742901388425,48.745166483331005,49.55111735243393,9.616048876784804,1.1851851851852002,,
,,16.82,17.225,16.82,,0.0,17.188,54963.0,46.14265275612069,45.154725352452296,46.24198241355475,45.154725352452296,38.505007475043,43956.0,38.053997138585686,53604.0,44.58022409053644,96.0,40.90055245658318,48.80576140948769,49.56933418150002,9.59511134641251,19.835459806177226,,
,,23.61,23.77,22.935,,0.0,23.135,54339.0,62.10788174964232,63.383059784268646,63.81259343803752,61.57096468243124,46.14265275612069,54963.0,38.505007475043,43956.0,38.053997138585686,53604.0,48.91851399360204,48.68648911812864,49.51660125525608,9.393156019397425,34.59972073539679,,
,,19.87,20.14,19.655,,0.0,19.682,42708.0,52.83800858424293,53.34271062742135,54.06754866815632,52.76552478016944,62.10788174964232,54339.0,46.14265275612069,54963.0,38.505007475043,43956.0,53.69618103000203,47.94746112633167,48.7775732634591,8.716363345687268,-14.925437648584394,,
,,16.606,16.606,16.606,,0.0,16.606,53604.0,44.58022409053644,44.58022409053644,44.58022409053644,44.58022409053644,52.83800858424293,42708.0,62.10788174964232,54339.0,46.14265275612069,54963.0,53.17537147480727,46.68685655495822,48.1409430266231,8.42897348304006,-15.628493039325253,,
,,14.275,14.375,13.93,,0.0,14.048,51271.0,37.713054800906654,38.32245567219123,38.59091420579677,37.39627373125211,44.58022409053644,53604.0,52.83800858424293,42708.0,62.10788174964232,54339.0,45.04376249189539,45.70583237072539,47.649472154029525,9.088820259869356,-15.404070817776706,,
,,17.125,17.27,17.08,,0.0,17.119,42114.0,45.95741636793287,45.9735238799492,46.36278875367724,45.8527175398267,37.713054800906654,51271.0,44.58022409053644,53604.0,52.83800858424293,42708.0,42.75023175312537,46.83489226063214,48.214002098982895,8.44816746144919,21.860763097949885,,
,,14.335,14.405,14.185,,0.0,14.221,40275.0,38.17748806404424,38.48353079235456,38.67145176587844,38.08084299194624,45.95741636793287,42114.0,37.713054800906654,51271.0,44.58022409053644,53604.0,40.615986410961305,46.788103773346585,47.7666351283388,8.502720579166061,-16.92855891115136,,
,,17.06,17.065,16.875,,0.0,16.912,26852.0,45.40170720336939,45.7990258331056,45.81244875978587,45.30237754593534,38.17748806404424,40275.0,45.95741636793287,42114.0,37.713054800906654,51271.0,43.17887054511555,46.68225440866782,47.74400790907776,8.516695400817449,18.922719921243214,,
,,23.485,23.575,22.4,,0.0,22.639,93554.0,60.77632742295883,63.04748661726172,63.28909929750671,60.13471152764158,45.40170720336939,26852.0,38.17748806404424,40275.0,45.95741636793287,42114.0,48.118507563457534,46.49203236199877,47.58926074006371,8.12038820482231,33.86352885525072,,
,,19.682,19.682,19.682,,0.0,19.682,53604.0,52.83800858424293,52.83800858424293,52.83800858424293,52.83800858424293,60.77632742295883,93554.0,45.40170720336939,26852.0,38.17748806404424,40275.0,53.0053477368571,46.49203236199877,47.219746744165214,8.12038820482231,-13.061530986350988,,
,,16.265,16.575,15.41,,0.0,15.556,70085.0,41.76140948767824,43.66478049094154,44.49700194511872,41.36946002861414,52.83800858424293,53604.0,60.77632742295883,93554.0,45.40170720336939,26852.0,51.791915164960045,46.08934456159045,46.38810055827434,8.298924701852773,-20.963316736104034,,
,,16.53,16.945,16.53,,0.0,16.675,54771.0,44.76546047872426,44.37619560499623,45.49029851945922,44.37619560499623,41.76140948767824,70085.0,52.83800858424293,53604.0,60.77632742295883,93554.0,46.454959516881864,47.09683108699296,46.40133172885918,7.502423413582107,7.193365903831306,,
,,17.11,17.18,16.825,,0.0,16.918,80617.0,45.41781471538573,45.933255099908365,46.12117607343225,45.16814827913257,44.76546047872426,54771.0,41.76140948767824,70085.0,52.83800858424293,53604.0,43.98156156059613,47.01974513662908,46.92731869863061,7.51883608931484,1.457271364317858,,
,,14.24,14.49,14.205,,0.0,14.455,59331.0,38.805681032681214,38.22849518542929,38.89964151944315,38.13453469866735,45.41781471538573,80617.0,44.76546047872426,54771.0,41.76140948767824,70085.0,42.99631874226378,47.10948698929151,46.94879538131905,7.398494673390808,-14.55845844662489,,
,,21.64,21.815,21.045,,0.0,21.125,57501.0,56.711865224170914,58.09442667223946,58.56422910604916,56.497098397286486,38.805681032681214,59331.0,45.41781471538573,80617.0,44.76546047872426,54771.0,46.97845365741267,48.725223849406014,47.703739129036926,8.159261173187458,46.143203043929425,,
,,19.74,20.1,19.645,,0.0,20.033,252.0,53.78029803719839,52.99371453373414,53.960165254714106,52.73867892680888,56.711865224170914,57501.0,38.805681032681214,59331.0,45.41781471538573,80617.0,49.765948098016885,47.72579108001167,47.108911721005214,6.742574607590171,-5.16923076923076,,
,,16.69,16.78,16.47,,0.0,16.74,59737.0,44.93995852556786,44.80572925876509,45.04734193901008,44.215120484832894,53.78029803719839,252.0,56.711865224170914,57501.0,38.805681032681214,59331.0,51.81070726231244,46.597498214486656,46.544765288242715,6.396465895471578,-16.437877502121513,,
,,16.92,16.965,16.555,,0.0,16.561,105831.0,44.45941775041394,45.42318388605784,45.543990226180334,44.44331023839761,44.93995852556786,59737.0,53.78029803719839,252.0,56.711865224170914,57501.0,47.72655810439344,46.982927966306036,46.53613626394825,6.132324150947438,-1.0692951015531582,,
,,14.42,14.47,14.34,,0.0,14.402,75545.0,38.66339800987027,38.71172054591927,38.84594981272205,38.49695371903484,44.45941775041394,105831.0,44.93995852556786,59737.0,53.78029803719839,252.0,42.6875914286174,46.11120475646976,46.60401792173136,6.887313265579185,-13.03665237606425,,
,,17.01,17.125,16.935,,0.0,17.106,66535.0,45.92251675856415,45.664796566302826,45.9735238799492,45.46345266609867,38.66339800987027,75545.0,44.45941775041394,105831.0,44.93995852556786,59737.0,43.01511083961617,46.183305048352395,46.60152509249074,6.881483952803959,18.775170115261773,,
,,23.16,23.46,22.775,,0.0,22.852,63030.0,61.34814409953864,62.174996383043705,62.98037198386034,61.14143102866237,45.92251675856415,66535.0,38.66339800987027,75545.0,44.45941775041394,105831.0,48.6446862893244,49.40365691504631,48.256571952168905,8.031990959809129,33.590553022331335,,
,,21.13,21.635,21.06,,0.0,21.436,45726.0,57.54677126368415,56.72528815085119,58.08100374555918,56.53736717732731,61.34814409953864,63030.0,45.92251675856415,66535.0,38.66339800987027,75545.0,54.93914404059569,49.522929206405344,49.12407652790568,8.163721517785918,-6.196394188692455,,
,,14.045,14.18,13.975,,0.0,14.086,27095.0,37.81506904367676,37.70500104489848,38.06742006526597,37.5170800713746,57.54677126368415,45726.0,61.34814409953864,63030.0,45.92251675856415,66535.0,52.23666146896657,47.24218220733082,47.483986643671244,8.96673710844559,-34.28811345400261,,
,,16.69,16.83,16.465,,0.0,16.482,57469.0,44.247335508865554,44.80572925876509,45.18157120581285,44.201697558152624,37.81506904367676,27095.0,57.54677126368415,45726.0,61.34814409953864,63030.0,46.536391938742206,47.14323606208764,46.87036713828714,9.000135061215099,17.00979696152205,,
,,16.585,16.625,16.345,,0.0,16.474,87660.0,44.22585882617712,44.52384779847928,44.63123121192149,43.87954731782597,44.247335508865554,57469.0,37.81506904367676,27095.0,57.54677126368415,45726.0,42.09608779290652,47.109870501482376,47.046399233894206,9.012167729453074,-0.04853779881081044,,
,,14.375,14.41,14.115,,0.0,14.217,75357.0,38.16674972270002,38.59091420579677,38.68487469255872,37.89292201842236,44.22585882617712,87660.0,44.247335508865554,57469.0,37.81506904367676,27095.0,42.21331468591428,47.038920746172344,46.575062751321056,9.091353747202623,-13.700376350613086,,
,,22.78,22.83,21.96,,0.0,22.593,92943.0,60.65283649750028,61.15485395534265,61.289083222145415,58.9534939797772,38.16674972270002,75357.0,44.22585882617712,87660.0,44.247335508865554,57469.0,47.681815015459186,49.143252137448926,47.66327859290067,10.40040982951453,58.915382992192434,,
,,22.93,23.355,22.705,,0.0,22.815,65424.0,61.24881444210459,61.55754175575096,62.69849052357451,60.95351005513848,60.65283649750028,92943.0,38.16674972270002,75357.0,44.22585882617712,87660.0,53.35613355410167,49.129062186386925,49.266359550716615,10.38103229576114,0.982605231708944,,
,,21.415,22.41,21.355,,0.0,21.781,62564.0,58.47295320462327,57.49039497162698,60.16155738100213,57.32931985146366,61.24881444210459,65424.0,60.65283649750028,92943.0,38.16674972270002,75357.0,60.12486804807609,49.26137389223537,49.39215154932036,10.511286931135414,-4.532106070567609,,
,,19.475,19.74,19.28,,0.0,19.604,33205.0,52.62861092803061,52.28229941967946,52.99371453373414,51.75880527914865,58.47295320462327,62564.0,61.24881444210459,65424.0,60.65283649750028,92943.0,57.45012619158621,51.377594161428775,49.3098881843798,9.236653350166293,-9.99494972682613,,
,,17.13,17.23,16.83,,0.0,16.977,44786.0,45.576205250213,45.98694680662948,46.25540534023502,45.18157120581285,52.62861092803061,33205.0,58.47295320462327,62564.0,61.24881444210459,65424.0,52.225923127622345,51.56743269590698,49.35533437899731,9.077975589573409,-13.400326463986945,,
,,15.74,16.18,15.685,,0.0,15.869,83152.0,42.60168469786358,42.25537318951243,43.43659073737682,42.107720996029386,45.576205250213,44786.0,52.62861092803061,33205.0,58.47295320462327,62564.0,46.935500292035776,51.33540782043362,49.222639160957996,9.314566784604942,-6.52647699829182,,
,,14.86,14.9,14.765,,0.0,14.855,48523.0,39.87951516710338,39.892938093783656,40.00032150722588,39.6379024868584,42.60168469786358,83152.0,45.576205250213,44786.0,52.62861092803061,33205.0,42.68580170506004,51.58008859820553,49.309504672188936,8.925354950156862,-6.389816623605771,,
,,16.88,16.89,16.825,,0.0,16.912,23.0,45.40170720336939,45.31580047261562,45.342646325976176,45.16814827913257,39.87951516710338,48523.0,42.60168469786358,83152.0,45.576205250213,44786.0,42.6276356894455,49.40135584190112,49.27230398967503,8.171100223448905,13.847189498485356,,
,,22.195,22.43,22.16,,0.0,22.328,31480.0,59.94142138344559,59.58437153375022,60.21524908772325,59.49041104698828,45.40170720336939,23.0,39.87951516710338,48523.0,42.60168469786358,83152.0,48.40754791797283,49.21458540494983,49.17182379566838,7.8643477917070514,32.02459791863765,,
,,23.52,24.39,23.49,,0.0,23.99,71896.0,64.40320221196971,63.14144710402366,65.47703634639188,63.060909543942,59.94142138344559,31480.0,45.40170720336939,23.0,39.87951516710338,48523.0,56.582110266261616,50.061763834570755,49.661568863403055,9.228944723790812,7.443568613400231,,
,,13.9,13.965,13.62,,0.0,13.695,42343.0,36.76539617727909,37.31573617117045,37.49023421801405,36.56405227707493,64.40320221196971,71896.0,59.94142138344559,31480.0,45.40170720336939,23.0,53.70333992423151,47.795590298749104,49.58659223008895,10.370602808774562,-42.91371404751979,,
,,16.965,17.29,16.805,,0.0,17.221,61674.0,46.23124407221052,45.543990226180334,46.41648046039835,45.11445657241146,36.76539617727909,42343.0,64.40320221196971,71896.0,59.94142138344559,31480.0,49.13328082048648,47.88916727332018,49.72829998461359,10.350174139242037,25.74662285505658,,
,,16.1,16.15,15.855,,0.0,15.934,69149.0,42.77618274470719,43.22182391049239,43.35605317729515,42.564100503158805,46.23124407221052,61674.0,36.76539617727909,42343.0,64.40320221196971,71896.0,41.92427433139898,47.914095565726406,49.62475169308002,10.335516574265899,-7.473433598513434,,
,,14.83,14.85,14.56,,0.0,14.637,63952.0,39.29427556384329,39.812400533702,39.8660922404231,39.08756249296703,42.77618274470719,69149.0,46.23124407221052,61674.0,36.76539617727909,42343.0,42.767234126920386,47.830489908117826,49.70528925316167,10.413415245750617,-8.139826785490168,,
,,24.14,24.01,23.94,,0.0,24.047,54519.0,64.55622357612488,64.80589001237803,64.45689391869082,64.26897294516694,39.29427556384329,63952.0,42.77618274470719,69149.0,46.23124407221052,61674.0,48.875560628225166,50.56684938994004,49.98410261592058,12.05593105275366,64.28913028626089,,
,,22.35,22.355,21.67,,0.0,21.924,51383.0,58.8568489076792,60.000482260838815,60.013905187519086,58.17496423232112,64.55622357612488,54519.0,39.29427556384329,63952.0,42.77618274470719,69149.0,54.23578268254917,50.41191046483056,49.813247934890185,11.921593089443473,-8.828544101135282,,
,,23.965,24.275,23.605,,0.0,24.136,50367.0,64.7951516710338,64.33608757856832,65.16830903274551,63.36963685758837,58.8568489076792,51383.0,64.55622357612488,54519.0,39.29427556384329,63952.0,62.73607471827935,50.46790324469685,50.264833539633806,11.998928613589333,10.089399744572148,,
,,16.563,16.563,16.563,,0.0,16.563,53604.0,44.464786921086045,44.464786921086045,44.464786921086045,44.464786921086045,64.7951516710338,50367.0,58.8568489076792,51383.0,64.55622357612488,54519.0,56.03892916659973,51.56781620809785,49.68170325342347,10.829402670637341,-31.376367252237337,,
,,13.655,13.81,13.635,,0.0,13.77,36096.0,36.96674007748325,36.65801276383687,37.07412349092546,36.60432105711576,44.464786921086045,53604.0,64.7951516710338,50367.0,58.8568489076792,51383.0,48.74222622320108,50.244315637422524,49.06674145537136,12.083781271489979,-16.862887158123495,,
,,16.855,17.0,15.925,,0.0,15.958,100979.0,42.84061279277252,45.24868583921423,45.63795071294227,42.752021476682685,36.96674007748325,36096.0,44.464786921086045,53604.0,64.7951516710338,50367.0,41.424046597113986,50.253519930003286,49.08380774786485,12.07716738849857,15.889615105301358,,
,,15.92,16.12,15.915,,0.0,16.063,56984.0,43.122494253058335,42.73859855000241,43.27551561721349,42.72517562332213,42.84061279277252,100979.0,36.96674007748325,36096.0,44.464786921086045,53604.0,40.976615707771415,50.80040831417686,49.31544911114735,11.574402177317204,0.6579771901240594,,
,,23.965,24.7,23.94,,0.0,24.644,59608.0,66.15892102174996,64.33608757856832,66.30925780056906,64.26897294516694,43.122494253058335,56984.0,42.84061279277252,100979.0,36.96674007748325,36096.0,50.70734268919366,51.02936509212331,50.79810724103167,11.903047405310263,53.420905185830804,,
,,21.945,22.13,21.41,,0.0,21.545,63186.0,57.8393910653142,58.91322519973637,59.40987348690662,57.47697204494671,66.15892102174996,59608.0,43.122494253058335,56984.0,42.84061279277252,100979.0,55.70693544670755,50.88401397178544,50.647962218308,11.797275726722118,-12.575068982308046,,
,,24.18,24.18,23.155,,0.0,23.305,60326.0,62.56426125677174,64.91327342582025,64.91327342582025,62.16157345636344,57.8393910653142,63186.0,66.15892102174996,59608.0,43.122494253058335,56984.0,62.18752444794535,50.565315341176586,50.51660929293672,11.38164992626844,8.168948711998114,,
,,19.655,20.29,19.445,,0.0,20.101,35598.0,53.96284984005015,52.76552478016944,54.47023646856463,52.2017618595978,62.56426125677174,60326.0,57.8393910653142,63186.0,66.15892102174996,59608.0,58.122167387378745,51.92218147245717,51.7449988402775,11.095726835467998,-13.748122720446265,,
,,16.205,16.665,15.54,,0.0,15.752,70815.0,42.28758821354511,43.5037053707782,44.7386146253637,41.71845612230135,53.96284984005015,35598.0,62.56426125677174,60326.0,57.8393910653142,63186.0,52.93823310345571,52.682302634751714,51.46330913608712,10.031671468575134,-21.63573951544695,,
,,13.745,14.31,13.745,,0.0,14.248,51943.0,38.24997186811773,36.899625444081856,38.41641615895317,36.899625444081856,42.28758821354511,70815.0,53.96284984005015,35598.0,62.56426125677174,60326.0,44.83346997390438,52.02649678837246,51.14000835918787,10.89517735801291,-9.547993905535845,,
,,15.99,16.33,15.975,,0.0,16.215,55025.0,43.53055122413876,42.92651952352629,43.839278537785134,42.886250743485455,38.24997186811773,51943.0,42.28758821354511,70815.0,53.96284984005015,35598.0,41.356037101933914,52.084790641383954,51.442599477780405,10.840551805172653,13.805446378439079,,
,,17.005,17.14,16.955,,0.0,17.113,47667.0,45.94130885591654,45.65137363962255,46.01379265999003,45.51714437281977,43.53055122413876,55025.0,38.24997186811773,51943.0,42.28758821354511,70815.0,42.573943982724394,49.19656033197918,50.112962712051235,9.003457510751716,5.53808202281838,,
,,24.645,25.64,24.575,,0.0,25.052,94852.0,67.25423183886058,66.16160560708602,68.83276801646117,65.97368463356213,45.94130885591654,47667.0,43.53055122413876,55025.0,38.24997186811773,51943.0,52.24203063963868,50.541537585342944,50.7127757785642,10.993116887158404,46.39163209256121,,
,,22.07,22.56,21.93,,0.0,22.485,54317.0,60.36290128120629,59.248798366743294,60.56424518141045,58.872956419695534,67.25423183886058,94852.0,45.94130885591654,47667.0,43.53055122413876,55025.0,57.852813991994516,50.227057588833596,50.39618646500509,10.616910489543086,-10.246686891266165,,
,,23.27,23.445,22.735,,0.0,23.328,49861.0,62.62600671950102,62.47030077000981,62.940103203819504,61.03404761522015,60.36290128120629,54317.0,67.25423183886058,94852.0,45.94130885591654,47667.0,63.41437994652267,51.46465142875515,51.69341645060616,11.585688414808496,3.7491661107404983,,
,,19.975,20.23,19.675,,0.0,19.84,40510.0,53.26217306733969,53.62459208770718,54.3091613484013,52.81921648689054,62.62600671950102,49861.0,60.36290128120629,54317.0,67.25423183886058,94852.0,58.75036035601571,53.032449265011515,52.85737594988162,10.856455227711262,-14.951989026063096,,
,,15.755,16.06,15.615,,0.0,15.928,45134.0,42.76007523269086,42.29564196955327,43.11444049705017,41.91980002250551,53.26217306733969,40510.0,62.62600671950102,49861.0,60.36290128120629,54317.0,52.88275167317724,53.67674974566482,52.85162326701864,9.92698249866179,-19.71774193548387,,
,,14.195,14.225,13.665,,0.0,13.703,46265.0,36.78687285996752,38.1076888453068,38.188226405388455,36.68485861719742,42.76007523269086,45134.0,53.26217306733969,40510.0,62.62600671950102,49861.0,44.26970705333273,52.713367122211785,52.39907888179787,11.307046058350961,-13.96911099949778,,
,,14.655,14.775,14.62,,0.0,14.759,40172.0,39.62179497484206,39.34259809989229,39.66474834021895,39.24863761313036,36.78687285996752,46265.0,42.76007523269086,45134.0,53.26217306733969,40510.0,39.722914355833524,51.81057942491543,50.5035698784473,12.158118358645394,7.70634167700508,,
,,17.105,17.17,17.015,,0.0,17.072,43506.0,45.83124085713826,45.91983217322809,46.0943302200717,45.678219492983104,39.62179497484206,40172.0,36.78687285996752,46265.0,42.76007523269086,45134.0,40.74663623064932,48.75015214181224,49.64584486357759,10.153830442056474,15.671793481943208,,
,,25.5,26.305,25.335,,0.0,26.181,93565.0,70.28512868326716,68.45692606941341,70.61801726493803,68.01396948896426,45.83124085713826,43506.0,39.62179497484206,40172.0,36.78687285996752,46265.0,51.91272150508254,50.16761319924951,50.19733539404155,12.472880828670226,53.35637300843488,,
,,22.53,22.69,22.355,,0.0,22.533,38416.0,60.49176137733696,60.48370762132879,60.91324127509765,60.013905187519086,70.28512868326716,93565.0,45.83124085713826,43506.0,39.62179497484206,40172.0,58.869376972580845,49.86272100751179,50.66368621813347,12.139208436267158,-13.933768763607201,,
,,19.735,20.265,19.425,,0.0,20.059,41146.0,53.85009725593583,52.98029160705386,54.40312183516325,52.14807015287669,60.49176137733696,38416.0,70.28512868326716,93565.0,45.83124085713826,43506.0,61.54232910551337,49.94671017731123,51.48957972116137,12.16864690183863,-10.979452358762698,,
,,15.755,16.23,15.74,,0.0,15.934,32694.0,42.77618274470719,42.29564196955327,43.57082000417959,42.25537318951243,53.85009725593583,41146.0,60.49176137733696,38416.0,70.28512868326716,93565.0,52.37268045932671,49.94901125045643,51.81288049806062,12.167062842634387,-20.564335211127172,,
,,13.71,14.195,13.685,,0.0,14.096,43299.0,37.84191489703731,36.80566495731992,38.1076888453068,36.73855032391853,42.77618274470719,32694.0,53.85009725593583,41146.0,60.49176137733696,38416.0,44.822731632560156,50.09973154146639,51.40654933183909,11.981968314634452,-11.535082214133308,,
,,16.085,16.215,16.05,,0.0,16.205,45370.0,43.5037053707782,43.18155513045156,43.53055122413876,43.08759464368961,37.84191489703731,43299.0,42.77618274470719,32694.0,53.85009725593583,41146.0,41.37393433750762,50.654290169457276,51.23243479718635,11.496180871666834,14.961691259931875,,
,,14.735,14.79,14.68,,0.0,14.701,44392.0,39.46608902535085,39.55736492677673,39.705017120259775,39.40971273329368,43.5037053707782,45370.0,37.84191489703731,43299.0,42.77618274470719,32694.0,40.27056976438883,49.74498276491621,49.247567453364226,12.173052262304095,-9.28108608454179,,
,,17.06,17.125,16.935,,0.0,17.049,45580.0,45.76949539440899,45.7990258331056,45.9735238799492,45.46345266609867,39.46608902535085,44392.0,43.5037053707782,45370.0,37.84191489703731,43299.0,42.91309659684606,46.242749437936475,48.205181318592984,8.135791764730907,15.971702605264948,,
,,26.255,26.35,25.865,,0.0,26.033,68739.0,69.88781005353096,70.48378799813526,70.73882360506052,69.43679971707364,45.76949539440899,45580.0,39.46608902535085,44392.0,43.5037053707782,45370.0,51.70779815776365,47.58504210596419,48.723881556737986,11.109972613631511,52.695172737403965,,
,,19.71,19.905,19.1,,0.0,19.186,46827.0,51.50645425755943,52.91317697365248,53.43667111418329,51.27557991865868,69.88781005353096,68739.0,45.76949539440899,45580.0,39.46608902535085,44392.0,55.72125323516651,47.25023596333899,48.59847307032511,10.923452140634303,-26.301233050359173,,
,,15.875,16.11,15.83,,0.0,16.03,20764.0,43.03390293696851,42.61779220987992,43.24866976385294,42.496985869757424,51.50645425755943,46827.0,69.88781005353096,68739.0,45.76949539440899,45580.0,54.809389082686344,47.287053133662035,48.618032192059225,10.906280021699024,-16.449494423016773,,
,,16.12,16.265,15.955,,0.0,16.089,36896.0,43.19229347179578,43.27551561721349,43.66478049094154,42.83255903676435,43.03390293696851,20764.0,51.50645425755943,46827.0,69.88781005353096,68739.0,45.910883555441295,48.0513929300561,49.07556223576125,10.304922582430388,0.36805988771053677,,
,,16.18,16.26,16.095,,0.0,16.153,50479.0,43.364106933303326,43.43659073737682,43.65135756426126,43.208400983812105,43.19229347179578,36896.0,43.03390293696851,20764.0,51.50645425755943,46827.0,43.19676778068925,48.03145029613112,49.3428702327942,10.315320163857503,0.397787308098696,,
,,14.705,14.9,14.615,,0.0,14.818,68396.0,39.78018550966932,39.47682736669507,40.00032150722588,39.23521468645008,43.364106933303326,50479.0,43.19229347179578,36896.0,43.03390293696851,20764.0,42.11219530492286,48.07632122246234,48.91065199368927,10.27244569689893,-8.264718628118628,,
,,16.985,17.075,16.975,,0.0,17.058,987.0,45.79365666243349,45.59768193290144,45.83929461314643,45.57083607954089,39.78018550966932,68396.0,43.364106933303326,50479.0,43.19229347179578,36896.0,42.979316368468766,48.07977283218012,47.16126113505829,10.271545423091522,15.116749898771786,,
,,23.415,23.625,23.03,,0.0,23.199,32263.0,62.27969521114987,62.85956564373784,63.42332856430948,61.82600028935651,45.79365666243349,987.0,39.78018550966932,68396.0,43.364106933303326,50479.0,49.28451246108427,46.992899283268535,47.28897069461636,7.646416607508281,36.00070348223707,,
,,19.205,19.52,19.13,,0.0,19.453,33727.0,52.22323854228623,51.55746137894449,52.40310575980195,51.35611747874034,62.27969521114987,32263.0,45.79365666243349,987.0,39.78018550966932,68396.0,53.43219680528991,47.0952970382295,47.17276650078425,7.721366402936714,-16.1472477261951,,
,,16.015,16.165,15.675,,0.0,16.117,56957.0,43.26746186120533,42.99363415692768,43.39632195733599,42.08087514266883,52.22323854228623,33727.0,62.27969521114987,32263.0,45.79365666243349,987.0,52.590131871547186,47.12866259883476,47.2078578662484,7.7013700300949015,-17.149025857194268,,
,,16.17,16.32,16.15,,0.0,16.275,54201.0,43.69162634430209,43.40974488401627,43.812432684424586,43.35605317729515,43.26746186120533,56957.0,52.22323854228623,33727.0,62.27969521114987,32263.0,46.39410891593127,47.19999586633566,47.62569439819588,7.6610399566895575,0.9803313271700809,,
,,14.68,14.915,14.62,,0.0,14.869,74024.0,39.91709936180816,39.40971273329368,40.0405902872667,39.24863761313036,43.69162634430209,54201.0,43.26746186120533,56957.0,52.22323854228623,33727.0,42.29206252243858,46.70756621326493,47.369508254698026,8.049620365318466,-8.639016897081397,,
,,17.18,17.18,17.18,,0.0,17.128,1.0,45.98157763595737,46.12117607343225,46.12117607343225,46.12117607343225,39.91709936180816,74024.0,43.69162634430209,54201.0,43.26746186120533,56957.0,43.19676778068925,47.593479374163216,47.83490029831278,7.481342228679756,15.192682762795062,,
,,22.39,22.435,22.19,,0.0,22.291,34183.0,59.842091726011546,60.10786567428103,60.22867201440352,59.57094860706994,45.98157763595737,1.0,39.91709936180816,74024.0,43.69162634430209,54201.0,48.58025624125907,49.60039866896009,48.840085750570104,8.702662012445392,30.143624474544595,,
,,23.18,24.49,23.05,,0.0,24.271,69726.0,65.15757069140129,62.228688089764816,65.74549487999742,61.87969199607761,59.842091726011546,34183.0,45.98157763595737,1.0,39.91709936180816,74024.0,56.99374668445679,50.01152373756742,48.50221151041798,9.438359942224606,8.882508635772268,,
,,14.11,14.33,14.045,,0.0,14.315,36542.0,38.429839085633446,37.87949909174208,38.47010786567428,37.70500104489848,65.15757069140129,69726.0,59.842091726011546,34183.0,45.98157763595737,1.0,54.47650050101547,48.04103810090275,47.56816756956613,10.300160774499732,-41.02014750113304,,
,,16.15,16.24,15.95,,0.0,15.979,43705.0,42.89698908482968,43.35605317729515,43.59766585754014,42.81913611008408,38.429839085633446,36542.0,65.15757069140129,69726.0,59.842091726011546,34183.0,48.82813295395485,47.98811341856337,47.55838800869907,10.329685981777722,11.62417045057631,,
,,16.235,16.305,16.14,,0.0,16.239,44061.0,43.594981272204095,43.584242930859865,43.77216390438375,43.32920732393461,42.89698908482968,43705.0,38.429839085633446,36542.0,65.15757069140129,69726.0,41.64060314755579,47.97430697969223,47.58715142301395,10.336448047601682,1.6271356154953454,,
,,14.84,14.86,14.665,,0.0,14.702,51281.0,39.468773610686895,39.83924638706255,39.892938093783656,39.36944395325285,43.594981272204095,44061.0,42.89698908482968,43705.0,38.429839085633446,36542.0,41.986914655906936,47.91026044381776,47.308913328541344,10.395910566394871,-9.464868526387104,,
,,26.11,27.635,25.12,,0.0,26.379,131716.0,70.81667657980614,70.09452312440722,74.18851576189175,67.43678364171235,39.468773610686895,51281.0,43.594981272204095,44061.0,42.89698908482968,43705.0,51.29347715423243,51.45813172151044,49.52580554783684,13.424617236176486,79.42456808597476,,
,,22.29,22.805,22.185,,0.0,22.529,44862.0,60.48102303599273,59.83940714067548,61.22196858874403,59.55752568038967,70.81667657980614,131716.0,39.468773610686895,51281.0,43.594981272204095,44061.0,56.92215774216197,51.54940762293632,50.574903145948205,13.493118930969336,-14.594942947041234,,
,,24.395,24.525,24.055,,0.0,24.194,35816.0,64.95085762052501,65.49045927307216,65.83945536675937,64.57770025881331,60.48102303599273,44862.0,70.81667657980614,131716.0,39.468773610686895,51281.0,65.41618574544134,51.519877184239704,50.765700460903574,13.458554940532355,7.390474499533939,,
,,15.688,15.688,15.688,,0.0,15.688,53604.0,42.11577475203755,42.11577475203755,42.11577475203755,42.11577475203755,64.95085762052501,35816.0,60.48102303599273,44862.0,70.81667657980614,131716.0,55.84921846951848,52.04643942229744,50.04373876160009,12.92248284401077,-35.1574770604282,,
,,14.24,14.4,14.215,,0.0,14.314,30262.0,38.4271545002974,38.22849518542929,38.65802883919817,38.16138055202791,42.11577475203755,53604.0,64.95085762052501,35816.0,60.48102303599273,44862.0,48.497928957620026,51.407891624507116,49.69800252153524,13.545366085866808,-8.758286588475261,,
,,15.855,15.9,15.735,,0.0,15.759,24960.0,42.30638031089749,42.564100503158805,42.6849068432813,42.24195026283216,38.4271545002974,30262.0,42.11577475203755,53604.0,64.95085762052501,35816.0,40.94976985441086,51.22380577289188,49.59905637629206,13.677355867845888,10.09501187648456,,
,,16.18,16.485,16.165,,0.0,16.444,50574.0,44.14532126609545,43.43659073737682,44.25538926487373,43.39632195733599,42.30638031089749,24960.0,38.4271545002974,30262.0,42.11577475203755,53604.0,41.626285359096826,51.89188400937883,49.90107222659829,13.109921454647758,4.346722507773326,,
,,26.42,26.815,25.225,,0.0,25.535,105634.0,68.55088655617536,70.9267445785844,71.9871557863263,67.71866510199817,44.14532126609545,50574.0,42.30638031089749,24960.0,38.4271545002974,30262.0,51.667529377722815,51.56819972028871,51.51316572089957,12.582139687334896,55.28460228654832,,
,,22.525,22.86,22.44,,0.0,22.819,34490.0,61.2595527834488,60.470284694648505,61.36962078222708,60.2420949410838,68.55088655617536,105634.0,44.14532126609545,50574.0,42.30638031089749,24960.0,57.98525353523991,51.679418255639575,51.61441293928795,12.677136588292019,-10.636381437243026,,
,,24.195,24.315,23.55,,0.0,23.622,44837.0,63.41527480830131,64.95354220586108,65.27569244618773,63.22198466410532,61.2595527834488,34490.0,68.55088655617536,105634.0,44.14532126609545,50574.0,64.40857138264187,51.460049282464766,51.48996323335224,12.419884053762026,3.518997326789086,,
,,19.42,19.52,19.265,,0.0,19.413,16547.0,52.11585512884402,52.134647226196414,52.40310575980195,51.71853649910782,63.41527480830131,44837.0,61.2595527834488,34490.0,68.55088655617536,105634.0,58.930227573531425,52.88863219343712,52.46753580786727,11.721417649804234,-17.818135636271272,,
,,15.675,15.895,15.56,,0.0,15.767,22179.0,42.32785699358593,42.08087514266883,42.67148391660103,41.77214782902246,52.11585512884402,16547.0,63.41527480830131,44837.0,61.2595527834488,34490.0,52.619662310243804,53.44587540676405,52.42688351563559,10.989174871116541,-18.781229073301386,,
,,14.26,14.345,14.2,,0.0,14.287,21764.0,38.3546706962239,38.2821868921504,38.51037664571511,38.121111771987074,42.32785699358593,22179.0,52.11585512884402,16547.0,63.41527480830131,44837.0,44.26612760621799,52.88134546181068,52.05257561735128,11.733122888509731,-9.386693727405337,,
,,15.855,15.9,15.735,,0.0,15.759,24960.0,42.30638031089749,42.564100503158805,42.6849068432813,42.24195026283216,38.3546706962239,21764.0,42.32785699358593,22179.0,52.11585512884402,16547.0,40.99630266690249,52.61863961106811,52.25526181022347,11.97932736667653,10.303072723454898,,
,,17.23,17.52,17.23,,0.0,17.499,62712.0,46.977558795633925,46.25540534023502,47.0339350876911,46.25540534023502,42.30638031089749,24960.0,38.3546706962239,21764.0,42.32785699358593,22179.0,42.54620326758515,49.53673564527649,50.55246768278259,9.768350940783836,11.041309727774596,,
,,25.315,25.96,25.185,,0.0,25.921,64584.0,69.58713649589274,67.96027778224317,69.6918353239989,67.61128168855595,46.977558795633925,62712.0,42.30638031089749,24960.0,38.3546706962239,21764.0,52.9570252008081,50.7263904613399,51.20290435848974,11.741743646491647,48.12846448368477,,
,,22.815,22.965,22.68,,0.0,22.94,33033.0,61.58438760911152,61.24881444210459,61.651502242512905,60.8863954217371,69.58713649589274,64584.0,46.977558795633925,62712.0,42.30638031089749,24960.0,59.38302763354611,50.464835147169936,50.96244221481735,11.428186652406279,-11.500327919447528,,
,,23.74,24.095,23.685,,0.0,23.92,30393.0,64.21528123844584,63.73205587795586,64.68508367225553,63.58440368447281,61.58438760911152,33033.0,69.58713649589274,64584.0,46.977558795633925,62712.0,65.12893511448341,52.19332459139876,52.540978392417934,12.576803193385748,4.2720139494333065,,
,,19.43,19.575,19.31,,0.0,19.484,10139.0,52.30646068770396,52.16149307955696,52.550757953285,51.83934283923031,64.21528123844584,30393.0,61.58438760911152,33033.0,69.58713649589274,64584.0,59.36870984508715,53.6188394048442,53.53235740580412,11.8146559609966,-18.545150501672236,,
,,15.775,15.865,15.68,,0.0,15.71,10231.0,42.17483562943077,42.34933367627438,42.59094635651936,42.09429806934911,52.30646068770396,10139.0,64.21528123844584,30393.0,61.58438760911152,33033.0,52.898859185193565,54.16457725244517,53.52296135712793,11.055934607852018,-19.369739273249863,,
,,14.3,14.4,14.265,,0.0,14.379,13175.0,38.601652547141,38.38957030559261,38.65802883919817,38.29560981883068,42.17483562943077,10231.0,52.30646068770396,10139.0,64.21528123844584,30393.0,44.36098295475862,53.6353304290514,53.12698502005975,11.782962386404424,-8.472310630171842,,
,,14.735,14.875,14.715,,0.0,14.82,29639.0,39.78555468034144,39.55736492677673,39.93320687382449,39.50367322005562,38.601652547141,13175.0,42.17483562943077,10231.0,52.30646068770396,10139.0,40.18734761897111,52.60790126972389,51.072318457500195,12.735320346849603,3.0669726684748433,,
,,17.52,17.52,17.515,,0.0,17.757,3.0,47.67018181233624,47.0339350876911,47.0339350876911,47.02051216101082,39.78555468034144,29639.0,38.601652547141,13175.0,42.17483562943077,10231.0,42.0191296799396,49.47690774350154,50.101649102420716,10.332756226090353,19.81781376518219,,
,,25.74,26.08,25.535,,0.0,25.908,34881.0,69.55223688652403,69.10122655006671,70.01398556432555,68.55088655617536,47.67018181233624,3.0,39.78555468034144,29639.0,38.601652547141,13175.0,52.33599112640061,50.61517192598904,50.54000353657948,12.16520558414759,45.90302415948639,,
,,19.484,19.484,19.484,,0.0,19.484,53604.0,52.30646068770396,52.30646068770396,52.30646068770396,52.30646068770396,69.55223688652403,34881.0,47.67018181233624,3.0,39.78555468034144,29639.0,56.50962646218812,48.913911847311624,50.5536182193552,10.6894873965427,-24.795429983016824,,
,,15.71,15.71,15.71,,0.0,15.71,53604.0,42.17483562943077,42.17483562943077,42.17483562943077,42.17483562943077,52.30646068770396,53604.0,69.55223688652403,34881.0,47.67018181233624,3.0,54.67784440121963,47.46653683898688,50.54268812191554,10.83845272273653,-19.369739273249863,,
,,14.379,14.379,14.379,,0.0,14.379,53604.0,38.601652547141,38.601652547141,38.601652547141,38.601652547141,42.17483562943077,53604.0,52.30646068770396,53604.0,69.55223688652403,34881.0,44.36098295475862,46.95608211294549,50.56032968269534,11.207084576011143,-8.472310630171842,,
,,19.48,20.03,19.415,,0.0,19.916,18053.0,53.4662015528799,52.29572234635973,53.77224428119023,52.12122429951613,38.601652547141,53604.0,42.17483562943077,53604.0,52.30646068770396,53604.0,44.7475632431506,49.07958911376533,51.35745977140836,10.759589955304294,38.507545726406555,,
,,15.78,16.305,15.765,,0.0,16.147,16027.0,43.347999421286985,42.36275660295465,43.77216390438375,42.32248782291382,53.4662015528799,18053.0,38.601652547141,53604.0,42.17483562943077,53604.0,45.138617840436005,49.58850979104327,51.09820553038359,10.322077460477926,-18.9244828278771,,
,,16.445,16.64,16.365,,0.0,16.604,41172.0,44.57485491986432,44.14800585143151,44.67149999196232,43.93323902454708,43.347999421286985,16027.0,53.4662015528799,18053.0,38.601652547141,53604.0,47.12968529801045,49.14632023497585,49.311613989238694,10.482999970663444,2.8302471047253475,,
,,14.875,15.25,14.78,,0.0,15.123,73071.0,40.59898403716623,39.93320687382449,40.93992637484527,39.67817126689922,44.57485491986432,41172.0,43.347999421286985,16027.0,53.4662015528799,18053.0,42.84061279277256,45.01014125649617,47.8126565912426,5.719257180845401,-8.919537460852812,,
,,17.83,18.135,17.81,,0.0,17.99,86611.0,48.29569019563714,47.86615654186827,48.68495506936519,47.81246483514717,40.59898403716623,73071.0,44.57485491986432,41172.0,43.347999421286985,16027.0,44.48984305088928,44.43717404334377,46.675542945327706,5.025268331173076,18.957878727765642,,
,,19.8,20.105,19.75,,0.0,20.049,21243.0,53.82325140257527,53.15478965389747,53.973588181394376,53.0205603870947,48.29569019563714,86611.0,40.59898403716623,73071.0,44.57485491986432,41172.0,47.57264187845959,46.10123343950727,46.78388513924708,5.98771726367736,11.44524735964425,,
,,15.805,16.105,15.755,,0.0,15.989,30646.0,42.92383493819023,42.42987123635604,43.23524683717266,42.29564196955327,53.82325140257527,21243.0,48.29569019563714,86611.0,40.59898403716623,73071.0,48.34759217880093,46.71868806680002,46.83738508987275,5.264661184668168,-20.250386552945287,,
,,16.61,16.785,16.555,,0.0,16.756,55208.0,44.98291189094475,44.590962431880655,45.06076486569035,44.44331023839761,42.92383493819023,30646.0,53.82325140257527,21243.0,48.29569019563714,86611.0,47.24333274390346,45.50678954366642,47.293189328715876,4.349387673595211,4.797047970479706,,
,,15.115,15.335,15.005,,0.0,15.31,75751.0,41.1010014950086,40.57750735447779,41.16811612840999,40.282202967511694,44.98291189094475,55208.0,42.92383493819023,30646.0,53.82325140257527,21243.0,43.00258277471457,45.18578983991237,47.38714981547782,4.610356939903048,-8.629744569109565,,
,,17.995,18.05,17.815,,0.0,17.943,68954.0,48.16951468484255,48.30911312231742,48.45676531580047,47.825887761827445,41.1010014950086,75751.0,44.98291189094475,55208.0,42.92383493819023,30646.0,44.75114269026534,45.69931266348068,47.422816449228264,4.729619070660169,17.19790986283476,,
,,22.9,23.15,22.655,,0.0,22.989,37238.0,61.71593229057823,61.477004195669295,62.14815052968315,60.81928078833572,48.16951468484255,68954.0,41.1010014950086,75751.0,44.98291189094475,55208.0,50.328816156809836,48.71601955682525,46.86308040666071,7.083206526020685,28.122387560608587,,
,,24.05,24.495,23.975,,0.0,24.217,44215.0,65.01260308325429,64.56427733213303,65.7589178066777,64.36293343192888,61.71593229057823,37238.0,48.16951468484255,68954.0,41.1010014950086,75751.0,58.299350019558396,51.104149969342,47.770662006342874,9.367591988101534,5.341685153769182,,
,,14.365,14.425,13.85,,0.0,13.884,34318.0,37.27278280579356,38.564068352436216,38.72514347259955,37.18150690436767,65.01260308325429,44215.0,61.71593229057823,37238.0,48.16951468484255,68954.0,54.6671060598754,48.73979731265889,47.420515376083074,10.577434617664352,-42.668373456662664,,
,,16.01,16.14,15.865,,0.0,16.038,33187.0,43.05537961965696,42.9802112302474,43.32920732393461,42.59094635651936,37.27278280579356,34318.0,65.01260308325429,44215.0,61.71593229057823,37238.0,48.446921836234985,48.758589410011275,47.73863873840564,10.565489834934324,15.514261019879028,,
,,16.745,16.93,16.71,,0.0,16.923,61080.0,45.431237642066,44.95338145224814,45.45002973941839,44.8594209654862,43.05537961965696,33187.0,37.27278280579356,34318.0,65.01260308325429,44215.0,41.91980002250555,48.822635945885736,47.16471274477608,10.540115970748495,5.518144407033265,,
,,15.295,15.46,15.285,,0.0,15.436,57378.0,41.43925924735158,41.06073271496776,41.50368929541692,41.03388686160721,45.431237642066,61080.0,43.05537961965696,33187.0,37.27278280579356,34318.0,43.30862550302488,48.870958481934736,47.02837416092355,10.49951217492205,-8.786858122082375,,
,,26.13,26.98,26.0,,0.0,26.539,79943.0,71.246210233575,70.14821483112833,72.43011236677545,69.79921873744112,41.43925924735158,57378.0,45.431237642066,61080.0,43.05537961965696,33187.0,52.70556904099757,52.1676292746108,48.93347096904574,13.450663768068836,71.92925628401142,,
,,23.105,23.48,23.005,,0.0,23.121,41202.0,62.07029755493755,62.02734418956066,63.03406369058144,61.75888565595512,71.246210233575,79943.0,41.43925924735158,57378.0,45.431237642066,61080.0,58.25192234528808,52.21825288380499,50.467136220315126,13.493189295262013,-12.879158973586048,,
,,24.24,24.275,23.645,,0.0,23.84,33226.0,64.0005144115614,65.07434854598357,65.16830903274551,63.47702027103059,62.07029755493755,41202.0,71.246210233575,79943.0,41.43925924735158,57378.0,65.77234073335802,52.073668787848874,51.588909378595424,13.337771564891169,3.1097270879287153,,
,,15.779,15.779,15.779,,0.0,15.779,53604.0,42.36007201761859,42.36007201761859,42.36007201761859,42.36007201761859,64.0005144115614,33226.0,62.07029755493755,41202.0,71.246210233575,79943.0,56.14362799470589,52.80042438953815,50.77011085109852,12.50977899040078,-33.812919463087255,,
,,13.925,13.985,13.925,,0.0,13.928,1294.0,37.39090456058,37.38285080457183,37.54392592473516,37.38285080457183,42.36007201761859,53604.0,64.0005144115614,33226.0,62.07029755493755,41202.0,47.91716366325337,51.991213666812875,50.374901538412075,13.396959058978563,-11.730781418340829,,
,,16.08,16.31,16.04,,0.0,16.218,40784.0,43.53860498014693,43.16813220377127,43.78558683106403,43.06074879032906,37.39090456058,1294.0,42.36007201761859,53604.0,64.0005144115614,33226.0,41.09652718611521,51.72083757225301,50.27173675906938,13.569405892821095,16.441700172314768,,
,,16.905,17.175,16.865,,0.0,17.145,69874.0,46.02721558667031,45.38291510601701,46.107753146751975,45.27553169257479,43.53860498014693,40784.0,37.39090456058,1294.0,42.36007201761859,53604.0,42.31890837579912,52.376259906441405,50.62360919418807,13.092441121472373,5.715871254162042,,
,,26.45,26.77,26.075,,0.0,26.217,63573.0,70.38177375536515,71.00728213866606,71.8663494462038,70.00056263764527,46.02721558667031,69874.0,43.53860498014693,40784.0,37.39090456058,1294.0,53.315864774060834,52.25276898098285,52.21019912779683,12.887260121724385,52.91338582677165,,
,,23.05,23.185,22.6,,0.0,22.858,39201.0,61.36425161155497,61.87969199607761,62.24211101644509,60.67162859485267,70.38177375536515,63573.0,46.02721558667031,69874.0,43.53860498014693,40784.0,59.25774698453018,52.151905274785335,52.185079079295164,12.800083819296724,-12.812297364305591,,
,,23.725,24.28,23.69,,0.0,24.25,35660.0,65.10119439934412,63.69178709791503,65.18173195942579,63.59782661115309,61.36425161155497,39201.0,70.38177375536515,63573.0,46.02721558667031,69874.0,65.61573992208811,52.30914527304001,52.19140703044444,12.975453454645919,6.089771633563745,,
,,20.095,20.18,19.46,,0.0,19.615,27147.0,52.658141366727214,53.94674232803382,54.17493208159853,52.24203063963863,65.10119439934412,35660.0,61.36425161155497,39201.0,70.38177375536515,63573.0,59.707862459208805,53.780298037198385,53.29036121336827,12.221306944331069,-19.113402061855677,,
,,15.81,16.48,15.75,,0.0,16.276,33809.0,43.69431092963814,42.44329416303631,44.24196633819345,42.28221904287299,52.658141366727214,27147.0,65.10119439934412,35660.0,61.36425161155497,39201.0,53.81788223190319,54.68078466134955,53.335999164081215,10.981809541584768,-17.022686719347433,,
,,13.925,13.985,13.83,,0.0,13.83,1294.0,37.12781519764657,37.38285080457183,37.54392592473516,37.12781519764657,43.69431092963814,33809.0,52.658141366727214,27147.0,65.10119439934412,35660.0,44.49342249800401,53.76495754956378,52.74289756090839,12.258930341459681,-15.028262472351916,,
,,16.225,16.345,15.88,,0.0,15.989,43311.0,42.92383493819023,43.55739707749933,43.87954731782597,42.63121513656019,37.12781519764657,1294.0,43.69431092963814,33809.0,52.658141366727214,27147.0,41.248653688491686,53.32161745692377,52.84893868168258,12.635727616741363,15.610990600144593,,
,,17.86,18.02,17.83,,0.0,18.001,61599.0,48.32522063433376,47.94669410194994,48.37622775571881,47.86615654186827,42.92383493819023,43311.0,37.12781519764657,1294.0,43.69431092963814,33809.0,42.79229025672356,50.17068129677643,51.211725138879636,10.184841120599687,12.583651260241435,,
,,26.325,26.835,26.26,,0.0,26.573,46765.0,71.33748613500089,70.67170897165913,72.0408474930474,70.49721092481553,48.32522063433376,61599.0,42.92383493819023,43311.0,37.12781519764657,1294.0,54.19551390250833,51.59542908584014,51.87366718031274,12.456017279088105,47.61957669018386,,
,,22.87,23.155,22.63,,0.0,23.06,29796.0,61.906537849438166,61.39646663558764,62.16157345636344,60.75216615493433,71.33748613500089,46765.0,48.32522063433376,61599.0,42.92383493819023,43311.0,60.523081539590976,51.13904957871072,51.72409742587536,11.925948531048135,-13.220185902984237,,
,,24.105,24.36,23.705,,0.0,24.04,39624.0,64.53743147877248,64.71192952561609,65.39649878631022,63.63809539119392,61.906537849438166,29796.0,71.33748613500089,46765.0,48.32522063433376,61599.0,65.92715182107055,52.83609102328861,53.3081945302435,12.97702354303196,4.249783174327826,,
,,18.735,19.825,18.72,,0.0,19.37,42772.0,52.00041795939364,50.29570627099844,53.221904287298855,50.2554374909576,64.53743147877248,39624.0,61.906537849438166,29796.0,71.33748613500089,46765.0,59.481462429201464,54.0226777418251,54.35173120158733,12.36722233785232,-19.4259567387687,,
,,16.25,16.31,15.545,,0.0,15.599,24267.0,41.87684665712862,43.62451171090071,43.78558683106403,41.731879048981625,52.00041795939364,42772.0,64.53743147877248,39624.0,61.906537849438166,29796.0,52.80489869843162,54.7011108074654,54.233034178514586,11.376525996561625,-19.46824987093444,,
,,13.865,13.96,13.765,,0.0,13.803,16809.0,37.05533139357307,37.221775684408506,37.476811291333775,36.95331715080297,41.87684665712862,24267.0,52.00041795939364,42772.0,64.53743147877248,39624.0,43.64419867003181,53.862753158234376,53.59218530757907,12.545261136442587,-11.513558561446246,,
,,15.46,15.575,15.39,,0.0,15.54,49552.0,41.71845612230135,41.50368929541692,41.81241660906329,41.31576832189304,37.05533139357307,16809.0,41.87684665712862,24267.0,52.00041795939364,42772.0,40.21687805766772,52.91892965651545,51.54480547664595,13.259496762171104,12.584220821560521,,
,,18.065,18.065,17.8,,0.0,17.828,232.0,47.86078737119617,48.4970340958413,48.4970340958413,47.78561898178661,41.71845612230135,49552.0,37.05533139357307,16809.0,41.87684665712862,24267.0,42.211524962356904,49.5651155474005,50.58027231662032,10.507859149180048,14.723294723294721,,
,,26.835,26.88,26.345,,0.0,26.412,38811.0,70.90526789589596,72.0408474930474,72.1616538331699,70.72540067838024,47.86078737119617,232.0,41.71845612230135,49552.0,37.05533139357307,16809.0,53.49483712979787,50.85064841118019,50.99484899494545,12.60961179687148,48.148979133946604,,
,,23.095,23.39,23.07,,0.0,23.352,28585.0,62.690436767566354,62.0004983362001,62.79245101033646,61.93338370279872,70.90526789589596,38811.0,47.86078737119617,232.0,41.71845612230135,49552.0,60.4854973448862,50.58679202386502,51.711441523576816,12.290776177277547,-11.585642889595638,,
